date,channel,net_revenue,gross_revenue,order_count,item_quantity,gross_profit,discount_amount
2024-01-01,Shopee,17801376,18735967,68,136,3640189,505066
2024-01-01,Lazada,10620809,11870560,41,123,2004082,481285
2024-01-01,TikTok Shop,14225939,15070526,65,65,3279584,307169
2024-01-01,Website,8515898,9551448,27,81,1996928,282953
2024-01-02,Shopee,16338152,18477519,47,47,4180618,483275
2024-01-02,Lazada,10503119,11385644,24,24,2116708,691207
2024-01-02,TikTok Shop,15711287,16642566,61,61,3392034,638465
2024-01-02,Website,7867978,8896424,23,69,1777711,216287
2024-01-03,Shopee,15873357,16792107,39,78,4173748,906546
2024-01-03,Lazada,11517537,12758381,29,87,2153267,687318
2024-01-03,TikTok Shop,12481529,14335312,35,35,3328179,534304
2024-01-03,Website,6806107,7579065,15,30,1335803,281203
2024-01-04,Shopee,17320211,19401789,50,150,4240049,979421
2024-01-04,Lazada,8335990,9198047,28,28,1636690,356508
2024-01-04,TikTok Shop,10487357,11242043,21,42,2771653,698038
2024-01-04,Website,6726773,7615919,21,42,1480674,161250
2024-01-05,Shopee,19233536,21880778,38,76,3870993,960790
2024-01-05,Lazada,14605868,15544837,33,33,2989277,784073
2024-01-05,TikTok Shop,15328422,17239898,45,90,4135337,673899
2024-01-05,Website,7793135,8960021,24,24,1799845,198371
2024-01-06,Shopee,25761426,29267821,114,114,6253447,1739534
2024-01-06,Lazada,13702298,15204631,32,64,2989320,1092995
2024-01-06,TikTok Shop,17353114,18657051,36,108,4617281,359016
2024-01-06,Website,7783972,8703812,29,87,1985596,514644
2024-01-07,Shopee,20489832,21742892,54,108,4012232,413786
2024-01-07,Lazada,14280233,16382124,42,42,3295423,376779
2024-01-07,TikTok Shop,14845336,16837089,41,123,3576197,433044
2024-01-07,Website,9818666,10839198,34,102,2669198,549224
2024-01-08,Shopee,15657315,16470676,34,68,4194159,1094445
2024-01-08,Lazada,10467561,11241587,28,28,2803223,804086
2024-01-08,TikTok Shop,12300477,13815782,50,50,3417053,639162
2024-01-08,Website,8838870,9394297,33,66,2427904,264350
2024-01-09,Shopee,16856654,19170116,35,70,4659791,1276635
2024-01-09,Lazada,9476353,10625786,31,62,2648782,559035
2024-01-09,TikTok Shop,14575426,16615423,33,66,2799945,488012
2024-01-09,Website,6175917,6497703,16,48,1253782,205121
2024-01-10,Shopee,17317938,19409669,73,73,3513709,1287159
2024-01-10,Lazada,8306732,8780927,22,22,1726535,408067
2024-01-10,TikTok Shop,11158569,11864139,23,69,2651512,385861
2024-01-10,Website,7411545,8380602,16,16,1403988,441276
2024-01-11,Shopee,18403053,20102720,47,94,4902273,427876
2024-01-11,Lazada,11090981,11712756,44,132,2372697,795227
2024-01-11,TikTok Shop,13098168,14004025,39,117,2945272,593516
2024-01-11,Website,6983220,7655445,20,20,1566428,500564
2024-01-12,Shopee,18088600,19170133,37,111,5063510,1269126
2024-01-12,Lazada,12915394,14757603,51,51,2539568,634643
2024-01-12,TikTok Shop,16322906,18550412,52,52,3206859,328569
2024-01-12,Website,10619873,11432509,26,52,2214508,656260
2024-01-13,Shopee,22911109,25573085,46,92,4478656,866096
2024-01-13,Lazada,11152652,12356224,48,144,2075461,432905
2024-01-13,TikTok Shop,17961059,19908357,79,237,4884307,931596
2024-01-13,Website,8994432,10308319,39,39,2384732,216867
2024-01-14,Shopee,20228958,22606291,85,85,4458008,1547430
2024-01-14,Lazada,15193000,16326725,30,90,2795120,378594
2024-01-14,TikTok Shop,19439709,21427969,39,78,3896222,1224148
2024-01-14,Website,10490563,11293735,32,32,2592942,398640
2024-01-15,Shopee,15240334,17418205,41,41,2757457,872807
2024-01-15,Lazada,10490254,12059698,21,21,2452238,528217
2024-01-15,TikTok Shop,13844813,15829133,51,51,3709399,583858
2024-01-15,Website,8113246,8874418,28,84,2031184,460026
2024-01-16,Shopee,15982428,16794053,33,99,3355317,955802
2024-01-16,Lazada,10658380,11473177,39,39,2709804,312577
2024-01-16,TikTok Shop,11554886,12831505,33,99,2476074,707735
2024-01-16,Website,6224288,6850084,18,36,1683879,440469
2024-01-17,Shopee,18622433,20734746,74,148,3434138,745147
2024-01-17,Lazada,12683264,14125495,47,94,2487926,589900
2024-01-17,TikTok Shop,13216795,14618974,31,31,2478471,964646
2024-01-17,Website,8147723,8999641,29,58,1941203,235352
2024-01-18,Shopee,17715304,18675171,66,132,4781328,1200519
2024-01-18,Lazada,10069791,11478479,45,45,2499389,604349
2024-01-18,TikTok Shop,13918783,15700549,36,72,3860844,904285
2024-01-18,Website,8619483,9795702,26,26,2311242,185208
2024-01-19,Shopee,21990751,24810815,58,116,5722510,1579900
2024-01-19,Lazada,16863718,18156837,51,153,3217759,1219753
2024-01-19,TikTok Shop,11897782,12757318,26,52,2557617,823709
2024-01-19,Website,10398846,11150604,32,96,2072625,412790
2024-01-20,Shopee,22330192,25605784,94,188,4803551,1129111
2024-01-20,Lazada,13696975,14835399,28,28,2623439,1071433
2024-01-20,TikTok Shop,17554973,19451945,59,118,3227055,979467
2024-01-20,Website,7212202,8098254,18,36,1612933,570155
2024-01-21,Shopee,21530087,23435921,82,246,4284657,487941
2024-01-21,Lazada,14824684,15568426,34,102,3686687,1132840
2024-01-21,TikTok Shop,20455820,22223656,67,67,5623048,1539224
2024-01-21,Website,8887602,9921575,24,24,2239457,337901
2024-01-22,Shopee,15369184,17162603,42,84,3384910,580022
2024-01-22,Lazada,10282938,10994353,38,114,2817899,623548
2024-01-22,TikTok Shop,14842278,16497956,50,100,3274318,1039308
2024-01-22,Website,7582269,8178928,21,42,1960592,427638
2024-01-23,Shopee,15948318,17487312,43,86,3948209,808108
2024-01-23,Lazada,11622841,12969755,40,80,2691213,673851
2024-01-23,TikTok Shop,13537385,14340676,36,36,3347519,453211
2024-01-23,Website,8147417,8674843,26,26,1666018,395216
2024-01-24,Shopee,15605815,17096820,65,195,3707428,984739
2024-01-24,Lazada,10524496,11571027,26,26,2049721,644703
2024-01-24,TikTok Shop,12759722,14390951,49,49,2521177,988597
2024-01-24,Website,6020846,6601587,12,36,1233791,426879
2024-01-25,Shopee,17657933,18776279,40,80,4357232,1399807
2024-01-25,Lazada,11305403,12944731,30,60,2727601,714009
2024-01-25,TikTok Shop,13406221,14648630,28,84,3010921,396147
2024-01-25,Website,7102276,7777042,15,15,1874904,260218
2024-01-26,Shopee,18413887,20226913,38,38,3820140,453884
2024-01-26,Lazada,13539598,14534073,38,76,2870002,709599
2024-01-26,TikTok Shop,16711380,17799008,61,122,4167734,1042542
2024-01-26,Website,8591052,9377020,36,72,2012549,386137
2024-01-27,Shopee,21765334,24666416,70,140,5887171,1198068
2024-01-27,Lazada,14959957,16989622,71,213,3261841,304491
2024-01-27,TikTok Shop,21386000,23093913,55,110,5674664,1651124
2024-01-27,Website,9711372,10719627,23,69,2278416,545732
2024-01-28,Shopee,22894928,25157473,72,144,5118930,497770
2024-01-28,Lazada,14149382,15803266,37,74,3571561,996546
2024-01-28,TikTok Shop,13431766,15420637,50,150,2453939,586179
2024-01-28,Website,9487667,10591083,19,19,2317600,267002
2024-01-29,Shopee,17217549,18391319,38,76,3751883,563007
2024-01-29,Lazada,14237228,15429597,38,76,2958861,1097295
2024-01-29,TikTok Shop,13120968,14108021,31,31,2978862,852095
2024-01-29,Website,7591096,8729691,33,66,1536607,183075
2024-01-30,Shopee,17033253,19169620,77,77,3405562,361493
2024-01-30,Lazada,9453691,10151889,33,66,2334550,508969
2024-01-30,TikTok Shop,15282292,16757085,48,96,3922809,459498
2024-01-30,Website,7991945,9013150,30,30,2209550,211674
2024-01-31,Shopee,18739621,21417302,87,261,4642455,1452140
2024-01-31,Lazada,9801836,11214742,24,24,1838821,602194
2024-01-31,TikTok Shop,15711189,16656848,47,94,4163926,880215
2024-01-31,Website,6101091,6891931,23,69,1575689,249121
2024-02-01,Shopee,12221018,13640515,28,28,2818119,494632
2024-02-01,Lazada,9268722,10494354,22,22,2070191,386796
2024-02-01,TikTok Shop,7904227,8858511,17,34,1561984,405525
2024-02-01,Website,4560493,5069404,13,39,1174163,218413
2024-02-02,Shopee,15028793,16264618,44,44,3953671,378722
2024-02-02,Lazada,8970386,9637660,20,40,2125847,539042
2024-02-02,TikTok Shop,9497474,9999606,25,50,1882247,310826
2024-02-02,Website,6417167,6956426,19,57,1605051,234715
2024-02-03,Shopee,12965962,14284117,63,63,2444879,819507
2024-02-03,Lazada,10095960,11161262,22,22,2514509,593180
2024-02-03,TikTok Shop,10387732,11372670,22,22,1966453,345868
2024-02-03,Website,7553228,8162174,23,69,1638311,401895
2024-02-04,Shopee,13471819,14718641,35,105,3166401,553808
2024-02-04,Lazada,9189474,9897905,20,40,1865958,581483
2024-02-04,TikTok Shop,12823628,13618122,35,105,3527623,787497
2024-02-04,Website,5431343,5820436,18,36,1127818,300762
2024-02-05,Shopee,11757393,13046934,24,24,3095285,444133
2024-02-05,Lazada,8511576,9089888,21,21,2134719,234877
2024-02-05,TikTok Shop,7257865,8327888,32,96,1518444,556282
2024-02-05,Website,5013675,5315793,10,10,1190279,241478
2024-02-06,Shopee,11809141,12801943,27,27,2423801,846755
2024-02-06,Lazada,8052694,9117353,30,60,1845473,439848
2024-02-06,TikTok Shop,7662390,8161769,33,99,2106487,192409
2024-02-06,Website,4130304,4385743,12,24,993882,278566
2024-02-07,Shopee,12176711,13730087,38,76,2740387,566987
2024-02-07,Lazada,7629029,8243455,17,51,1419175,592062
2024-02-07,TikTok Shop,9274137,10616653,36,36,2249456,332745
2024-02-07,Website,5115169,5451265,21,21,1203084,150345
2024-02-08,Shopee,10530340,11531253,25,75,2390295,231229
2024-02-08,Lazada,7576433,8490875,21,63,2015033,183886
2024-02-08,TikTok Shop,9325835,10653751,28,84,2228678,636342
2024-02-08,Website,4492761,4908404,14,42,909699,130018
2024-02-09,Shopee,18254241,20675905,53,53,3394628,1233215
2024-02-09,Lazada,10133332,11573473,20,40,1950011,621383
2024-02-09,TikTok Shop,10043565,11492526,24,72,2350176,464671
2024-02-09,Website,6895711,7853817,31,93,1463492,241502
2024-02-10,Shopee,13178462,14139072,53,159,3473788,718384
2024-02-10,Lazada,10500155,12074729,49,147,2752533,573044
2024-02-10,TikTok Shop,13356283,14652511,45,135,2994785,490034
2024-02-10,Website,5766110,6420439,13,26,1596668,277930
2024-02-11,Shopee,16659443,18047688,40,120,3172957,493944
2024-02-11,Lazada,10075366,11278036,24,48,2481143,443590
2024-02-11,TikTok Shop,12890593,13582427,26,26,2725738,507843
2024-02-11,Website,7856614,8928972,19,19,1930889,412909
2024-02-12,Shopee,11155541,11773786,26,78,2411582,729423
2024-02-12,Lazada,6720677,7567476,15,15,1389202,187243
2024-02-12,TikTok Shop,8067015,8823795,22,66,1843081,175314
2024-02-12,Website,4443758,4981356,13,26,1044656,236119
2024-02-13,Shopee,11394590,12220357,45,45,2576827,308201
2024-02-13,Lazada,7696177,8464544,27,81,1609934,479662
2024-02-13,TikTok Shop,9336538,10582708,22,44,1908137,495545
2024-02-13,Website,5418262,5792453,13,39,1250665,394230
2024-02-14,Shopee,11525955,12420654,48,96,2466411,775271
2024-02-14,Lazada,8688389,9835734,25,50,2194731,610347
2024-02-14,TikTok Shop,8754837,9950100,19,38,2047389,356387
2024-02-14,Website,6541905,7368064,13,26,1475425,257140
2024-02-15,Shopee,12379547,14212679,41,41,2936178,421075
2024-02-15,Lazada,6641087,7002128,15,45,1509503,496792
2024-02-15,TikTok Shop,7884832,8583490,19,57,2044059,466160
2024-02-15,Website,5220720,5740353,18,18,1005639,406805
2024-02-16,Shopee,14576941,16573545,38,76,2769199,1087826
2024-02-16,Lazada,10454122,11732080,50,100,2792226,817485
2024-02-16,TikTok Shop,12437238,13643017,51,102,2659780,765665
2024-02-16,Website,6363298,7223466,26,78,1692219,272353
2024-02-17,Shopee,13464721,14981925,36,72,3598289,298297
2024-02-17,Lazada,7883493,8462748,33,99,2145042,629462
2024-02-17,TikTok Shop,11145068,12185986,45,45,2853549,693596
2024-02-17,Website,7083409,7751855,28,84,1487138,153971
2024-02-18,Shopee,15382087,17375826,41,82,3320167,705133
2024-02-18,Lazada,8199610,9045126,24,72,2034979,252576
2024-02-18,TikTok Shop,12028075,12724463,41,82,2910446,414365
2024-02-18,Website,6724381,7216733,24,72,1381173,237502
2024-02-19,Shopee,10318716,11762210,50,100,2787301,625899
2024-02-19,Lazada,7557386,7991076,26,52,2106736,286797
2024-02-19,TikTok Shop,9132851,10219946,21,42,2415917,291822
2024-02-19,Website,4268487,4846157,10,10,869579,231844
2024-02-20,Shopee,12045893,13843974,33,66,2194689,840830
2024-02-20,Lazada,7924659,8538408,19,57,2111975,528564
2024-02-20,TikTok Shop,10254443,11700952,45,135,2355166,761385
2024-02-20,Website,5575958,6287306,15,15,1342169,229391
2024-02-21,Shopee,9646393,10727649,32,96,2465210,637127
2024-02-21,Lazada,6593391,7337290,24,72,1612968,254083
2024-02-21,TikTok Shop,9641713,10155968,22,44,2441629,244977
2024-02-21,Website,5258374,5693094,14,28,1038865,146864
2024-02-22,Shopee,12278721,13968839,25,50,2861989,918562
2024-02-22,Lazada,10870945,11693843,37,74,3008408,409927
2024-02-22,TikTok Shop,9708453,10974661,25,50,2682342,276161
2024-02-22,Website,5631344,6397286,17,51,1393423,246905
2024-02-23,Shopee,16764346,18215761,34,68,3040916,875004
2024-02-23,Lazada,10425928,11331509,23,69,2577645,574193
2024-02-23,TikTok Shop,11371812,12063612,28,28,2583081,650158
2024-02-23,Website,7033842,7616248,14,42,1421798,167356
2024-02-24,Shopee,13655548,15580144,30,60,3344571,368707
2024-02-24,Lazada,9400928,10760548,42,84,2628431,253517
2024-02-24,TikTok Shop,11137305,12682338,34,34,2437562,470670
2024-02-24,Website,6513976,7112693,13,39,1645821,476333
2024-02-25,Shopee,19243690,21810207,76,228,4249230,1483521
2024-02-25,Lazada,7512343,8406522,34,34,1685306,578701
2024-02-25,TikTok Shop,12807733,13575370,32,96,2775865,949076
2024-02-25,Website,5205387,5497175,13,26,1035772,142261
2024-02-26,Shopee,10935524,11582550,24,24,2670132,610517
2024-02-26,Lazada,8425783,8889689,39,78,1721867,232176
2024-02-26,TikTok Shop,9178255,9825511,18,54,1842220,302489
2024-02-26,Website,4325492,4683884,13,13,1119716,241185
2024-02-27,Shopee,10603383,12043753,30,30,2955722,555754
2024-02-27,Lazada,8064590,8556471,27,27,1557920,334636
2024-02-27,TikTok Shop,8314756,9220111,25,25,1641538,192436
2024-02-27,Website,5100122,5623438,12,36,950437,239178
2024-02-28,Shopee,11669469,12851864,29,29,2627971,388511
2024-02-28,Lazada,6877609,7721659,30,90,1596603,326566
2024-02-28,TikTok Shop,11465075,12108066,52,104,3035148,522537
2024-02-28,Website,5352374,5882402,20,40,1002762,132993
2024-02-29,Shopee,8790842,9288125,31,62,2131179,484568
2024-02-29,Lazada,7632537,8304891,20,60,1778806,360431
2024-02-29,TikTok Shop,8399884,8903186,19,57,1608086,497968
2024-02-29,Website,5486107,6155873,11,11,1223440,402052
2024-03-01,Shopee,13669382,14816149,32,64,3005528,871789
2024-03-01,Lazada,9577295,10464885,26,78,1968029,739516
2024-03-01,TikTok Shop,12588243,13302164,28,28,2383244,324699
2024-03-01,Website,7146588,8084055,18,54,1329252,553128
2024-03-02,Shopee,12937988,14011383,26,26,2860342,936923
2024-03-02,Lazada,9326814,10602808,22,66,1726809,347496
2024-03-02,TikTok Shop,11199287,12153070,30,90,2584138,327958
2024-03-02,Website,5970036,6402413,13,13,1283626,318656
2024-03-03,Shopee,18328330,20642475,70,210,3713611,838461
2024-03-03,Lazada,10195202,11698532,20,60,2460687,597051
2024-03-03,TikTok Shop,10085285,11203737,47,141,2651886,363543
2024-03-03,Website,7195728,7752152,24,48,1958344,295467
2024-03-04,Shopee,14605482,16606233,49,147,3589070,353089
2024-03-04,Lazada,8410674,8908383,38,114,1694863,380078
2024-03-04,TikTok Shop,7478870,7970538,19,38,1885869,498169
2024-03-04,Website,4699099,5214225,9,9,918946,306692
2024-03-05,Shopee,13418838,14994167,59,118,3009997,609764
2024-03-05,Lazada,6852117,7478526,15,15,1750677,183836
2024-03-05,TikTok Shop,9639420,10228283,22,66,2389117,474240
2024-03-05,Website,5456037,5753619,15,30,1519204,127054
2024-03-06,Shopee,10358595,11188753,33,33,2659413,682110
2024-03-06,Lazada,7438981,8055019,21,21,1709021,340998
2024-03-06,TikTok Shop,5595671,6088206,20,60,1135983,299499
2024-03-06,Website,4380982,4631607,11,33,807109,92546
2024-03-07,Shopee,11308546,12848894,46,138,2520996,500577
2024-03-07,Lazada,6374444,6877716,15,30,1160695,251702
2024-03-07,TikTok Shop,10957934,12417559,24,48,2069000,774387
2024-03-07,Website,4140258,4527653,12,24,962181,181120
2024-03-08,Shopee,14368659,16158713,39,39,3064934,432324
2024-03-08,Lazada,9904947,11027400,21,63,2287995,736486
2024-03-08,TikTok Shop,13980483,15170362,36,108,3655948,477799
2024-03-08,Website,5381104,5787898,19,19,1292756,353070
2024-03-09,Shopee,17297452,18468742,72,216,3968238,1128948
2024-03-09,Lazada,9769782,10923724,22,66,2386750,773688
2024-03-09,TikTok Shop,10521520,11956915,28,84,2226500,488049
2024-03-09,Website,6865929,7512842,15,30,1782622,380957
2024-03-10,Shopee,15550696,17117175,40,80,3517167,346103
2024-03-10,Lazada,9060413,10266985,23,23,2214969,712530
2024-03-10,TikTok Shop,12033307,13375031,48,144,2628655,659663
2024-03-10,Website,6208135,6797742,28,84,1522134,243928
2024-03-11,Shopee,11849242,13035786,26,26,2666699,813545
2024-03-11,Lazada,8112109,9314637,21,21,1869475,246231
2024-03-11,TikTok Shop,10933108,12253414,33,66,2540929,618686
2024-03-11,Website,4265825,4638169,10,20,933114,283540
2024-03-12,Shopee,14691011,16585016,64,192,3136016,584430
2024-03-12,Lazada,5758053,6436570,11,22,1181550,409363
2024-03-12,TikTok Shop,9023102,9775053,32,96,2222942,676776
2024-03-12,Website,5366908,6154607,14,42,1321405,148862
2024-03-13,Shopee,12098647,13078132,49,98,2956296,480420
2024-03-13,Lazada,6961777,7776386,26,78,1947323,520371
2024-03-13,TikTok Shop,8966333,9993897,36,72,2069868,189134
2024-03-13,Website,4719253,5040286,13,13,1010738,311326
2024-03-14,Shopee,10882754,11673433,36,36,2127519,410797
2024-03-14,Lazada,8296048,9132032,32,96,2186108,605785
2024-03-14,TikTok Shop,9595709,10710663,43,129,1852979,408808
2024-03-14,Website,4601674,4914978,16,48,1183136,315411
2024-03-15,Shopee,16877876,18938973,58,58,3731460,1022492
2024-03-15,Lazada,10154022,11646246,31,93,2117040,659120
2024-03-15,TikTok Shop,13136607,14100838,30,30,2771125,900087
2024-03-15,Website,7021871,8007724,15,15,1522230,539475
2024-03-16,Shopee,13726185,15046205,31,62,3538781,688703
2024-03-16,Lazada,9140061,10480239,21,21,2377567,258699
2024-03-16,TikTok Shop,13050223,13770830,39,78,3489782,695217
2024-03-16,Website,7010969,7860279,27,81,1858724,260133
2024-03-17,Shopee,15213346,16389020,53,159,2962569,703592
2024-03-17,Lazada,9942642,11251793,31,62,2714810,446363
2024-03-17,TikTok Shop,13820692,15205536,33,33,3021433,344084
2024-03-17,Website,6072390,6393126,19,19,1602611,358257
2024-03-18,Shopee,12509685,13307302,45,90,3399377,604809
2024-03-18,Lazada,7363398,8290333,26,52,1655735,149588
2024-03-18,TikTok Shop,8982566,9448765,37,37,2366873,475432
2024-03-18,Website,5694354,6220087,11,22,1160304,155518
2024-03-19,Shopee,12909441,14096884,39,117,2913807,344056
2024-03-19,Lazada,8288137,9197130,17,17,2015638,451727
2024-03-19,TikTok Shop,10674792,11519458,38,38,2577759,367574
2024-03-19,Website,5046688,5393554,12,36,951611,396060
2024-03-20,Shopee,12714799,14562773,53,159,2933721,1008282
2024-03-20,Lazada,7274194,7652695,14,28,1341023,314339
2024-03-20,TikTok Shop,9593722,10316753,24,24,2069456,230763
2024-03-20,Website,4958336,5569670,15,45,943901,272283
2024-03-21,Shopee,11896881,12650441,31,62,2791025,818631
2024-03-21,Lazada,8099926,9177527,27,81,1834328,499955
2024-03-21,TikTok Shop,8332757,9425596,28,28,2096559,638425
2024-03-21,Website,6305476,6805779,28,28,1633818,461229
2024-03-22,Shopee,13450402,15378344,36,108,2956700,927060
2024-03-22,Lazada,8401032,9033893,18,54,1672732,347958
2024-03-22,TikTok Shop,13689491,15559199,60,120,2838128,930345
2024-03-22,Website,7178707,8176179,16,48,1607841,555551
2024-03-23,Shopee,16452548,18877199,43,86,4100088,691679
2024-03-23,Lazada,10581628,11392943,22,22,2674063,261743
2024-03-23,TikTok Shop,12008626,13264097,40,80,2284759,476445
2024-03-23,Website,5853503,6325585,16,48,1473715,175597
2024-03-24,Shopee,15454616,16770650,35,35,3905095,1154405
2024-03-24,Lazada,9045506,9746131,21,21,1696070,526908
2024-03-24,TikTok Shop,13441537,14803280,34,102,3332709,1037248
2024-03-24,Website,6447871,7317476,23,69,1664397,142420
2024-03-25,Shopee,10620285,11401933,45,135,2300703,456367
2024-03-25,Lazada,7285745,7673627,14,14,1806181,560488
2024-03-25,TikTok Shop,9720949,10638547,24,24,2307677,503230
2024-03-25,Website,4710248,5093843,11,22,965418,126267
2024-03-26,Shopee,10631229,11693336,35,70,2884829,287741
2024-03-26,Lazada,7804231,8743890,23,23,2182348,289807
2024-03-26,TikTok Shop,9539927,10207892,20,20,2530777,449546
2024-03-26,Website,4747488,5458312,10,30,1313896,375975
2024-03-27,Shopee,11134897,12481708,29,87,2607984,818191
2024-03-27,Lazada,7798268,8743269,27,81,1900984,527333
2024-03-27,TikTok Shop,7661630,8216517,16,16,1985945,262060
2024-03-27,Website,4203726,4424961,9,27,997240,201965
2024-03-28,Shopee,10790907,11470487,22,22,2013311,473609
2024-03-28,Lazada,7397054,8155767,16,32,1940498,180673
2024-03-28,TikTok Shop,9624671,10724134,26,52,2180790,491259
2024-03-28,Website,5957013,6777866,22,66,1453388,184178
2024-03-29,Shopee,16941721,18521736,63,63,4458029,865487
2024-03-29,Lazada,9685277,10329015,26,52,2648669,324730
2024-03-29,TikTok Shop,12041659,13721381,25,25,2469269,699662
2024-03-29,Website,5791218,6239719,11,33,1217792,301194
2024-03-30,Shopee,15335755,17085545,33,99,4204461,448596
2024-03-30,Lazada,9538394,10818952,25,75,1756204,685113
2024-03-30,TikTok Shop,12544021,13228250,51,153,3225096,450071
2024-03-30,Website,5933214,6684927,19,38,1434715,129446
2024-03-31,Shopee,16337444,17627565,33,66,3729748,1115542
2024-03-31,Lazada,11704911,12638300,28,28,2912900,345117
2024-03-31,TikTok Shop,11925796,13099593,28,28,2552350,341318
2024-03-31,Website,6908722,7761396,18,36,1917429,192380
2024-04-01,Shopee,12817308,14118239,32,32,2716136,615082
2024-04-01,Lazada,7243130,7930934,21,21,1373885,270985
2024-04-01,TikTok Shop,9550601,10853459,23,46,1956221,686864
2024-04-01,Website,5080666,5748000,17,51,1280901,159482
2024-04-02,Shopee,11982825,13179029,42,126,2716285,871685
2024-04-02,Lazada,6907716,7269112,14,28,1592536,538810
2024-04-02,TikTok Shop,9333371,10344496,29,29,1727178,463809
2024-04-02,Website,5379341,5802022,12,12,1424004,246673
2024-04-03,Shopee,13914700,15622741,41,82,3013837,612732
2024-04-03,Lazada,8495485,9397549,17,34,1999177,207391
2024-04-03,TikTok Shop,11717423,12830993,25,75,2436897,929724
2024-04-03,Website,4611317,4901214,17,17,1011679,312158
2024-04-04,Shopee,13099277,14484961,34,68,3346820,418436
2024-04-04,Lazada,7790714,8492959,16,16,1437623,219871
2024-04-04,TikTok Shop,11765287,13299441,31,93,2655412,663275
2024-04-04,Website,4589067,4882667,9,27,972208,199979
2024-04-05,Shopee,13870225,15387246,38,114,3645497,720425
2024-04-05,Lazada,9202539,9938549,18,18,1995440,556095
2024-04-05,TikTok Shop,9030447,10009079,21,63,2413025,521559
2024-04-05,Website,6193440,6667566,13,39,1599706,412296
2024-04-06,Shopee,14027662,15741001,43,129,3198936,721778
2024-04-06,Lazada,10100658,10754954,25,75,2062753,549013
2024-04-06,TikTok Shop,12623712,13495739,49,98,2668265,367172
2024-04-06,Website,8103569,8841300,26,78,2204593,586448
2024-04-07,Shopee,17203953,19278363,73,219,3453421,679607
2024-04-07,Lazada,9240188,10187748,20,40,2547229,439646
2024-04-07,TikTok Shop,10825435,11737291,22,44,2680235,780073
2024-04-07,Website,7008980,7787031,20,20,1932612,257513
2024-04-08,Shopee,10002925,10728004,28,56,2571926,623123
2024-04-08,Lazada,9320301,10081808,20,40,2200046,708987
2024-04-08,TikTok Shop,10660775,11500619,31,93,2640271,456086
2024-04-08,Website,4807202,5440973,11,11,1004923,179106
2024-04-09,Shopee,9448083,10247734,39,78,2320423,612617
2024-04-09,Lazada,8887624,9511595,28,84,1840745,477453
2024-04-09,TikTok Shop,9216062,9803377,26,78,2341701,316636
2024-04-09,Website,5854098,6538930,25,75,1185848,198865
2024-04-10,Shopee,9623157,10502042,38,114,2186770,585776
2024-04-10,Lazada,7099774,7458441,26,78,1972254,209276
2024-04-10,TikTok Shop,9355883,10270373,20,20,2391281,348364
2024-04-10,Website,5128752,5716455,14,14,1257723,174035
2024-04-11,Shopee,11263928,12855780,51,51,2498210,791362
2024-04-11,Lazada,8226613,9458278,37,74,2129015,256495
2024-04-11,TikTok Shop,8156925,9279924,23,23,1711643,458150
2024-04-11,Website,5015812,5409334,13,39,1175356,248959
2024-04-12,Shopee,15711780,17834535,58,116,3256796,1076710
2024-04-12,Lazada,10571354,11271700,28,56,2588169,667220
2024-04-12,TikTok Shop,13208483,14841867,63,126,3127480,864323
2024-04-12,Website,5741982,6379890,19,57,1548637,399753
2024-04-13,Shopee,12644345,13691204,26,52,3122212,393073
2024-04-13,Lazada,11490020,12613117,41,41,2076051,494237
2024-04-13,TikTok Shop,12662019,14249528,29,58,2661488,802429
2024-04-13,Website,6045153,6505524,29,58,1506917,143436
2024-04-14,Shopee,18392734,20168359,70,70,4056364,922418
2024-04-14,Lazada,10106771,11309770,27,81,2745131,381048
2024-04-14,TikTok Shop,13907770,14907918,44,44,3168443,657820
2024-04-14,Website,6699444,7313010,16,48,1817423,438419
2024-04-15,Shopee,14886403,16764858,47,141,3803088,1077598
2024-04-15,Lazada,9288642,10241199,38,114,2325659,229301
2024-04-15,TikTok Shop,9097341,9654288,18,54,2458909,292292
2024-04-15,Website,5711350,6082504,11,22,1516070,265637
2024-04-16,Shopee,12866850,14432640,41,82,2433046,651352
2024-04-16,Lazada,8937838,9790000,39,117,1980111,481166
2024-04-16,TikTok Shop,8296535,9094975,16,32,2093448,363031
2024-04-16,Website,5539345,6229439,27,81,1037536,251607
2024-04-17,Shopee,13466654,14868753,57,57,3682568,325100
2024-04-17,Lazada,6060329,6382578,13,26,1199934,170451
2024-04-17,TikTok Shop,8055417,8759832,19,38,1811290,604373
2024-04-17,Website,3867851,4206538,9,27,1069130,280316
2024-04-18,Shopee,11569477,12904055,42,84,2219758,920593
2024-04-18,Lazada,8347804,9206661,20,60,2319625,585092
2024-04-18,TikTok Shop,11087577,12726865,52,104,2742512,583946
2024-04-18,Website,5169559,5624107,10,10,1058474,210761
2024-04-19,Shopee,18591268,19871240,53,159,4769571,407763
2024-04-19,Lazada,8341917,9271977,19,19,1702307,200518
2024-04-19,TikTok Shop,9721643,10641739,44,132,2433606,222826
2024-04-19,Website,6620672,7218033,29,29,1549078,432086
2024-04-20,Shopee,16278173,17320197,70,140,3311243,1220600
2024-04-20,Lazada,9964253,11037876,27,81,2609022,340919
2024-04-20,TikTok Shop,9193190,10559019,33,99,1857983,349618
2024-04-20,Website,6597679,7294868,28,84,1767989,492811
2024-04-21,Shopee,13132814,14519443,30,30,3640797,1004597
2024-04-21,Lazada,10813708,12204140,27,54,2699435,481162
2024-04-21,TikTok Shop,12771830,13891230,35,105,2903700,906295
2024-04-21,Website,5920293,6723997,16,16,1542696,443338
2024-04-22,Shopee,11245018,12271326,22,44,2650773,315373
2024-04-22,Lazada,6724778,7232496,20,40,1645355,506602
2024-04-22,TikTok Shop,9345178,9898846,23,69,2457227,215801
2024-04-22,Website,5724673,6396562,14,42,1053081,139493
2024-04-23,Shopee,10572619,11330693,21,21,2822333,422671
2024-04-23,Lazada,8174753,8756638,39,39,2257930,221037
2024-04-23,TikTok Shop,8822001,10069822,19,57,2121163,284693
2024-04-23,Website,4650051,5139273,14,28,1014019,241891
2024-04-24,Shopee,11843902,12801389,30,60,2739277,590260
2024-04-24,Lazada,6754821,7634850,26,78,1533000,475430
2024-04-24,TikTok Shop,8800690,9566970,28,56,1624357,632286
2024-04-24,Website,4402861,4630146,15,45,1204076,241050
2024-04-25,Shopee,14835383,16015081,35,35,3159737,634812
2024-04-25,Lazada,7750158,8524632,23,69,2126228,311974
2024-04-25,TikTok Shop,8640481,9907614,18,54,2194331,411717
2024-04-25,Website,5277111,5630290,13,39,1238299,163817
2024-04-26,Shopee,15405112,17700972,31,31,3580062,1083659
2024-04-26,Lazada,9772413,11184710,40,120,1806445,199191
2024-04-26,TikTok Shop,13173655,14942277,48,48,2460796,382850
2024-04-26,Website,7300745,8035005,23,46,1358267,425369
2024-04-27,Shopee,14630029,16326066,32,32,2643079,776834
2024-04-27,Lazada,9350397,9833556,45,135,1939965,735397
2024-04-27,TikTok Shop,11871348,13061113,56,168,2937011,811645
2024-04-27,Website,4846577,5140773,16,16,1126531,167004
2024-04-28,Shopee,12791217,13753651,26,52,2644360,560432
2024-04-28,Lazada,11698800,13406003,29,58,2766769,929048
2024-04-28,TikTok Shop,14708455,15885094,46,46,3609066,1051554
2024-04-28,Website,6499969,6885743,30,60,1415153,315640
2024-04-29,Shopee,12865525,14413049,62,62,2958889,592259
2024-04-29,Lazada,8024421,8879709,21,21,2162414,603028
2024-04-29,TikTok Shop,12947613,13868729,40,120,3479741,628348
2024-04-29,Website,5849838,6682948,26,78,1594423,432646
2024-04-30,Shopee,11855185,13228145,23,23,3235003,460800
2024-04-30,Lazada,6852494,7597385,22,66,1795972,518956
2024-04-30,TikTok Shop,7636362,8142233,21,21,1807295,541926
2024-04-30,Website,5285985,5725636,10,30,1025455,419224
2024-05-01,Shopee,10953589,12049816,45,90,2030463,506333
2024-05-01,Lazada,6422743,6962634,26,78,1769375,281330
2024-05-01,TikTok Shop,8731084,9193504,23,46,2255718,410649
2024-05-01,Website,4492916,4877425,14,28,1002751,273087
2024-05-02,Shopee,14494417,15343346,36,108,3037130,504217
2024-05-02,Lazada,8568819,9067557,35,35,1868003,574397
2024-05-02,TikTok Shop,9461939,10634893,33,66,2044441,241196
2024-05-02,Website,6083447,6658172,16,32,1157212,153533
2024-05-03,Shopee,15824870,17326402,37,111,3659408,414573
2024-05-03,Lazada,9037787,9809537,36,36,2166289,606131
2024-05-03,TikTok Shop,14571136,15317675,36,72,3187873,365473
2024-05-03,Website,7154258,8159579,14,14,1696962,215880
2024-05-04,Shopee,13735672,14655278,34,68,2886045,681117
2024-05-04,Lazada,9855043,10512579,42,84,2188906,483428
2024-05-04,TikTok Shop,11031392,11981333,45,45,2780903,548791
2024-05-04,Website,5607913,6145073,18,18,1180274,431413
2024-05-05,Shopee,17442141,19782202,46,92,4542067,693718
2024-05-05,Lazada,12403458,13557744,33,99,3440999,349374
2024-05-05,TikTok Shop,10263800,11396114,27,81,2053634,398759
2024-05-05,Website,7181985,8236821,17,34,1820543,416369
2024-05-06,Shopee,11138672,12058600,34,68,2914428,485380
2024-05-06,Lazada,7312980,8360247,28,28,1749431,385670
2024-05-06,TikTok Shop,8818169,9282812,18,54,1994337,551153
2024-05-06,Website,4641151,5243426,10,30,867505,328906
2024-05-07,Shopee,12159389,13585659,29,29,2958788,419758
2024-05-07,Lazada,6996573,7846821,24,48,1311133,555822
2024-05-07,TikTok Shop,9806772,10868104,21,63,2262042,737700
2024-05-07,Website,5149766,5687219,12,24,1288283,353984
2024-05-08,Shopee,11749162,12465120,48,48,2887476,485247
2024-05-08,Lazada,6929134,7665854,31,93,1716674,304723
2024-05-08,TikTok Shop,8846204,10142807,23,46,1686037,229262
2024-05-08,Website,5653914,6225341,17,51,1333189,346358
2024-05-09,Shopee,12830512,14043994,40,80,2903626,779753
2024-05-09,Lazada,6867796,7314714,14,14,1567761,259094
2024-05-09,TikTok Shop,9622852,10215686,39,117,1868445,372534
2024-05-09,Website,5654693,6380909,12,36,1290925,274647
2024-05-10,Shopee,12589226,14127622,29,58,2667543,478590
2024-05-10,Lazada,10780389,11343756,41,82,2639007,653597
2024-05-10,TikTok Shop,11385941,13014042,39,117,2327187,346898
2024-05-10,Website,7208980,7808038,25,50,1988570,244466
2024-05-11,Shopee,14309348,15925961,34,34,3492166,657201
2024-05-11,Lazada,7933126,8914762,36,36,1784616,363124
2024-05-11,TikTok Shop,9959427,11159275,49,49,2069912,619731
2024-05-11,Website,6789854,7521357,29,87,1349117,268600
2024-05-12,Shopee,16252425,17250250,36,108,4327430,839647
2024-05-12,Lazada,9032674,10023532,24,72,1980454,242563
2024-05-12,TikTok Shop,13332784,15126734,34,102,2629928,805505
2024-05-12,Website,5408012,6175237,15,45,1019276,151624
2024-05-13,Shopee,12034806,12923664,45,45,2386556,741419
2024-05-13,Lazada,6665207,7257386,14,42,1291629,286755
2024-05-13,TikTok Shop,8785943,9652826,29,87,2190716,515872
2024-05-13,Website,5228571,5780140,17,34,1092162,163267
2024-05-14,Shopee,10884756,12103207,24,48,2995313,534186
2024-05-14,Lazada,7442918,8421822,24,72,1715919,369900
2024-05-14,TikTok Shop,10688642,11667326,23,46,2446309,266791
2024-05-14,Website,4841881,5469331,22,22,1012965,176686
2024-05-15,Shopee,13362938,14416833,27,54,3161204,886669
2024-05-15,Lazada,6749078,7457546,14,14,1601363,243462
2024-05-15,TikTok Shop,10149179,11492202,20,40,2376982,663829
2024-05-15,Website,6105404,6744245,14,28,1161502,426183
2024-05-16,Shopee,8547749,9229611,25,25,1923015,349728
2024-05-16,Lazada,7064959,7728408,28,28,1819673,241740
2024-05-16,TikTok Shop,10209186,11598706,26,78,2483661,305856
2024-05-16,Website,5081105,5733950,18,18,1323852,275419
2024-05-17,Shopee,16510691,17800316,34,102,3249927,1300052
2024-05-17,Lazada,9424966,10168910,26,52,2594125,479400
2024-05-17,TikTok Shop,12548599,13346174,50,100,3411674,998231
2024-05-17,Website,6647747,7446426,24,24,1362574,416705
2024-05-18,Shopee,18032129,20306834,54,162,3953906,514462
2024-05-18,Lazada,10477713,11659403,30,60,2359572,607892
2024-05-18,TikTok Shop,12930134,14097533,51,153,2687174,985020
2024-05-18,Website,6443186,7058314,16,32,1370652,129820
2024-05-19,Shopee,14898942,16732900,59,118,3627655,921311
2024-05-19,Lazada,9645092,10894786,41,82,1946216,441539
2024-05-19,TikTok Shop,13022397,14317754,41,82,3422733,524351
2024-05-19,Website,6439481,7126021,23,46,1666733,474263
2024-05-20,Shopee,12603535,13291616,55,165,3256614,599612
2024-05-20,Lazada,9780047,11178039,36,36,2191988,195998
2024-05-20,TikTok Shop,10570400,11312778,24,72,2863952,770887
2024-05-20,Website,5015779,5346307,14,28,949657,208787
2024-05-21,Shopee,13943703,15159376,57,171,2740670,610462
2024-05-21,Lazada,7450852,8364318,20,20,1660967,189788
2024-05-21,TikTok Shop,7233573,7596037,28,56,1358421,402337
2024-05-21,Website,4591172,5132922,9,9,830113,186468
2024-05-22,Shopee,9456508,10863782,35,70,2358482,460173
2024-05-22,Lazada,7508338,8171377,23,69,1956641,196659
2024-05-22,TikTok Shop,9602176,10928226,24,24,2095887,660650
2024-05-22,Website,6277327,6993932,23,69,1219592,325357
2024-05-23,Shopee,12679661,14087508,62,62,2840370,803205
2024-05-23,Lazada,7637278,8721691,27,81,1899060,546812
2024-05-23,TikTok Shop,10540632,12012729,42,42,2690439,583682
2024-05-23,Website,3841557,4168679,9,18,812299,109061
2024-05-24,Shopee,16319116,18187035,47,47,3840535,913878
2024-05-24,Lazada,11146161,12571721,31,93,2036208,789418
2024-05-24,TikTok Shop,10257115,10980698,28,84,2368904,665385
2024-05-24,Website,7735123,8621699,21,21,1775124,207028
2024-05-25,Shopee,16524518,18405145,35,35,3847381,1299849
2024-05-25,Lazada,9699526,11090365,24,24,2121130,682249
2024-05-25,TikTok Shop,13424157,14585901,31,93,2648278,647862
2024-05-25,Website,8659884,9107331,36,36,1570724,285296
2024-05-26,Shopee,16235352,18587335,70,140,3744864,937011
2024-05-26,Lazada,10518342,11851132,22,44,2631490,262387
2024-05-26,TikTok Shop,11795746,13019738,24,24,2450528,455250
2024-05-26,Website,6114968,6983859,13,13,1428695,265658
2024-05-27,Shopee,13447501,14536977,57,114,3402162,951923
2024-05-27,Lazada,7053888,7579035,30,60,1351515,400222
2024-05-27,TikTok Shop,9691017,10475302,42,126,2382103,295952
2024-05-27,Website,4940592,5537366,23,69,894914,245966
2024-05-28,Shopee,12939296,14262993,33,99,2664521,547490
2024-05-28,Lazada,8180950,9189609,23,23,2103674,178029
2024-05-28,TikTok Shop,10810989,11645576,25,25,2230253,848695
2024-05-28,Website,4923057,5413466,20,60,1063441,246038
2024-05-29,Shopee,11846511,12636532,23,23,2434595,310074
2024-05-29,Lazada,6946097,7452054,26,78,1252082,496794
2024-05-29,TikTok Shop,9106635,9784670,44,88,1970654,684943
2024-05-29,Website,5484563,6269492,18,18,1290444,410448
2024-05-30,Shopee,13362773,14330927,31,31,2961533,844758
2024-05-30,Lazada,7003554,7932223,20,60,1521738,351035
2024-05-30,TikTok Shop,10629395,11351497,46,138,2956475,821065
2024-05-30,Website,6104052,6944574,25,50,1570895,235872
2024-05-31,Shopee,16724626,18485881,68,68,3627436,627102
2024-05-31,Lazada,12550311,14106018,34,34,2841298,696561
2024-05-31,TikTok Shop,11357142,13058200,24,24,2876154,599584
2024-05-31,Website,5808945,6186856,17,34,1059499,304927
2024-06-01,Shopee,12540181,14359749,61,61,3208943,533917
2024-06-01,Lazada,12089191,12819316,33,99,3364562,546298
2024-06-01,TikTok Shop,13510453,15499947,58,58,3393356,345619
2024-06-01,Website,6787224,7735594,21,63,1502051,500454
2024-06-02,Shopee,16488237,18919518,37,37,3925471,829782
2024-06-02,Lazada,8870016,9379892,21,63,1651848,529954
2024-06-02,TikTok Shop,16212542,17407036,60,120,4297805,1225060
2024-06-02,Website,6942714,7776343,17,51,1476196,327456
2024-06-03,Shopee,12439178,13154042,38,38,2408364,823583
2024-06-03,Lazada,8580417,9142787,33,33,1930222,333281
2024-06-03,TikTok Shop,10203836,11260876,38,38,2297819,487751
2024-06-03,Website,5403369,5722396,20,60,1136985,336534
2024-06-04,Shopee,11119683,11914763,50,100,2166474,696864
2024-06-04,Lazada,8344311,9092165,21,21,2067039,297141
2024-06-04,TikTok Shop,11832449,12460849,40,80,3141043,631347
2024-06-04,Website,6115036,6573574,12,24,1163023,413551
2024-06-05,Shopee,14642014,15391622,55,55,2826956,1016455
2024-06-05,Lazada,7417245,8297142,18,54,1397438,409188
2024-06-05,TikTok Shop,8511088,8955196,35,35,1700303,500105
2024-06-05,Website,5188483,5495630,19,38,997500,397110
2024-06-06,Shopee,12381243,13208297,54,162,2764925,785786
2024-06-06,Lazada,8944647,9418250,19,57,1991672,368847
2024-06-06,TikTok Shop,7700884,8297689,25,50,2066474,170028
2024-06-06,Website,6238471,6954197,18,36,1379945,330897
2024-06-07,Shopee,15694467,16616864,67,134,3040389,501712
2024-06-07,Lazada,9757479,10488459,20,60,2531916,774395
2024-06-07,TikTok Shop,11043078,12124951,28,56,2367674,595653
2024-06-07,Website,5494677,5982813,14,14,1003363,306751
2024-06-08,Shopee,17588069,20042950,81,162,3268903,1398109
2024-06-08,Lazada,10380684,11270758,21,63,2906182,814248
2024-06-08,TikTok Shop,10630013,11424986,42,42,2196721,733228
2024-06-08,Website,5793976,6526363,25,25,1376470,457492
2024-06-09,Shopee,15370649,16684539,38,38,3037394,853858
2024-06-09,Lazada,12358109,14105521,31,31,3093794,507930
2024-06-09,TikTok Shop,12191996,13488745,24,72,3350810,855900
2024-06-09,Website,5625891,6212179,12,12,1288575,142985
2024-06-10,Shopee,11963487,13281460,37,37,2783244,239760
2024-06-10,Lazada,7665156,8666567,25,50,1929272,575859
2024-06-10,TikTok Shop,6551017,6917583,17,17,1563472,491545
2024-06-10,Website,5248579,5955290,20,40,1448901,222621
2024-06-11,Shopee,11992198,13294571,29,58,2520478,338025
2024-06-11,Lazada,8591426,9650193,30,60,2226762,667036
2024-06-11,TikTok Shop,11841188,12639524,32,96,2952672,896742
2024-06-11,Website,6000603,6434589,15,45,1568830,256244
2024-06-12,Shopee,11942797,12692027,33,99,2151851,741893
2024-06-12,Lazada,6880065,7809395,16,48,1260691,386270
2024-06-12,TikTok Shop,12690810,14137114,40,40,3473078,360909
2024-06-12,Website,5326585,5719685,22,44,1048212,389476
2024-06-13,Shopee,12368640,14003356,50,150,3016838,905375
2024-06-13,Lazada,7915019,8319790,18,18,1622216,190496
2024-06-13,TikTok Shop,9932618,11210966,29,87,1789144,428654
2024-06-13,Website,5200325,5964306,12,24,1192477,222172
2024-06-14,Shopee,14955835,16264991,30,60,3871662,817835
2024-06-14,Lazada,9647675,10286985,30,30,2507619,212295
2024-06-14,TikTok Shop,12570149,13599289,59,59,2355898,379698
2024-06-14,Website,6434620,6859887,16,16,1510235,475438
2024-06-15,Shopee,14695897,15927340,59,177,3957937,915118
2024-06-15,Lazada,10463045,11972279,24,24,2518787,481844
2024-06-15,TikTok Shop,12240551,12976524,53,53,3396017,545400
2024-06-15,Website,8130432,9124002,16,48,1902623,484865
2024-06-16,Shopee,10964484,11773168,30,30,2404404,580896
2024-06-16,Lazada,11690892,12454997,25,50,2108821,295285
2024-06-16,TikTok Shop,14523222,15539376,32,32,2914742,846580
2024-06-16,Website,5176698,5680686,21,21,1091431,226988
2024-06-17,Shopee,11867068,13522378,25,50,2244225,624772
2024-06-17,Lazada,7601378,8263474,25,50,1649044,355338
2024-06-17,TikTok Shop,8081603,8841064,23,46,1637529,291857
2024-06-17,Website,4808935,5122060,20,60,1186590,120908
2024-06-18,Shopee,10732729,12136763,28,56,2973723,594417
2024-06-18,Lazada,9634374,10174847,19,38,2522669,434683
2024-06-18,TikTok Shop,10821942,12106580,22,44,2567738,369445
2024-06-18,Website,6116777,6470911,17,51,1122263,331977
2024-06-19,Shopee,13462982,15213776,28,84,3746418,388365
2024-06-19,Lazada,6885852,7349187,15,15,1908872,471734
2024-06-19,TikTok Shop,9122255,9617298,34,34,2543540,420751
2024-06-19,Website,5621829,6371842,20,40,1191687,357696
2024-06-20,Shopee,10578914,11199925,44,132,2324563,418582
2024-06-20,Lazada,8651369,9533539,25,25,2237720,496446
2024-06-20,TikTok Shop,9459593,10672016,19,19,2094772,273306
2024-06-20,Website,5074029,5797042,20,60,1308869,340694
2024-06-21,Shopee,17500925,19916290,36,72,3612430,1037582
2024-06-21,Lazada,10918839,12129697,21,21,2153413,482377
2024-06-21,TikTok Shop,12120996,12774054,29,58,3018751,278267
2024-06-21,Website,7872228,8990741,17,34,1432929,543523
2024-06-22,Shopee,14041236,15179909,39,78,3732490,857795
2024-06-22,Lazada,11138672,11845293,34,102,2498527,774688
2024-06-22,TikTok Shop,13579196,15247807,39,117,3320867,424705
2024-06-22,Website,6657850,7598892,21,42,1691723,436553
2024-06-23,Shopee,16775187,18991219,42,126,4347274,401548
2024-06-23,Lazada,8819828,9616598,18,54,2363125,191716
2024-06-23,TikTok Shop,14090554,16028260,46,46,3715646,492738
2024-06-23,Website,6765088,7137547,15,30,1694407,246511
2024-06-24,Shopee,11645620,12816152,26,78,3171188,708874
2024-06-24,Lazada,8992975,9777583,27,81,2019915,698136
2024-06-24,TikTok Shop,8937361,9908746,19,38,1916393,627932
2024-06-24,Website,4424993,4977658,13,39,836497,95788
2024-06-25,Shopee,10109758,10779942,44,132,2608146,332198
2024-06-25,Lazada,8573188,9556858,27,81,1720408,506635
2024-06-25,TikTok Shop,8267132,8697066,17,51,1495440,617480
2024-06-25,Website,6449945,7160176,22,22,1305321,364426
2024-06-26,Shopee,9331346,10462996,25,75,2279405,423908
2024-06-26,Lazada,9624386,10925204,24,48,1974923,461989
2024-06-26,TikTok Shop,10020986,11348075,21,42,2389491,204838
2024-06-26,Website,5269131,5828426,13,39,1269360,199745
2024-06-27,Shopee,11632152,12774126,45,90,3243464,679733
2024-06-27,Lazada,8384219,9022381,24,72,2307494,495407
2024-06-27,TikTok Shop,9734836,10367532,32,32,2628101,665140
2024-06-27,Website,6040201,6741185,14,42,1171757,130029
2024-06-28,Shopee,16410806,18868274,35,70,4442260,726604
2024-06-28,Lazada,10594856,11742304,48,144,2771630,430045
2024-06-28,TikTok Shop,12164839,13607976,38,114,3144486,904962
2024-06-28,Website,6890689,7584798,17,17,1819582,500193
2024-06-29,Shopee,16796293,18129556,56,112,3238231,596589
2024-06-29,Lazada,8276042,9321238,16,16,2273365,612224
2024-06-29,TikTok Shop,10667997,11438497,43,43,2714162,409919
2024-06-29,Website,7561169,8220263,20,60,1583347,537394
2024-06-30,Shopee,16539408,17455157,37,111,3942291,1267879
2024-06-30,Lazada,10188823,11179400,42,42,2343916,734103
2024-06-30,TikTok Shop,12762319,14076632,31,62,2366213,909371
2024-06-30,Website,7235612,8315417,26,52,1598486,391911
2024-07-01,Shopee,11666045,12416433,26,78,2310293,289886
2024-07-01,Lazada,7270053,8092320,19,19,1536463,170707
2024-07-01,TikTok Shop,10031338,10807289,22,22,2383726,295986
2024-07-01,Website,4718354,5015330,19,38,1148206,208568
2024-07-02,Shopee,13092448,14248926,29,29,3055493,835816
2024-07-02,Lazada,6384218,7272906,30,90,1270828,386915
2024-07-02,TikTok Shop,11017590,11817760,33,66,2327017,288248
2024-07-02,Website,5652351,6267706,12,12,1054326,128552
2024-07-03,Shopee,12871676,14102113,36,108,3084530,518344
2024-07-03,Lazada,8974685,9731011,33,66,1937860,280958
2024-07-03,TikTok Shop,11772996,12384162,28,28,2975235,328141
2024-07-03,Website,6003469,6657663,28,28,1154564,376217
2024-07-04,Shopee,9734793,10586775,44,132,2001268,507027
2024-07-04,Lazada,6799116,7542887,30,30,1673922,402603
2024-07-04,TikTok Shop,9081401,9579275,43,43,2013143,388822
2024-07-04,Website,5371766,5776120,11,33,1049174,331500
2024-07-05,Shopee,17262197,18645100,84,252,3281509,884145
2024-07-05,Lazada,9538183,10414576,35,35,2204832,544267
2024-07-05,TikTok Shop,13056099,13857760,37,37,2999951,738193
2024-07-05,Website,6334015,7177388,18,18,1366831,282404
2024-07-06,Shopee,15068382,15881179,53,106,4084069,923575
2024-07-06,Lazada,8689330,9411069,19,19,1575158,220189
2024-07-06,TikTok Shop,11361506,12878531,44,132,2606448,874458
2024-07-06,Website,5838865,6174627,12,36,1110138,206424
2024-07-07,Shopee,14365411,15739824,44,88,2965201,330474
2024-07-07,Lazada,11782306,13401360,40,80,2545231,714078
2024-07-07,TikTok Shop,11327723,12730707,26,26,3003258,831653
2024-07-07,Website,9175935,10416520,44,132,2245534,364465
2024-07-08,Shopee,13264338,15194418,30,60,3552821,339263
2024-07-08,Lazada,8229063,8791000,21,42,1810600,389994
2024-07-08,TikTok Shop,8826003,9876211,21,42,2294672,520123
2024-07-08,Website,5818028,6174706,20,60,1469873,459008
2024-07-09,Shopee,11664471,12368670,41,123,2662619,631475
2024-07-09,Lazada,8172935,8729724,19,38,2107934,463254
2024-07-09,TikTok Shop,12869484,14134657,47,94,2461852,574971
2024-07-09,Website,5308099,5607123,23,69,1122258,330557
2024-07-10,Shopee,14266013,16074271,30,90,3600419,477043
2024-07-10,Lazada,7379430,8131467,19,57,1845286,189759
2024-07-10,TikTok Shop,9809142,10772330,29,87,2429033,422701
2024-07-10,Website,6514741,7421634,13,39,1208202,381789
2024-07-11,Shopee,11600239,12766721,41,82,3076234,837131
2024-07-11,Lazada,9817870,11046508,41,82,2003721,767843
2024-07-11,TikTok Shop,10693072,11769789,47,141,2612657,472598
2024-07-11,Website,5013141,5303317,15,30,1304049,235046
2024-07-12,Shopee,17554527,19217060,38,38,4881336,1136030
2024-07-12,Lazada,11713191,12419078,55,110,2150345,620166
2024-07-12,TikTok Shop,13776539,15556169,55,165,3358084,1011290
2024-07-12,Website,5675087,6076231,11,33,1280418,229564
2024-07-13,Shopee,14900903,16862739,65,130,3176832,984130
2024-07-13,Lazada,10183178,11422123,22,44,2562000,273331
2024-07-13,TikTok Shop,12712528,13350947,40,80,3343247,989874
2024-07-13,Website,7517711,8305335,21,42,1881004,171003
2024-07-14,Shopee,16682819,18338459,58,174,4241625,743264
2024-07-14,Lazada,8818096,9797656,26,26,1693732,627246
2024-07-14,TikTok Shop,13419797,14704133,42,42,3377478,355168
2024-07-14,Website,7513429,7924038,18,54,1981641,415708
2024-07-15,Shopee,13416522,14701004,30,90,3697849,376711
2024-07-15,Lazada,9130184,9590654,19,57,1687780,694976
2024-07-15,TikTok Shop,10866498,12414290,23,23,2707733,330548
2024-07-15,Website,5684887,6028001,21,63,1364683,414779
2024-07-16,Shopee,12473086,14196107,26,52,3466895,934915
2024-07-16,Lazada,6474737,6975620,19,38,1793820,305418
2024-07-16,TikTok Shop,10393036,11056299,38,114,2598274,674566
2024-07-16,Website,5525357,6267454,15,45,1470136,346509
2024-07-17,Shopee,12996171,14468096,26,26,2611857,816979
2024-07-17,Lazada,6851379,7825092,17,17,1905598,404267
2024-07-17,TikTok Shop,8606132,9470096,29,87,2097209,538926
2024-07-17,Website,6075685,6721093,15,45,1440325,364720
2024-07-18,Shopee,12533226,14004932,29,87,2614341,887829
2024-07-18,Lazada,8757551,9653212,42,42,1909908,203034
2024-07-18,TikTok Shop,9928124,10622995,43,43,2763525,605649
2024-07-18,Website,5416271,6141717,19,57,1399758,174621
2024-07-19,Shopee,18224291,19194381,37,74,3467135,1313646
2024-07-19,Lazada,9877926,11226106,19,57,2417246,428042
2024-07-19,TikTok Shop,13018449,14690418,27,81,2717782,779410
2024-07-19,Website,6630579,7219079,16,48,1400812,352266
2024-07-20,Shopee,15534580,17466569,75,75,3760241,1038572
2024-07-20,Lazada,10144963,11494226,23,69,2540937,597112
2024-07-20,TikTok Shop,13220404,14857685,27,27,3405770,1029306
2024-07-20,Website,6620378,7248529,18,54,1240969,514725
2024-07-21,Shopee,18869257,20037931,40,40,4205029,1007541
2024-07-21,Lazada,9410018,10031953,35,70,1699115,451492
2024-07-21,TikTok Shop,12595375,13275450,44,88,3018961,836580
2024-07-21,Website,6656959,7316365,18,54,1564492,162249
2024-07-22,Shopee,14812477,16331341,40,40,3437393,995035
2024-07-22,Lazada,8304870,9065539,29,87,1829909,340202
2024-07-22,TikTok Shop,11144374,12440838,35,70,2408074,368954
2024-07-22,Website,4444752,4878052,9,27,1166165,350549
2024-07-23,Shopee,13032677,13833825,63,126,2926706,967934
2024-07-23,Lazada,8984643,10295409,27,81,2412970,385283
2024-07-23,TikTok Shop,10019971,10907616,38,114,2529016,215252
2024-07-23,Website,6103966,6910976,12,24,1412646,308398
2024-07-24,Shopee,11850687,12495189,26,78,2361264,602414
2024-07-24,Lazada,9496191,10129962,37,111,2215657,547132
2024-07-24,TikTok Shop,12666177,14148545,40,40,3375474,575710
2024-07-24,Website,5179228,5544663,20,60,1387327,333970
2024-07-25,Shopee,11966155,13338148,27,27,3047649,349714
2024-07-25,Lazada,9544399,10705826,21,21,1801525,221965
2024-07-25,TikTok Shop,11815787,13065997,35,105,3097649,882157
2024-07-25,Website,5078057,5529005,12,36,1119431,197964
2024-07-26,Shopee,15614569,17446624,38,114,2819833,987108
2024-07-26,Lazada,10213502,11496278,43,129,1884919,724087
2024-07-26,TikTok Shop,10835606,12382982,27,27,2264465,662627
2024-07-26,Website,6270418,6760462,25,50,1367838,434711
2024-07-27,Shopee,14470289,15879677,66,198,2922804,937750
2024-07-27,Lazada,9602299,10365661,19,57,1866759,582258
2024-07-27,TikTok Shop,12873395,14749552,32,32,3029785,686206
2024-07-27,Website,7249379,7642131,27,81,1737426,378629
2024-07-28,Shopee,19524802,21095946,79,237,4962093,1240923
2024-07-28,Lazada,9314822,10164944,29,87,2469787,265913
2024-07-28,TikTok Shop,14462138,15504552,48,96,2884222,446612
2024-07-28,Website,6873934,7803463,13,39,1554379,364180
2024-07-29,Shopee,12594795,14070509,35,70,2390747,800215
2024-07-29,Lazada,8804569,10082587,19,38,1697710,522361
2024-07-29,TikTok Shop,8613796,9290097,34,34,2325827,336517
2024-07-29,Website,5679178,6149611,13,39,1195851,312640
2024-07-30,Shopee,12930214,14309689,26,52,3567005,389437
2024-07-30,Lazada,8631088,9275118,23,23,2168301,504490
2024-07-30,TikTok Shop,10306132,11687267,29,29,2555488,411151
2024-07-30,Website,7033757,7711002,15,30,1811029,346189
2024-07-31,Shopee,11713309,12504859,45,135,2204414,431483
2024-07-31,Lazada,7634430,8696606,27,27,1575162,558689
2024-07-31,TikTok Shop,9220774,10352555,38,38,2443124,533861
2024-07-31,Website,5073651,5717599,12,12,1373084,269389
2024-08-01,Shopee,11720310,13354105,24,72,2662976,779539
2024-08-01,Lazada,9322571,10154609,23,69,2361619,349223
2024-08-01,TikTok Shop,11671247,12839683,26,26,2563922,585080
2024-08-01,Website,5066485,5749438,15,45,1258597,331512
2024-08-02,Shopee,14858597,16264548,54,54,3516075,801603
2024-08-02,Lazada,11212214,12597953,40,80,3071222,251436
2024-08-02,TikTok Shop,12110613,12996807,26,52,2627319,273318
2024-08-02,Website,7611929,8386736,24,48,1665561,571459
2024-08-03,Shopee,16918689,17832137,75,225,3593650,1052751
2024-08-03,Lazada,8686495,9671167,18,36,2288780,310968
2024-08-03,TikTok Shop,15387133,17033803,31,62,3775503,644995
2024-08-03,Website,8603954,9478687,35,70,2385596,287148
2024-08-04,Shopee,15310396,16616217,37,74,3501276,749086
2024-08-04,Lazada,10129346,11144141,49,49,2268871,342366
2024-08-04,TikTok Shop,13429815,14965483,28,28,2619137,395393
2024-08-04,Website,7366651,8222000,28,56,1923560,465685
2024-08-05,Shopee,13724123,15337022,30,60,2759515,407260
2024-08-05,Lazada,10148872,10679096,24,24,1956586,563677
2024-08-05,TikTok Shop,9781301,10886139,36,36,2631950,281818
2024-08-05,Website,4928818,5302550,17,17,1141830,218482
2024-08-06,Shopee,10619614,11827725,21,63,2684611,735708
2024-08-06,Lazada,7463431,7998256,30,90,2084369,537652
2024-08-06,TikTok Shop,9959252,10675684,34,68,2391056,674012
2024-08-06,Website,6628502,7373023,22,66,1368468,420586
2024-08-07,Shopee,11942111,13640699,31,93,2854876,403510
2024-08-07,Lazada,8405318,8936713,20,20,1683038,601615
2024-08-07,TikTok Shop,9984784,11167349,21,21,2401851,305987
2024-08-07,Website,6235207,7094265,28,84,1436174,168668
2024-08-08,Shopee,16603174,18528134,36,108,3883957,333259
2024-08-08,Lazada,7668262,8451992,17,34,2051125,474348
2024-08-08,TikTok Shop,9422085,10109414,22,44,2439901,403964
2024-08-08,Website,6144134,6712767,24,48,1399106,208598
2024-08-09,Shopee,17927063,19331230,73,219,3959455,561857
2024-08-09,Lazada,13013574,14416420,63,63,3018839,553100
2024-08-09,TikTok Shop,13932490,15587345,45,90,3077471,367748
2024-08-09,Website,6795701,7578278,16,32,1400800,354507
2024-08-10,Shopee,17755381,19292365,35,70,4956945,778525
2024-08-10,Lazada,12076781,13179666,39,117,2756486,509794
2024-08-10,TikTok Shop,14309940,15717695,29,58,3402405,950919
2024-08-10,Website,7538351,8469927,18,54,1446674,254693
2024-08-11,Shopee,18712746,19836033,65,195,4117854,754241
2024-08-11,Lazada,12160951,13515712,24,72,3048495,360503
2024-08-11,TikTok Shop,15196332,17178495,74,74,3452103,851218
2024-08-11,Website,7663156,8095420,31,31,1663545,433288
2024-08-12,Shopee,12511948,14302014,31,62,3020341,641367
2024-08-12,Lazada,8352507,9560042,36,36,2038255,387041
2024-08-12,TikTok Shop,11484444,13035496,37,111,2395662,252848
2024-08-12,Website,4935567,5436929,10,10,1192033,298313
2024-08-13,Shopee,13340176,14326358,34,34,3702761,336313
2024-08-13,Lazada,7824865,8826191,22,44,1932477,346853
2024-08-13,TikTok Shop,10072123,11097206,33,99,2521679,756927
2024-08-13,Website,6314943,6810346,12,36,1714513,258191
2024-08-14,Shopee,13075115,14024755,37,37,2948123,578409
2024-08-14,Lazada,8262788,8891675,40,80,1905596,442207
2024-08-14,TikTok Shop,8404156,9071657,18,18,2187553,650503
2024-08-14,Website,5968557,6752317,12,36,1223639,277933
2024-08-15,Shopee,13779612,15244617,34,34,3524099,1070322
2024-08-15,Lazada,10355724,11579351,23,69,2756718,506583
2024-08-15,TikTok Shop,9677375,10226618,28,84,2505139,321511
2024-08-15,Website,5625140,6356498,17,34,1549977,286827
2024-08-16,Shopee,17132614,19189930,83,166,3509201,438262
2024-08-16,Lazada,12718076,13450674,33,33,2895341,524141
2024-08-16,TikTok Shop,12920736,13802944,37,111,3208357,963831
2024-08-16,Website,7367904,8279396,15,15,1868080,533175
2024-08-17,Shopee,17858032,19160253,57,57,4707975,738638
2024-08-17,Lazada,10939248,11617349,42,42,2708352,654227
2024-08-17,TikTok Shop,12376770,13941496,60,180,3413505,877273
2024-08-17,Website,7299236,8117237,18,36,1969422,531817
2024-08-18,Shopee,18798503,20661068,54,162,3910590,626471
2024-08-18,Lazada,9386777,9906943,35,70,2138608,492300
2024-08-18,TikTok Shop,13293281,14419606,28,84,3424222,630524
2024-08-18,Website,6537389,7320728,24,48,1383083,134050
2024-08-19,Shopee,14655030,15943834,47,47,3114833,831917
2024-08-19,Lazada,6733464,7196156,20,40,1371700,325097
2024-08-19,TikTok Shop,9395065,10208607,24,48,2089409,424146
2024-08-19,Website,5741643,6238340,14,28,1194049,176804
2024-08-20,Shopee,15233154,17486552,56,168,3090147,395943
2024-08-20,Lazada,8178955,9245562,23,69,1825722,350493
2024-08-20,TikTok Shop,9404697,10627343,34,102,1833491,642718
2024-08-20,Website,6736661,7357458,23,23,1883275,478056
2024-08-21,Shopee,10601464,11697637,22,44,2740831,402877
2024-08-21,Lazada,6072078,6896971,12,12,1334887,373023
2024-08-21,TikTok Shop,10613821,11373205,45,90,2416278,613391
2024-08-21,Website,5167704,5810873,11,22,1116721,277097
2024-08-22,Shopee,11264730,12215631,33,66,2164222,811535
2024-08-22,Lazada,8954528,9918800,29,87,2193081,272865
2024-08-22,TikTok Shop,10382106,11269889,29,87,2398728,690251
2024-08-22,Website,5129573,5842395,11,22,1238106,245322
2024-08-23,Shopee,14133000,16066759,51,153,3685487,568759
2024-08-23,Lazada,11858623,12931559,23,23,2228368,481668
2024-08-23,TikTok Shop,14143946,15299334,38,76,3550744,796631
2024-08-23,Website,7071330,7616705,17,34,1825092,539728
2024-08-24,Shopee,20409945,23401075,43,86,4015285,1454264
2024-08-24,Lazada,9361398,10510764,35,105,1920628,605051
2024-08-24,TikTok Shop,10724259,11486294,44,88,2040836,255533
2024-08-24,Website,6565879,7254268,14,14,1688044,337742
2024-08-25,Shopee,16625254,17629301,68,204,3250693,985711
2024-08-25,Lazada,11060254,11955439,27,27,2806643,515293
2024-08-25,TikTok Shop,12754327,13559478,47,47,2332220,762874
2024-08-25,Website,7466968,8485642,20,40,2072070,391531
2024-08-26,Shopee,10933723,12080174,31,31,3028141,676331
2024-08-26,Lazada,9703965,10762504,33,66,2359080,564296
2024-08-26,TikTok Shop,10009344,10945195,20,60,2441808,386157
2024-08-26,Website,6253292,6867148,16,16,1628800,290851
2024-08-27,Shopee,13402428,14625003,34,34,2819299,268123
2024-08-27,Lazada,8729083,9465718,32,64,2038327,534798
2024-08-27,TikTok Shop,10806049,12369639,23,46,2268849,712682
2024-08-27,Website,5813401,6451133,16,16,1365110,182042
2024-08-28,Shopee,13873392,15173477,28,28,2723721,891047
2024-08-28,Lazada,9600646,10876022,23,23,1980594,435239
2024-08-28,TikTok Shop,10358655,11411727,31,93,2701097,632690
2024-08-28,Website,5989644,6677529,17,51,1562584,268182
2024-08-29,Shopee,12748229,13618177,54,108,2435366,603254
2024-08-29,Lazada,9716178,10466397,22,66,2226944,381249
2024-08-29,TikTok Shop,9303643,9815001,33,99,1695245,728847
2024-08-29,Website,6716591,7233228,19,57,1503453,137638
2024-08-30,Shopee,16681424,17766857,67,134,3364957,754244
2024-08-30,Lazada,8925588,10262608,19,38,2228661,195508
2024-08-30,TikTok Shop,13372761,15169453,55,55,2482036,889812
2024-08-30,Website,6596695,7284857,27,27,1314189,465017
2024-08-31,Shopee,18463142,20915513,46,46,5122781,1160980
2024-08-31,Lazada,9937194,11200436,24,48,2034305,791717
2024-08-31,TikTok Shop,12471903,13670246,40,40,2894902,984369
2024-08-31,Website,5557926,6052094,12,24,1520768,164052
2024-09-01,Shopee,15869614,17844944,71,213,3683220,558591
2024-09-01,Lazada,7649717,8184221,21,21,2037623,252955
2024-09-01,TikTok Shop,10678625,11464535,41,82,2268688,320803
2024-09-01,Website,7847832,8699084,22,44,2031916,161161
2024-09-02,Shopee,14132833,15660701,63,189,3215602,788227
2024-09-02,Lazada,8726383,9835330,22,22,1708363,222384
2024-09-02,TikTok Shop,8970013,10253486,23,69,1668469,370740
2024-09-02,Website,5503310,6164438,19,19,1059843,186895
2024-09-03,Shopee,12916414,14580774,26,52,3365404,598329
2024-09-03,Lazada,7152296,7525183,23,46,1543585,200865
2024-09-03,TikTok Shop,11984680,13165533,54,108,2827216,629963
2024-09-03,Website,6121060,6543276,13,13,1434544,241297
2024-09-04,Shopee,12586179,13562016,28,84,3416485,670481
2024-09-04,Lazada,8338315,9198110,35,70,1747438,298520
2024-09-04,TikTok Shop,10412523,11405960,26,78,2401084,666604
2024-09-04,Website,4183410,4651841,19,38,1077653,143605
2024-09-05,Shopee,12552302,14006221,53,159,3287510,394044
2024-09-05,Lazada,7635434,8601877,16,16,1842460,300500
2024-09-05,TikTok Shop,8942344,9488242,24,72,2198825,202335
2024-09-05,Website,5356990,5720536,19,19,1072512,263147
2024-09-06,Shopee,20455623,21543488,81,243,5392715,1216604
2024-09-06,Lazada,11648463,12957716,24,72,2394852,489017
2024-09-06,TikTok Shop,12314208,12946033,51,51,3024061,932238
2024-09-06,Website,7706574,8452616,31,93,1433962,412157
2024-09-07,Shopee,19661978,22261343,47,141,3653785,1121047
2024-09-07,Lazada,12023322,12673366,25,25,3167492,296689
2024-09-07,TikTok Shop,13322151,15267967,42,42,2532841,451102
2024-09-07,Website,6654882,7113710,16,48,1635022,360706
2024-09-08,Shopee,18255413,20187609,62,186,4043911,480681
2024-09-08,Lazada,11339646,12671479,29,87,2795497,827448
2024-09-08,TikTok Shop,14656358,16550636,50,150,3226681,589930
2024-09-08,Website,7769129,8572380,27,81,1742625,319618
2024-09-09,Shopee,14596768,16129548,39,78,3860632,653068
2024-09-09,Lazada,7798722,8832953,18,36,1878255,419483
2024-09-09,TikTok Shop,11796277,12828526,37,111,3215838,415764
2024-09-09,Website,5687744,6226657,13,26,1023905,125584
2024-09-10,Shopee,16201185,17976451,46,138,3135068,1189482
2024-09-10,Lazada,7648885,8261051,37,37,1541115,297498
2024-09-10,TikTok Shop,12314549,14062122,35,105,2901706,930430
2024-09-10,Website,5691022,6029232,20,40,1226789,161081
2024-09-11,Shopee,11963508,13625987,30,30,2432174,821468
2024-09-11,Lazada,7858553,8699801,31,93,2135862,503387
2024-09-11,TikTok Shop,9805010,11072704,26,26,2243657,724997
2024-09-11,Website,5845105,6485279,23,46,1073963,400392
2024-09-12,Shopee,13799682,14597963,34,34,3756096,552862
2024-09-12,Lazada,7772825,8485221,18,18,2075178,261191
2024-09-12,TikTok Shop,10172683,11326150,49,147,2220175,389482
2024-09-12,Website,6995608,7568770,31,93,1363850,350788
2024-09-13,Shopee,20390902,21722830,64,192,5162117,888492
2024-09-13,Lazada,11426091,12857598,26,78,2633405,380776
2024-09-13,TikTok Shop,13330919,15045766,37,37,2575785,332643
2024-09-13,Website,7342660,8257053,14,42,1614791,184336
2024-09-14,Shopee,18142819,19838249,39,117,3502245,509673
2024-09-14,Lazada,9530123,10195429,19,38,2337023,302733
2024-09-14,TikTok Shop,12867470,13827700,27,27,2658750,589381
2024-09-14,Website,5792174,6146962,23,46,1287913,236891
2024-09-15,Shopee,17717798,19214110,48,144,3232093,678399
2024-09-15,Lazada,11713448,13020928,30,60,2838382,543830
2024-09-15,TikTok Shop,12514422,13390037,38,76,2447810,797284
2024-09-15,Website,8614851,9142400,35,35,1760056,493288
2024-09-16,Shopee,11098893,12618057,40,80,2013043,683999
2024-09-16,Lazada,6895473,7450640,26,52,1256871,224383
2024-09-16,TikTok Shop,10499889,11247350,21,63,2439403,372951
2024-09-16,Website,6277760,6982779,13,13,1566346,377266
2024-09-17,Shopee,15650969,17345976,39,117,3641666,552908
2024-09-17,Lazada,7909097,8529181,34,102,1912392,183373
2024-09-17,TikTok Shop,11554189,12208846,56,168,2393231,821791
2024-09-17,Website,5554215,6311966,14,14,1162217,405481
2024-09-18,Shopee,12757142,13689904,31,62,2945038,798359
2024-09-18,Lazada,9262525,10174571,25,75,2159614,288852
2024-09-18,TikTok Shop,11036722,12655579,23,69,3008997,234964
2024-09-18,Website,4526880,5170725,13,26,965841,197390
2024-09-19,Shopee,15343427,16138788,54,162,3301772,882460
2024-09-19,Lazada,9766654,11227740,30,90,2027439,231671
2024-09-19,TikTok Shop,9472233,10778149,28,28,2599310,728860
2024-09-19,Website,5851315,6232650,18,36,1437628,147849
2024-09-20,Shopee,17958353,19791394,44,132,4332360,1033171
2024-09-20,Lazada,11239466,12270500,35,105,2194786,879288
2024-09-20,TikTok Shop,12440813,13621656,33,33,2496569,352257
2024-09-20,Website,6680122,7471081,13,13,1778641,257451
2024-09-21,Shopee,16910385,19294010,35,70,4727612,1328253
2024-09-21,Lazada,12438949,13877180,45,135,3379802,485738
2024-09-21,TikTok Shop,14196986,15663480,28,84,2723532,554475
2024-09-21,Website,6946294,7798659,25,50,1861698,311489
2024-09-22,Shopee,18543126,20032785,44,132,5069261,1365661
2024-09-22,Lazada,7180853,7649013,20,20,1369224,223215
2024-09-22,TikTok Shop,15172970,16850501,44,132,3081496,514833
2024-09-22,Website,5755043,6249552,26,78,1484701,161401
2024-09-23,Shopee,12493896,14008180,28,56,2478759,540331
2024-09-23,Lazada,7268776,7732170,16,16,1472852,323572
2024-09-23,TikTok Shop,8668522,9904164,41,82,1753256,522542
2024-09-23,Website,6377797,7179981,20,20,1260940,492889
2024-09-24,Shopee,12335514,14021937,28,56,3068906,888237
2024-09-24,Lazada,8750838,9562527,26,26,2107141,607831
2024-09-24,TikTok Shop,10210684,11123673,28,84,2421907,532687
2024-09-24,Website,5921629,6526019,26,52,1336453,430301
2024-09-25,Shopee,13196543,14540878,40,80,3673694,295010
2024-09-25,Lazada,7111820,7834471,17,51,1964706,223247
2024-09-25,TikTok Shop,11502277,12535228,26,52,2960315,427366
2024-09-25,Website,5271959,5758277,18,54,1433463,323683
2024-09-26,Shopee,10639229,11664402,38,114,2395633,674089
2024-09-26,Lazada,7978420,8520771,30,90,2184366,492802
2024-09-26,TikTok Shop,12130747,13214104,44,88,2730493,372811
2024-09-26,Website,6179063,7033349,20,20,1266759,380031
2024-09-27,Shopee,16305038,18291603,57,57,3083595,1017004
2024-09-27,Lazada,10481015,11094476,26,78,2289145,707091
2024-09-27,TikTok Shop,12854449,14283957,27,27,2800571,550639
2024-09-27,Website,9110487,10397118,31,93,2433689,653772
2024-09-28,Shopee,17806445,20243824,62,62,4574755,410948
2024-09-28,Lazada,11510185,12441955,31,62,2404225,354994
2024-09-28,TikTok Shop,15031583,17226846,55,55,3641492,528911
2024-09-28,Website,7505990,8254809,17,34,1759030,152710
2024-09-29,Shopee,16505660,17723577,35,105,4059519,779468
2024-09-29,Lazada,10693168,11312735,24,72,1931799,779854
2024-09-29,TikTok Shop,13269796,14755702,38,114,3476848,430714
2024-09-29,Website,7268190,7739355,24,72,1561948,208760
2024-09-30,Shopee,14255794,15919440,65,195,2991495,1072365
2024-09-30,Lazada,8481039,8997439,37,37,1663416,314331
2024-09-30,TikTok Shop,11207175,11966371,22,44,2857084,466345
2024-09-30,Website,5564574,5894624,25,50,1181260,410954
2024-10-01,Shopee,13241784,14908186,56,168,2469495,638903
2024-10-01,Lazada,6410901,7176760,24,48,1365014,287372
2024-10-01,TikTok Shop,11440351,12808422,36,108,2125828,621005
2024-10-01,Website,5855755,6726617,12,24,1478036,329601
2024-10-02,Shopee,14696866,16059344,41,82,3027055,801105
2024-10-02,Lazada,5505041,6290669,14,42,1300640,281761
2024-10-02,TikTok Shop,12896864,14176883,27,27,3461084,438020
2024-10-02,Website,5530777,6348921,15,15,1060918,264886
2024-10-03,Shopee,14878319,16719464,56,56,3867715,1189361
2024-10-03,Lazada,7388534,7791572,17,34,1744001,430384
2024-10-03,TikTok Shop,11076712,12340142,53,159,2305758,746700
2024-10-03,Website,4916565,5310030,13,39,1044241,100140
2024-10-04,Shopee,15802171,17131705,42,126,3743410,1226355
2024-10-04,Lazada,13502481,14439574,46,92,3675753,658199
2024-10-04,TikTok Shop,13113462,14814612,29,87,2538444,384528
2024-10-04,Website,7511301,8556918,17,51,2024993,358651
2024-10-05,Shopee,18874114,21568941,45,45,4973529,716473
2024-10-05,Lazada,11639785,12867989,31,31,2337574,711535
2024-10-05,TikTok Shop,13670074,14444091,35,35,2844004,298970
2024-10-05,Website,7644966,8506179,19,19,1812607,331593
2024-10-06,Shopee,22030392,25036645,84,168,5519199,856321
2024-10-06,Lazada,10916147,11758325,50,50,2507498,373971
2024-10-06,TikTok Shop,13759058,15588267,31,62,2774019,524758
2024-10-06,Website,8252016,8973420,31,31,2127197,617261
2024-10-07,Shopee,14905847,16405367,34,68,4031966,435917
2024-10-07,Lazada,9665073,11041029,25,75,2584324,373280
2024-10-07,TikTok Shop,11132536,11848687,29,29,2919105,849206
2024-10-07,Website,4866414,5209588,18,18,1099502,305711
2024-10-08,Shopee,15747887,16717699,33,66,4302854,964135
2024-10-08,Lazada,7300111,7908422,29,29,1389286,481594
2024-10-08,TikTok Shop,10721210,11281372,29,58,2614743,349412
2024-10-08,Website,5132235,5487665,16,32,1196979,340612
2024-10-09,Shopee,13072605,14082665,49,49,2710784,273419
2024-10-09,Lazada,8803115,9695804,17,17,2062155,466230
2024-10-09,TikTok Shop,10750164,11439848,31,93,2799346,585292
2024-10-09,Website,5931860,6270713,20,60,1597001,311035
2024-10-10,Shopee,15733439,16724763,69,138,4253209,362300
2024-10-10,Lazada,8934663,9429464,22,44,1958404,556457
2024-10-10,TikTok Shop,10053067,11175306,23,46,2143648,320581
2024-10-10,Website,6302535,6667166,13,26,1492308,161187
2024-10-11,Shopee,19591531,20761661,43,86,4867473,1226684
2024-10-11,Lazada,9397805,10309905,21,21,1826672,693013
2024-10-11,TikTok Shop,14436280,16475927,43,86,2863224,1083239
2024-10-11,Website,7965832,8992452,21,42,1794928,173781
2024-10-12,Shopee,16540989,17554765,36,72,3740317,500333
2024-10-12,Lazada,12847682,14266631,33,33,2965180,569681
2024-10-12,TikTok Shop,13235061,14328104,51,153,2476179,504614
2024-10-12,Website,7462281,8134496,16,32,1521242,258355
2024-10-13,Shopee,16806157,19283202,59,118,3136130,546104
2024-10-13,Lazada,11053726,12473372,25,50,2616650,448030
2024-10-13,TikTok Shop,11710921,12499166,36,108,2199187,888294
2024-10-13,Website,6084342,6458117,13,39,1376831,324327
2024-10-14,Shopee,15736418,16800474,36,72,2942093,417403
2024-10-14,Lazada,7628463,8259649,19,57,1876728,194007
2024-10-14,TikTok Shop,9143800,10412284,33,99,2386385,598230
2024-10-14,Website,4198159,4598233,15,30,919390,229538
2024-10-15,Shopee,12202658,13063753,40,80,2562235,825642
2024-10-15,Lazada,7147083,8160898,19,38,1799486,535367
2024-10-15,TikTok Shop,12430082,13775921,50,150,3463545,550054
2024-10-15,Website,6350352,7209241,23,23,1377533,336144
2024-10-16,Shopee,12131071,12738647,53,159,3179254,504103
2024-10-16,Lazada,10798120,12272797,31,31,2409833,598322
2024-10-16,TikTok Shop,11613506,13020800,31,62,2533562,612115
2024-10-16,Website,5446102,5977027,18,18,1282787,384493
2024-10-17,Shopee,9261943,10503009,23,23,1934330,670233
2024-10-17,Lazada,10843136,11530892,40,40,2654822,310545
2024-10-17,TikTok Shop,8661647,9664603,19,19,1632429,507006
2024-10-17,Website,4550471,5169404,10,30,1094129,207239
2024-10-18,Shopee,19319679,21163539,65,130,4544085,908078
2024-10-18,Lazada,14301077,15338965,37,74,3438799,781930
2024-10-18,TikTok Shop,15766602,17677719,48,96,3485740,832003
2024-10-18,Website,7873953,8293998,20,20,1864670,490492
2024-10-19,Shopee,18446001,20438664,71,213,3467965,1177060
2024-10-19,Lazada,12201693,14011911,25,50,2763606,301310
2024-10-19,TikTok Shop,14759796,15859742,59,177,3751477,1145724
2024-10-19,Website,7627783,8530969,31,93,1981773,295576
2024-10-20,Shopee,17441700,19889791,76,228,4497390,839506
2024-10-20,Lazada,10990871,12536248,23,69,2784883,497457
2024-10-20,TikTok Shop,12310365,13281910,34,34,3071499,687635
2024-10-20,Website,7134043,8009370,19,57,1469929,412048
2024-10-21,Shopee,10564573,11698004,36,108,2947901,724030
2024-10-21,Lazada,8422422,9085112,39,39,1622850,207290
2024-10-21,TikTok Shop,9181222,9871696,26,78,1910586,656196
2024-10-21,Website,4929529,5541495,23,69,973392,273619
2024-10-22,Shopee,13551356,15122169,48,96,3533978,483447
2024-10-22,Lazada,9951936,10932121,30,90,2649220,403759
2024-10-22,TikTok Shop,11571039,13268910,47,141,3163455,338442
2024-10-22,Website,4613604,5191579,10,20,1185866,158140
2024-10-23,Shopee,11695879,13129792,27,27,2351874,749257
2024-10-23,Lazada,9495199,10021543,24,48,2426483,255987
2024-10-23,TikTok Shop,9198555,10085309,31,62,1932954,595781
2024-10-23,Website,5534674,5940732,11,33,1386772,268295
2024-10-24,Shopee,14155497,15614139,51,102,2564782,1070628
2024-10-24,Lazada,7544547,8209979,17,34,2083625,460011
2024-10-24,TikTok Shop,10565432,11196573,47,141,2575244,817458
2024-10-24,Website,4779967,5310776,11,33,1270685,191667
2024-10-25,Shopee,16025396,18112409,47,94,3933182,696612
2024-10-25,Lazada,11529376,12952463,35,105,2963623,590271
2024-10-25,TikTok Shop,10976535,11869224,37,37,2714280,767275
2024-10-25,Website,7793458,8503636,37,111,1483802,364395
2024-10-26,Shopee,17240177,19352531,54,108,3436104,369320
2024-10-26,Lazada,11845673,12505337,47,141,2910015,830708
2024-10-26,TikTok Shop,13942683,15627063,52,52,2630129,784710
2024-10-26,Website,8618455,9615089,21,63,2039186,672497
2024-10-27,Shopee,17549816,19648166,67,134,3675929,1046472
2024-10-27,Lazada,10542259,11742791,43,86,2708685,648700
2024-10-27,TikTok Shop,13784369,14828310,37,37,2863410,327286
2024-10-27,Website,7893101,8550323,19,19,1624588,542793
2024-10-28,Shopee,13385022,14643983,45,90,3720262,428858
2024-10-28,Lazada,8596169,9179369,21,42,1640519,450765
2024-10-28,TikTok Shop,9574739,10262575,22,66,1825184,445177
2024-10-28,Website,5249337,5566023,15,15,981842,334135
2024-10-29,Shopee,11073086,11647518,25,50,2157983,646891
2024-10-29,Lazada,10355955,11562016,47,94,2021076,412062
2024-10-29,TikTok Shop,8899554,9855935,21,63,2231657,589679
2024-10-29,Website,5231554,5721258,11,33,1350231,351157
2024-10-30,Shopee,12172612,13056157,25,50,3352526,840867
2024-10-30,Lazada,9483142,10072238,20,60,2593679,393883
2024-10-30,TikTok Shop,10096049,11005314,28,84,2823881,593895
2024-10-30,Website,6563803,7242911,16,32,1234295,312295
2024-10-31,Shopee,12250846,13656989,34,34,2884432,956188
2024-10-31,Lazada,8854851,9562238,29,58,2387676,512138
2024-10-31,TikTok Shop,9422269,10351780,24,72,2108689,295557
2024-10-31,Website,7182371,7680176,32,96,2008466,246421
2024-11-01,Shopee,20810981,21982624,51,153,5084971,1040155
2024-11-01,Lazada,16182007,18555218,37,37,2972704,378065
2024-11-01,TikTok Shop,20519313,22377353,92,92,5349598,1231959
2024-11-01,Website,10917786,12490045,24,72,2127826,597866
2024-11-02,Shopee,23742532,25017215,99,99,5434416,502007
2024-11-02,Lazada,15366958,16508235,68,204,2966649,466156
2024-11-02,TikTok Shop,19179366,21873419,84,84,4327219,580010
2024-11-02,Website,10223182,11570393,43,43,1956901,569417
2024-11-03,Shopee,27105294,28631621,85,85,6034212,1861897
2024-11-03,Lazada,19761291,21390086,48,144,4695218,558054
2024-11-03,TikTok Shop,17812030,20063877,57,171,3515111,423807
2024-11-03,Website,8700697,9258618,25,50,1712341,367131
2024-11-04,Shopee,18500312,20236865,64,192,3405350,480972
2024-11-04,Lazada,15741497,17752727,39,39,4218134,391072
2024-11-04,TikTok Shop,13274728,14176630,65,65,3327631,738391
2024-11-04,Website,9589827,10468468,27,54,2390129,310419
2024-11-05,Shopee,22474611,24773959,65,130,4583144,684867
2024-11-05,Lazada,11227759,12458627,51,153,2582258,864738
2024-11-05,TikTok Shop,15702938,17034318,43,43,3702298,494865
2024-11-05,Website,9584539,10999976,20,60,2072083,629395
2024-11-06,Shopee,17866418,19666533,36,72,4592261,1064117
2024-11-06,Lazada,11739038,12388288,34,34,3048174,717427
2024-11-06,TikTok Shop,13680426,15045069,30,30,3379260,308999
2024-11-06,Website,7045155,7598245,18,36,1445230,401638
2024-11-07,Shopee,17268655,18206891,39,117,3198943,902143
2024-11-07,Lazada,10271054,11591390,36,72,2377650,249089
2024-11-07,TikTok Shop,14774883,16579492,45,135,3516070,666997
2024-11-07,Website,7284605,7816427,19,19,1548803,188554
2024-11-08,Shopee,25042252,28472755,60,120,6739784,611326
2024-11-08,Lazada,12735575,13441558,28,56,2476995,963742
2024-11-08,TikTok Shop,19899051,21248327,45,90,3853261,1257407
2024-11-08,Website,11483717,13178204,29,29,2452797,251788
2024-11-09,Shopee,18540752,19578388,37,37,3543340,888696
2024-11-09,Lazada,16370732,17469538,39,78,3306648,617335
2024-11-09,TikTok Shop,21970185,24803344,77,231,6047865,1633147
2024-11-09,Website,8928819,10138677,18,18,1974783,458103
2024-11-10,Shopee,29278513,32474499,93,186,6087503,1868000
2024-11-10,Lazada,16463868,17695088,49,98,3917523,1210248
2024-11-10,TikTok Shop,17538249,20017728,63,63,3889584,397302
2024-11-10,Website,10380503,11660913,23,69,1903390,538409
2024-11-11,Shopee,20024375,22647000,44,132,5248972,944079
2024-11-11,Lazada,12174536,12884423,37,37,3035306,540514
2024-11-11,TikTok Shop,15698807,16692090,49,98,3201085,1254917
2024-11-11,Website,7154403,7855379,34,68,1403553,340242
2024-11-12,Shopee,19158407,21548009,38,38,5319180,916263
2024-11-12,Lazada,10023040,11400405,36,72,1989519,724597
2024-11-12,TikTok Shop,14556287,16308722,32,32,3872529,352872
2024-11-12,Website,7174329,7913945,19,38,1596935,259620
2024-11-13,Shopee,17128427,18970126,35,35,4432309,425771
2024-11-13,Lazada,13868511,15582327,36,36,3210195,1034594
2024-11-13,TikTok Shop,16693946,19011029,42,42,3644213,799993
2024-11-13,Website,8639930,9387777,39,39,2115204,538202
2024-11-14,Shopee,16332614,18307778,33,33,3165923,654869
2024-11-14,Lazada,11624605,12337842,24,48,2949604,757188
2024-11-14,TikTok Shop,16918491,19038671,54,54,3587505,1249870
2024-11-14,Website,8192594,9159506,17,34,1519284,347111
2024-11-15,Shopee,31252433,34334632,71,213,8218014,1506675
2024-11-15,Lazada,16458405,18397712,34,102,4442866,775499
2024-11-15,TikTok Shop,19651883,22206439,50,150,5126775,1502437
2024-11-15,Website,10089079,10783564,43,86,1904121,438279
2024-11-16,Shopee,24852782,26812108,84,84,4745303,908532
2024-11-16,Lazada,15437093,16975135,55,55,3582467,889741
2024-11-16,TikTok Shop,20852314,22763505,58,174,4882434,582231
2024-11-16,Website,11686716,12762046,30,90,2857033,438147
2024-11-17,Shopee,22165227,23322333,95,95,5840421,1134355
2024-11-17,Lazada,13219677,14424904,35,70,3246436,888487
2024-11-17,TikTok Shop,14992157,16631335,32,96,3493422,793207
2024-11-17,Website,11128038,12022824,25,25,3002658,427202
2024-11-18,Shopee,16341691,17529376,48,96,4527832,1081575
2024-11-18,Lazada,8980381,9562614,39,78,2025908,269248
2024-11-18,TikTok Shop,15489488,17366523,54,108,3070451,472763
2024-11-18,Website,10487339,11180819,37,37,1930878,408981
2024-11-19,Shopee,18831671,20603521,70,140,3737139,1012188
2024-11-19,Lazada,13333888,14888023,61,122,2597367,625436
2024-11-19,TikTok Shop,14952499,16498053,52,52,4067729,662003
2024-11-19,Website,7980757,8993130,17,34,2177000,234341
2024-11-20,Shopee,20934725,24023855,43,86,5123238,789939
2024-11-20,Lazada,11698983,13418272,33,99,2886008,795233
2024-11-20,TikTok Shop,15290164,16572526,35,35,3870920,1131632
2024-11-20,Website,8392749,9381422,30,30,1769260,370102
2024-11-21,Shopee,17352577,18994083,54,54,3689794,980231
2024-11-21,Lazada,13571219,15041568,44,44,3503116,896049
2024-11-21,TikTok Shop,14511299,15269585,47,141,3844698,879730
2024-11-21,Website,7351776,8436780,29,58,1466275,287201
2024-11-22,Shopee,26116976,29886707,55,165,5644048,754174
2024-11-22,Lazada,14073254,15297107,33,66,2550342,572714
2024-11-22,TikTok Shop,19344457,22202647,53,159,3651457,1231685
2024-11-22,Website,10504453,11808609,24,48,2735029,392006
2024-11-23,Shopee,27749026,31158286,65,130,5382111,1532601
2024-11-23,Lazada,16681140,17754804,68,136,3794314,1201902
2024-11-23,TikTok Shop,19231340,20320056,51,153,4915750,486686
2024-11-23,Website,11553908,12869673,27,54,2558629,616387
2024-11-24,Shopee,28660393,32257971,57,57,5729951,2004423
2024-11-24,Lazada,16847280,18622760,47,47,4418703,642211
2024-11-24,TikTok Shop,19323256,21244182,53,159,4373726,417583
2024-11-24,Website,8869735,9449837,44,88,2444523,621366
2024-11-25,Shopee,16487985,17517127,36,108,4439698,742444
2024-11-25,Lazada,11707583,13354598,25,75,2393908,317993
2024-11-25,TikTok Shop,13766908,15134031,39,39,3302532,574157
2024-11-25,Website,7920024,8763961,17,34,1922979,384616
2024-11-26,Shopee,19042577,20705379,72,216,4523114,1346630
2024-11-26,Lazada,12931864,14330645,45,45,2741143,940134
2024-11-26,TikTok Shop,14735278,15998659,54,54,3054137,665605
2024-11-26,Website,8579230,9049985,22,44,1998628,653557
2024-11-27,Shopee,19070212,20393332,40,120,3782095,489542
2024-11-27,Lazada,9281443,10250158,32,64,2438070,567078
2024-11-27,TikTok Shop,13192696,14210459,36,108,3282800,339712
2024-11-27,Website,7969971,9024649,20,20,1543743,293973
2024-11-28,Shopee,16185135,17661210,35,35,3079089,473792
2024-11-28,Lazada,13047851,14785268,41,123,3149005,911849
2024-11-28,TikTok Shop,17609047,19979348,37,111,4140086,1151251
2024-11-28,Website,9301143,10154379,35,35,1782625,259259
2024-11-29,Shopee,23995660,26346079,114,228,5977441,680057
2024-11-29,Lazada,18663281,21256966,43,129,4335706,1459593
2024-11-29,TikTok Shop,19694524,22077354,67,67,5011193,534033
2024-11-29,Website,10127260,11501342,37,37,2519710,389350
2024-11-30,Shopee,22825513,24264018,73,73,5078232,1501495
2024-11-30,Lazada,15264545,16146432,59,118,3903654,344231
2024-11-30,TikTok Shop,18457558,19440964,71,213,4270118,434785
2024-11-30,Website,10775584,12293357,41,41,2010991,647130
2024-12-01,Shopee,17947796,20249369,71,213,3599253,1329402
2024-12-01,Lazada,11323888,12649463,38,38,2141097,801184
2024-12-01,TikTok Shop,14560668,16670205,42,84,3133752,1038296
2024-12-01,Website,8624725,9491432,26,26,1637927,471669
2024-12-02,Shopee,15096203,16649359,72,216,3006481,557222
2024-12-02,Lazada,7159628,7520709,14,42,1359388,235129
2024-12-02,TikTok Shop,7384702,8382594,15,30,1599868,408838
2024-12-02,Website,6459184,7217185,15,15,1279466,266695
2024-12-03,Shopee,11334979,12382435,28,84,2298228,303446
2024-12-03,Lazada,8481400,9010313,23,23,1967454,421941
2024-12-03,TikTok Shop,9157604,10260849,23,69,2309673,228344
2024-12-03,Website,4554443,4834870,9,18,1027913,292261
2024-12-04,Shopee,14447458,15496161,33,66,3020370,1030421
2024-12-04,Lazada,9515471,10806505,31,62,2606366,400092
2024-12-04,TikTok Shop,9921597,11408570,47,94,2452714,434389
2024-12-04,Website,4006282,4470429,8,8,768893,175029
2024-12-05,Shopee,12683299,14257844,50,50,2365068,995797
2024-12-05,Lazada,9135742,9775485,24,48,1756586,642120
2024-12-05,TikTok Shop,8771878,9454784,19,57,2250839,487883
2024-12-05,Website,5944993,6453942,14,42,1428680,263165
2024-12-06,Shopee,17621566,19403837,38,38,4525217,466658
2024-12-06,Lazada,12137926,13338781,36,36,2947539,340791
2024-12-06,TikTok Shop,14070044,15811632,55,55,3233486,303982
2024-12-06,Website,6682531,7272353,22,66,1421345,255040
2024-12-07,Shopee,20199319,22744780,80,240,5154078,1334252
2024-12-07,Lazada,11138840,11920711,25,75,2559593,560147
2024-12-07,TikTok Shop,13832678,14999624,28,84,3246004,1067258
2024-12-07,Website,6722131,7724206,31,31,1467865,261313
2024-12-08,Shopee,16732147,18309246,42,42,3066768,893497
2024-12-08,Lazada,10154463,11560551,28,28,2326874,285029
2024-12-08,TikTok Shop,13597131,14939786,33,33,3220963,672150
2024-12-08,Website,9129497,10211683,18,54,2072230,490576
2024-12-09,Shopee,11361893,12505677,40,80,2344403,630161
2024-12-09,Lazada,7050519,7838020,17,34,1809495,261336
2024-12-09,TikTok Shop,12573099,13237144,54,54,2424343,527877
2024-12-09,Website,5682582,6401539,26,78,1216787,146844
2024-12-10,Shopee,12515431,14382665,32,64,2692406,746851
2024-12-10,Lazada,9839650,10562493,29,58,2354168,734268
2024-12-10,TikTok Shop,9914971,11272271,42,42,2119419,210026
2024-12-10,Website,7109915,7491986,19,57,1893632,384525
2024-12-11,Shopee,14722595,15851257,34,102,3341587,314095
2024-12-11,Lazada,8240047,8963307,22,44,1748885,213117
2024-12-11,TikTok Shop,13466837,14274923,29,87,2701324,670701
2024-12-11,Website,5410878,5771582,14,28,1170554,249763
2024-12-12,Shopee,14835059,16519497,32,32,3917020,773649
2024-12-12,Lazada,9071509,9765620,25,50,2536600,400250
2024-12-12,TikTok Shop,12374904,13766552,38,38,3115638,676803
2024-12-12,Website,6931932,7468024,18,54,1803124,336310
2024-12-13,Shopee,17785745,19292760,57,57,4360241,677829
2024-12-13,Lazada,10360183,11326695,29,87,2189472,464746
2024-12-13,TikTok Shop,14689445,16341955,44,88,3630585,776392
2024-12-13,Website,6975768,7762526,33,99,1857445,380951
2024-12-14,Shopee,22009710,24564610,70,210,6026485,794026
2024-12-14,Lazada,11582512,13098585,24,48,3167395,736612
2024-12-14,TikTok Shop,13317607,14679026,57,114,3013091,458425
2024-12-14,Website,7765566,8809353,21,42,1645254,542136
2024-12-15,Shopee,14868800,16554814,63,126,3073284,553457
2024-12-15,Lazada,10072290,10834205,35,105,2050849,345570
2024-12-15,TikTok Shop,15942733,17045836,57,57,4140399,615907
2024-12-15,Website,7001926,7744007,15,30,1555841,520519
2024-12-16,Shopee,11935160,12722115,39,39,2183110,804193
2024-12-16,Lazada,9340095,10422305,27,27,2282994,210469
2024-12-16,TikTok Shop,12251001,13821866,26,26,3258257,306713
2024-12-16,Website,6354705,7223503,17,34,1713720,383191
2024-12-17,Shopee,15289363,16660658,61,183,4040597,522322
2024-12-17,Lazada,7982186,8967571,15,15,1853430,556669
2024-12-17,TikTok Shop,8899691,9568777,18,18,1813825,243287
2024-12-17,Website,6907477,7480304,18,54,1752590,472129
2024-12-18,Shopee,13134908,15020425,40,40,2553791,400736
2024-12-18,Lazada,8519602,9319998,24,48,2268685,198980
2024-12-18,TikTok Shop,12447139,13535897,25,25,2634424,565435
2024-12-18,Website,6246874,7160989,18,18,1351198,393180
2024-12-19,Shopee,14418893,15170224,39,117,2645592,928101
2024-12-19,Lazada,11071755,12390049,48,144,2258279,588615
2024-12-19,TikTok Shop,9912018,11040946,27,81,2143826,681303
2024-12-19,Website,6511346,7185212,24,24,1730486,281995
2024-12-20,Shopee,17903053,20458727,44,88,3761231,1363843
2024-12-20,Lazada,11799330,12740236,36,36,3204569,682959
2024-12-20,TikTok Shop,16533626,18665335,40,80,4408600,1147299
2024-12-20,Website,8085002,8870129,17,34,2204373,323104
2024-12-21,Shopee,18939687,21547229,44,44,4970533,1172536
2024-12-21,Lazada,12908670,13639775,27,54,3100812,888190
2024-12-21,TikTok Shop,13366082,14640219,35,35,3424357,781680
2024-12-21,Website,6856674,7631585,23,69,1327515,301966
2024-12-22,Shopee,15567938,16834735,43,43,2974765,544508
2024-12-22,Lazada,8742572,9920162,32,96,1932385,667627
2024-12-22,TikTok Shop,17436226,19142126,39,117,3371311,530214
2024-12-22,Website,6618514,7478609,17,17,1247192,278348
2024-12-23,Shopee,13335286,15170741,32,96,2699711,1025304
2024-12-23,Lazada,8513969,9490612,17,51,1727235,215732
2024-12-23,TikTok Shop,11160553,11939856,25,75,2959590,256547
2024-12-23,Website,6445703,7154984,15,15,1217633,271204
2024-12-24,Shopee,15121238,16054748,30,90,3516955,1004074
2024-12-24,Lazada,8194501,9282122,18,36,1572125,514728
2024-12-24,TikTok Shop,10553032,12079056,35,70,2203433,523959
2024-12-24,Website,6073185,6638786,22,22,1457615,484108
2024-12-25,Shopee,13303764,14935747,38,38,2951215,592170
2024-12-25,Lazada,10515847,11071896,38,76,2140485,494861
2024-12-25,TikTok Shop,11409301,12401497,34,102,2792125,286879
2024-12-25,Website,6395265,6800217,14,28,1774302,280453
2024-12-26,Shopee,14811368,16608484,47,141,3292998,826945
2024-12-26,Lazada,10062005,10660975,42,42,1863597,763343
2024-12-26,TikTok Shop,11014169,12565214,24,72,3017136,859464
2024-12-26,Website,4964955,5215865,22,66,1201349,189415
2024-12-27,Shopee,18700997,20891373,45,45,5176544,1001880
2024-12-27,Lazada,10575178,11379200,35,105,2424719,426715
2024-12-27,TikTok Shop,13131732,13961552,29,58,3296400,603742
2024-12-27,Website,8186034,8690983,24,24,2274503,408914
2024-12-28,Shopee,20507226,23066166,59,118,4271503,1489157
2024-12-28,Lazada,11506998,12677228,34,68,3098457,447997
2024-12-28,TikTok Shop,14548188,16386607,31,31,3427080,1096514
2024-12-28,Website,9214801,9724584,21,21,1708947,285553
2024-12-29,Shopee,18379378,19776622,41,123,4166849,495535
2024-12-29,Lazada,15068737,15883642,32,64,4202397,808457
2024-12-29,TikTok Shop,14987912,16476194,34,102,3997095,410957
2024-12-29,Website,6038115,6463038,24,48,1195942,181733
2024-12-30,Shopee,14990833,16973478,32,96,4033875,826604
2024-12-30,Lazada,9242241,10190510,45,135,1830490,695246
2024-12-30,TikTok Shop,12473829,14055827,37,111,2362924,495454
2024-12-30,Website,6367966,7120222,18,54,1223917,270088
2024-12-31,Shopee,13526465,15334922,52,52,2473821,644049
2024-12-31,Lazada,7543397,8263079,16,32,1806043,153495
2024-12-31,TikTok Shop,10536418,11754610,47,94,2238900,673200
2024-12-31,Website,5293342,5626463,10,10,1377094,195733
2025-01-01,Shopee,19204951,21593662,83,249,5285011,823575
2025-01-01,Lazada,14207788,15280708,34,34,3928523,1021979
2025-01-01,TikTok Shop,19469702,20483123,78,78,3821787,1299983
2025-01-01,Website,9265999,10328965,26,78,1810701,351300
2025-01-02,Shopee,17689600,19875838,41,82,4782798,994347
2025-01-02,Lazada,13985622,15615675,36,72,3234389,690573
2025-01-02,TikTok Shop,18557986,20370062,45,135,4454549,471620
2025-01-02,Website,8203801,9279314,19,57,1629567,474517
2025-01-03,Shopee,26431184,27859626,106,212,7330086,1601370
2025-01-03,Lazada,17299638,19774642,61,183,4203050,890597
2025-01-03,TikTok Shop,19118797,20969916,54,54,5175855,930257
2025-01-03,Website,12408423,14250064,44,132,3353877,874698
2025-01-04,Shopee,26486765,28944027,55,165,4894035,651361
2025-01-04,Lazada,18147816,19986942,81,243,4037732,465837
2025-01-04,TikTok Shop,18868528,21345636,37,74,3877219,469943
2025-01-04,Website,10913979,11477433,23,69,2686561,335857
2025-01-05,Shopee,29221524,33145711,98,98,5503262,2121638
2025-01-05,Lazada,16513341,17857439,46,138,3723755,994361
2025-01-05,TikTok Shop,25506777,27652750,75,75,5129587,629845
2025-01-05,Website,10971827,12476740,32,32,2450886,231230
2025-01-06,Shopee,21253496,22564152,52,52,5219435,1011874
2025-01-06,Lazada,14793141,16817997,35,105,3553146,727872
2025-01-06,TikTok Shop,13493107,15099681,34,102,3339682,921288
2025-01-06,Website,6995401,7432676,28,28,1392646,482389
2025-01-07,Shopee,16915171,19213963,56,56,3858549,485622
2025-01-07,Lazada,15327751,16762104,46,138,4074406,801871
2025-01-07,TikTok Shop,15191618,16408342,61,122,2959579,688374
2025-01-07,Website,11598175,12370736,44,44,2944523,541820
2025-01-08,Shopee,19313792,21190106,42,84,4606776,619592
2025-01-08,Lazada,13612687,15422427,27,54,2519602,278685
2025-01-08,TikTok Shop,19289407,22143250,45,90,4893874,1075392
2025-01-08,Website,11015831,12667134,22,22,2519868,541605
2025-01-09,Shopee,25854454,27746757,56,56,6019715,1171731
2025-01-09,Lazada,15256605,16863516,41,82,4108416,686978
2025-01-09,TikTok Shop,18286784,19414971,40,120,5008685,746208
2025-01-09,Website,9514610,10010138,22,44,2403589,458171
2025-01-10,Shopee,29476787,31634792,68,68,7038051,1800986
2025-01-10,Lazada,16184338,17205826,36,72,4083300,702761
2025-01-10,TikTok Shop,19102157,21648628,45,135,4684804,794943
2025-01-10,Website,11549071,13050168,25,25,2797003,426709
2025-01-11,Shopee,26421565,29505111,107,107,5213744,776235
2025-01-11,Lazada,16396356,17381619,35,70,4497610,813645
2025-01-11,TikTok Shop,22963591,24592704,71,71,6428109,953614
2025-01-11,Website,12884754,13989033,38,38,2544371,922132
2025-01-12,Shopee,27272340,28723147,58,58,5830103,731939
2025-01-12,Lazada,20424069,21691767,64,64,4669688,1626160
2025-01-12,TikTok Shop,18298412,20621165,47,141,3783181,531948
2025-01-12,Website,11296679,12544159,24,24,2831405,854005
2025-01-13,Shopee,18982478,21448277,44,44,5266992,1269912
2025-01-13,Lazada,10360972,11732361,40,40,2390593,311065
2025-01-13,TikTok Shop,16156593,18371451,61,122,3161898,606315
2025-01-13,Website,8770959,9877823,20,40,2221291,227674
2025-01-14,Shopee,24553347,26602588,62,62,4721568,788492
2025-01-14,Lazada,14369435,16193231,34,34,2939004,985006
2025-01-14,TikTok Shop,14320153,15446803,37,37,2699684,606404
2025-01-14,Website,10886895,11823868,26,78,2226861,709743
2025-01-15,Shopee,23836235,26033274,49,49,4619449,1090016
2025-01-15,Lazada,14298568,16297601,34,102,3709917,596343
2025-01-15,TikTok Shop,15891046,17388902,73,73,4000771,811094
2025-01-15,Website,7884168,8345217,33,66,1735818,523054
2025-01-16,Shopee,19871450,20987169,46,46,4888727,1162240
2025-01-16,Lazada,15118767,17352917,65,195,3929475,1096848
2025-01-16,TikTok Shop,20039282,21881504,56,168,5011404,1451100
2025-01-16,Website,10565369,12054274,28,28,2775526,781970
2025-01-17,Shopee,25467243,28524063,91,182,6223887,1865597
2025-01-17,Lazada,15055357,16858192,34,102,3318962,479329
2025-01-17,TikTok Shop,21616327,22879328,60,180,4613990,1372765
2025-01-17,Website,9134157,10066270,34,102,1903492,233553
2025-01-18,Shopee,28117649,30401511,57,114,7189813,832329
2025-01-18,Lazada,17092616,19469036,79,237,4089415,589360
2025-01-18,TikTok Shop,20078293,22540915,55,165,3835841,473782
2025-01-18,Website,9380618,10093317,23,69,2021029,214478
2025-01-19,Shopee,28750694,31478378,108,324,7293645,1356712
2025-01-19,Lazada,16296707,18424059,50,150,3855144,1200421
2025-01-19,TikTok Shop,18291125,20750359,38,38,3933209,678091
2025-01-19,Website,7606005,8529641,27,81,1930033,200141
2025-01-20,Shopee,20773682,23022162,44,88,4683031,598141
2025-01-20,Lazada,16248265,18406745,38,38,3074576,739186
2025-01-20,TikTok Shop,19640874,21558320,73,146,3688699,1190421
2025-01-20,Website,8442539,9361289,20,60,2177183,610572
2025-01-21,Shopee,19346049,21544652,41,82,4815266,1487115
2025-01-21,Lazada,14159598,16034063,33,33,3264900,695036
2025-01-21,TikTok Shop,14421534,15329204,32,96,3335968,746292
2025-01-21,Website,9260654,10145447,29,29,2358222,709775
2025-01-22,Shopee,22781474,26020310,57,57,5471199,1014167
2025-01-22,Lazada,15386962,16724991,58,116,2831635,449273
2025-01-22,TikTok Shop,16195734,17499368,41,82,3406384,796110
2025-01-22,Website,8722962,9283098,31,93,1938030,664770
2025-01-23,Shopee,18674759,21268790,51,51,3703349,1202274
2025-01-23,Lazada,12087491,12839729,60,120,2257417,274156
2025-01-23,TikTok Shop,15955262,17667356,35,105,3593722,642509
2025-01-23,Website,9340374,10251273,23,69,2459959,261237
2025-01-24,Shopee,30126292,33153273,110,220,7717388,1808579
2025-01-24,Lazada,15771283,17926186,56,112,2979692,906632
2025-01-24,TikTok Shop,25153073,27384742,60,120,5380237,572212
2025-01-24,Website,11257086,12648364,26,78,2125934,337002
2025-01-25,Shopee,27093851,29998297,127,381,5713682,1590669
2025-01-25,Lazada,15896490,16826677,32,96,3722695,1040535
2025-01-25,TikTok Shop,15133956,16680273,30,60,3484803,319627
2025-01-25,Website,12876494,13751765,26,26,2671824,416533
2025-01-26,Shopee,29580188,31309588,68,204,7119522,1304719
2025-01-26,Lazada,16881215,18554942,75,75,3612507,520456
2025-01-26,TikTok Shop,21525133,24451794,101,202,4696808,548062
2025-01-26,Website,12368469,13656990,49,98,2404473,437018
2025-01-27,Shopee,16994135,18105938,68,136,4212181,399954
2025-01-27,Lazada,12592363,13450479,33,99,2340293,546463
2025-01-27,TikTok Shop,18000353,19156805,48,96,3704354,1376931
2025-01-27,Website,7614786,8035029,28,28,1943395,420045
2025-01-28,Shopee,21663677,23848721,47,141,4733619,582859
2025-01-28,Lazada,11262779,12184454,48,144,2485782,552443
2025-01-28,TikTok Shop,17362549,19330666,41,41,3592589,1350954
2025-01-28,Website,8930142,9596613,35,105,2189270,245885
2025-01-29,Shopee,16879078,18409582,33,33,4466673,844392
2025-01-29,Lazada,15340717,16680430,55,55,3961009,801585
2025-01-29,TikTok Shop,15000372,17192455,35,105,3377697,300908
2025-01-29,Website,8100553,9284136,18,54,1692408,634475
2025-01-30,Shopee,21451671,22653340,107,214,4447581,751953
2025-01-30,Lazada,15322391,17619587,38,114,3084020,1079325
2025-01-30,TikTok Shop,14452451,15240810,41,123,3373331,349693
2025-01-30,Website,9043948,9853657,36,36,2379009,574331
2025-01-31,Shopee,28647393,32595804,82,82,6905297,2218598
2025-01-31,Lazada,18971661,21597209,51,102,4619922,1494557
2025-01-31,TikTok Shop,21860352,23550186,49,147,6083784,885296
2025-01-31,Website,11162324,12790898,25,50,2026938,686602
2025-02-01,Shopee,16367954,18182811,81,81,4421713,988009
2025-02-01,Lazada,11803215,13049387,28,84,2954698,776037
2025-02-01,TikTok Shop,12441519,13164557,25,75,3049748,650927
2025-02-01,Website,5058018,5650942,11,22,1402102,215383
2025-02-02,Shopee,19134293,20831029,49,147,5326596,525922
2025-02-02,Lazada,12956155,14816980,32,64,2344239,836821
2025-02-02,TikTok Shop,10234963,11443256,29,87,2208522,259947
2025-02-02,Website,6848037,7744044,19,19,1393067,339858
2025-02-03,Shopee,15032659,15839606,38,76,4065594,938310
2025-02-03,Lazada,11216484,11785312,36,108,2463237,809774
2025-02-03,TikTok Shop,11021934,12124486,22,22,2592122,656800
2025-02-03,Website,5473100,6114643,11,33,1294465,130926
2025-02-04,Shopee,13692734,15398812,51,51,2820189,742067
2025-02-04,Lazada,10484867,11932830,32,96,2707458,330390
2025-02-04,TikTok Shop,10147327,11661259,47,141,2514238,577052
2025-02-04,Website,5424582,6174857,10,10,1485191,317110
2025-02-05,Shopee,13195585,14982083,58,116,2945978,1051772
2025-02-05,Lazada,7974390,8470172,23,69,1807465,332439
2025-02-05,TikTok Shop,11167506,12712868,50,50,2062599,838719
2025-02-05,Website,7173353,7854005,14,14,1572298,287525
2025-02-06,Shopee,14557316,16460937,29,87,2948771,893425
2025-02-06,Lazada,8736186,9974099,36,36,1716208,337639
2025-02-06,TikTok Shop,10625424,11186311,42,84,2771173,590262
2025-02-06,Website,4879377,5533461,13,13,930907,167370
2025-02-07,Shopee,20158905,22845114,53,106,4676211,689528
2025-02-07,Lazada,11608103,13089006,48,144,2598508,298795
2025-02-07,TikTok Shop,14011282,15523007,32,32,3887466,1050886
2025-02-07,Website,10804932,11683675,27,81,2015150,298780
2025-02-08,Shopee,18890181,19938187,43,129,4583108,452371
2025-02-08,Lazada,10665774,11795555,46,92,2826355,470371
2025-02-08,TikTok Shop,13595507,14592210,32,96,3517803,780933
2025-02-08,Website,8892695,9678738,20,40,2383187,508252
2025-02-09,Shopee,18493501,20621958,48,144,4776740,873718
2025-02-09,Lazada,9704859,10760567,26,26,1846534,540663
2025-02-09,TikTok Shop,15917090,17656648,67,67,4304570,438657
2025-02-09,Website,7192554,7736517,15,30,1640909,411781
2025-02-10,Shopee,17198582,18476699,57,57,3199781,665585
2025-02-10,Lazada,10196951,11230031,23,69,2604682,394329
2025-02-10,TikTok Shop,10440764,11772479,21,21,2369556,586769
2025-02-10,Website,6943099,7546336,19,19,1609189,412841
2025-02-11,Shopee,14163396,14952747,51,153,3709654,758691
2025-02-11,Lazada,9955719,10873697,43,43,2764216,581745
2025-02-11,TikTok Shop,11680587,13181850,38,76,2323684,567017
2025-02-11,Website,5409490,6004406,12,24,1434602,291928
2025-02-12,Shopee,12970512,14418154,34,68,2760928,341006
2025-02-12,Lazada,10152807,11163956,45,45,2476033,625344
2025-02-12,TikTok Shop,10600329,11791721,23,23,2417666,700691
2025-02-12,Website,5732211,6481566,15,30,1149490,178012
2025-02-13,Shopee,12451173,13525482,61,61,2686822,663417
2025-02-13,Lazada,9500046,10251097,34,34,2309779,710247
2025-02-13,TikTok Shop,13784284,14534018,35,35,2755648,510653
2025-02-13,Website,5254917,5982924,16,48,1037470,372322
2025-02-14,Shopee,18344160,19588887,55,55,3624948,655021
2025-02-14,Lazada,13751171,14467599,54,162,2663937,815337
2025-02-14,TikTok Shop,14234152,15427520,55,55,2996392,489783
2025-02-14,Website,8264537,9223974,20,60,2295146,660020
2025-02-15,Shopee,15967071,18167953,37,37,3063272,1165012
2025-02-15,Lazada,12369001,13970660,46,46,2885137,762688
2025-02-15,TikTok Shop,14055744,15601242,38,114,2873767,320073
2025-02-15,Website,8770618,9958541,29,58,2271228,347850
2025-02-16,Shopee,20918011,23280614,91,182,5591074,1487065
2025-02-16,Lazada,15427762,16521957,33,33,3987560,1040754
2025-02-16,TikTok Shop,15386418,16413360,65,130,3925549,903249
2025-02-16,Website,8153575,8866414,17,51,1846187,320512
2025-02-17,Shopee,14419688,15898392,36,72,3627489,716479
2025-02-17,Lazada,8674601,9612488,25,75,2360520,477441
2025-02-17,TikTok Shop,11521203,12335982,52,52,2594667,392448
2025-02-17,Website,5824929,6294417,18,36,1381306,443451
2025-02-18,Shopee,14382996,15468235,36,36,2782146,360175
2025-02-18,Lazada,10495966,11565317,24,24,2502199,502916
2025-02-18,TikTok Shop,9739063,10641000,25,50,2174251,409535
2025-02-18,Website,6868458,7429625,14,28,1253300,319392
2025-02-19,Shopee,16334349,18205212,48,96,4412685,615332
2025-02-19,Lazada,8939030,9844367,19,57,1678892,327039
2025-02-19,TikTok Shop,8260645,8754970,25,25,1784495,435845
2025-02-19,Website,5604086,5994493,14,28,1148851,362655
2025-02-20,Shopee,16308382,17434709,47,141,4563078,1303110
2025-02-20,Lazada,9047105,10324902,18,18,2325175,333935
2025-02-20,TikTok Shop,9758368,11010492,25,50,2679467,676369
2025-02-20,Website,5681655,6233914,27,81,1584769,437995
2025-02-21,Shopee,20206219,21676380,49,147,5150842,979321
2025-02-21,Lazada,12573589,13940342,26,78,3215848,796545
2025-02-21,TikTok Shop,14008057,15185658,31,31,2960007,438043
2025-02-21,Website,7520034,8053644,17,34,1995023,163984
2025-02-22,Shopee,17500500,19386193,64,64,3684856,1124727
2025-02-22,Lazada,10498581,11874316,22,44,2246510,473999
2025-02-22,TikTok Shop,17225633,19400957,41,123,4026671,681528
2025-02-22,Website,7565793,8373500,35,35,2059518,221084
2025-02-23,Shopee,21056428,23305656,56,168,5714193,1146159
2025-02-23,Lazada,13967369,16034780,34,34,3839200,332738
2025-02-23,TikTok Shop,16165226,17277941,40,40,3441320,1256301
2025-02-23,Website,7466265,7909195,20,20,1847815,228902
2025-02-24,Shopee,14825049,15606090,32,32,2771530,1153087
2025-02-24,Lazada,9063607,9703400,25,50,2229258,219328
2025-02-24,TikTok Shop,9905185,10765601,43,43,1953130,709037
2025-02-24,Website,6295874,6856903,15,15,1214561,283974
2025-02-25,Shopee,12145415,13225134,51,51,2343983,392790
2025-02-25,Lazada,10390662,11760043,24,72,2363647,584190
2025-02-25,TikTok Shop,10495766,11637172,28,84,2641545,498941
2025-02-25,Website,6209356,6524445,20,20,1394455,431395
2025-02-26,Shopee,14635159,16136516,44,132,3921109,696813
2025-02-26,Lazada,8816307,9907140,39,78,2156732,662402
2025-02-26,TikTok Shop,11903955,13332806,31,93,3085918,517410
2025-02-26,Website,5720308,6243747,19,19,1544463,366069
2025-02-27,Shopee,15641613,17025372,35,105,3102427,846476
2025-02-27,Lazada,7633125,8548065,18,18,1556925,551359
2025-02-27,TikTok Shop,11295239,12856869,32,96,2362839,846892
2025-02-27,Website,7481083,8534971,23,46,2089010,397765
2025-02-28,Shopee,16207460,17141874,41,41,3734839,1082182
2025-02-28,Lazada,10877427,11911801,26,52,2183504,246679
2025-02-28,TikTok Shop,15364048,16244709,71,213,3803558,733084
2025-02-28,Website,8063706,9068409,21,21,1771334,166469
2025-03-01,Shopee,19202848,21524664,73,73,4084658,1246660
2025-03-01,Lazada,12541654,13747355,27,27,2945318,433159
2025-03-01,TikTok Shop,15581547,16579164,36,72,4115963,471113
2025-03-01,Website,8949163,9939825,42,42,1874084,466065
2025-03-02,Shopee,19343280,20636288,47,141,4958822,1173034
2025-03-02,Lazada,11508971,12591571,41,41,2320982,253965
2025-03-02,TikTok Shop,15655040,16776202,32,96,2892669,909361
2025-03-02,Website,9702807,10809909,20,60,2386930,253899
2025-03-03,Shopee,13963167,15281272,38,114,2519885,926380
2025-03-03,Lazada,8054800,9205686,26,52,2181849,257747
2025-03-03,TikTok Shop,12629575,13793621,60,60,2699087,398199
2025-03-03,Website,5993155,6425003,25,25,1556377,418484
2025-03-04,Shopee,10494814,11779391,36,36,2325315,277704
2025-03-04,Lazada,10054028,10881153,27,81,2000297,326024
2025-03-04,TikTok Shop,10437474,11371695,21,42,2004834,342629
2025-03-04,Website,6017903,6513398,15,15,1325226,234544
2025-03-05,Shopee,14768814,15821488,36,36,2755885,1017647
2025-03-05,Lazada,9339223,9847220,23,23,2064993,616881
2025-03-05,TikTok Shop,12109555,13905526,26,26,3042563,817099
2025-03-05,Website,5768903,6156262,11,11,1384460,455080
2025-03-06,Shopee,15084948,16861805,37,111,2915817,460391
2025-03-06,Lazada,8850485,10158606,24,72,2019796,354960
2025-03-06,TikTok Shop,12154858,13227368,27,81,3089539,610237
2025-03-06,Website,6539711,7018814,31,93,1673473,179472
2025-03-07,Shopee,16407435,18438534,50,50,3970216,387140
2025-03-07,Lazada,13429702,14770962,33,33,2621035,433284
2025-03-07,TikTok Shop,13587681,14590539,61,183,3258428,1042890
2025-03-07,Website,8688965,9240078,23,46,2123237,570254
2025-03-08,Shopee,19306190,21800125,40,80,4726245,720262
2025-03-08,Lazada,14509303,15567046,68,204,3092325,501078
2025-03-08,TikTok Shop,14139197,14922613,29,87,3942540,962697
2025-03-08,Website,7592608,8433917,23,46,1762603,235467
2025-03-09,Shopee,18457188,19499312,90,180,3451466,582286
2025-03-09,Lazada,11460362,13108677,41,41,2168025,636713
2025-03-09,TikTok Shop,15931300,17104338,51,51,3546689,765092
2025-03-09,Website,6390871,7171627,22,22,1421340,360132
2025-03-10,Shopee,12437720,13414520,34,68,3442420,399053
2025-03-10,Lazada,7980168,8443030,17,34,1754236,239931
2025-03-10,TikTok Shop,12462731,13612664,28,84,3159213,817798
2025-03-10,Website,7354580,7736879,16,32,1638157,183820
2025-03-11,Shopee,14066455,15606989,39,39,3309629,429617
2025-03-11,Lazada,8971982,9836568,22,44,1869066,482051
2025-03-11,TikTok Shop,11286587,11932112,24,24,2838422,358270
2025-03-11,Website,6956192,7306910,23,69,1760173,295328
2025-03-12,Shopee,12666004,14471784,30,60,3509107,536895
2025-03-12,Lazada,9424072,10185359,20,60,1763465,688899
2025-03-12,TikTok Shop,12508432,13615210,47,141,2454608,822768
2025-03-12,Website,6475282,7298465,19,57,1391265,405014
2025-03-13,Shopee,14583389,16328227,37,111,3186956,662705
2025-03-13,Lazada,10267631,11029851,31,31,2794303,428005
2025-03-13,TikTok Shop,7569220,8475613,35,105,1474397,426345
2025-03-13,Website,6608100,7106541,23,69,1571632,394875
2025-03-14,Shopee,17090157,17965750,60,60,4177514,1281983
2025-03-14,Lazada,9303257,10425295,22,22,2156995,291465
2025-03-14,TikTok Shop,15465591,16495326,36,72,3174887,589752
2025-03-14,Website,9258374,10330943,19,38,2209122,592869
2025-03-15,Shopee,18248859,19360714,74,222,4702167,742064
2025-03-15,Lazada,13292074,14314262,48,48,3628759,583232
2025-03-15,TikTok Shop,17399470,18280614,48,48,4552379,349637
2025-03-15,Website,9206860,10379578,38,76,2140560,545702
2025-03-16,Shopee,22217316,23707286,52,104,4413248,623416
2025-03-16,Lazada,12996786,13883146,28,28,2925136,894988
2025-03-16,TikTok Shop,14718033,15749680,49,147,2918188,964765
2025-03-16,Website,6426571,7379598,19,38,1440021,480568
2025-03-17,Shopee,13865141,15762394,53,53,2606383,348603
2025-03-17,Lazada,8255124,8896351,31,62,1510413,281391
2025-03-17,TikTok Shop,14149890,15809396,31,31,2560432,508899
2025-03-17,Website,5993766,6692233,29,29,1136923,307720
2025-03-18,Shopee,14505331,15775513,71,213,4042486,952737
2025-03-18,Lazada,9797112,10750598,21,42,2355590,393775
2025-03-18,TikTok Shop,11289764,12982602,29,29,3094514,676310
2025-03-18,Website,7372066,8190962,18,36,1970610,504074
2025-03-19,Shopee,13232459,14498698,65,195,2913534,927930
2025-03-19,Lazada,9408195,9902765,34,34,2511052,345921
2025-03-19,TikTok Shop,10235368,11124237,30,90,2544702,738903
2025-03-19,Website,5158150,5629154,10,10,930081,300640
2025-03-20,Shopee,13257617,13942546,35,70,3544337,1036426
2025-03-20,Lazada,9157120,10235764,24,24,2203902,403004
2025-03-20,TikTok Shop,10662854,11567420,43,86,2971600,761605
2025-03-20,Website,5622489,6316460,22,44,1353431,352623
2025-03-21,Shopee,15468996,17597892,32,96,3565042,428053
2025-03-21,Lazada,11843944,12793057,48,144,3311928,938433
2025-03-21,TikTok Shop,11981553,12781984,26,52,3300979,586259
2025-03-21,Website,8702919,9347720,18,18,1714852,667101
2025-03-22,Shopee,18802790,19941241,76,228,3439447,1424127
2025-03-22,Lazada,9875630,11260834,26,52,1995249,350167
2025-03-22,TikTok Shop,14086093,16130695,31,93,2708894,396459
2025-03-22,Website,7259189,8082053,15,30,1372307,446491
2025-03-23,Shopee,19341158,22110387,60,180,3606482,785126
2025-03-23,Lazada,13901169,15505252,34,102,3845408,642481
2025-03-23,TikTok Shop,11342636,12163333,35,35,2371719,302655
2025-03-23,Website,8093495,9097558,21,21,2059485,218252
2025-03-24,Shopee,14060520,14942702,35,70,3872364,767915
2025-03-24,Lazada,9958448,10765878,49,147,2325898,705328
2025-03-24,TikTok Shop,11552174,12499039,27,54,3000698,878375
2025-03-24,Website,5589588,6159587,20,60,1336345,147538
2025-03-25,Shopee,13793857,15226064,67,134,2918678,951347
2025-03-25,Lazada,8339729,9454932,23,46,2068237,240564
2025-03-25,TikTok Shop,12724627,13546474,36,108,3370916,886462
2025-03-25,Website,6162720,6839930,28,56,1418891,377873
2025-03-26,Shopee,17623850,20261874,51,153,4183853,1019797
2025-03-26,Lazada,9157848,10069078,29,87,2533515,215473
2025-03-26,TikTok Shop,10316526,10989888,27,81,2074254,659840
2025-03-26,Website,5032879,5637029,15,15,1370532,335000
2025-03-27,Shopee,11250479,12631358,24,48,3132572,670022
2025-03-27,Lazada,7475006,8589577,26,78,1638735,338963
2025-03-27,TikTok Shop,11642099,13377137,25,50,2550857,601555
2025-03-27,Website,6528622,7039398,18,18,1632879,345237
2025-03-28,Shopee,15130093,16084652,60,180,4033464,351735
2025-03-28,Lazada,13293506,14566403,36,36,3160076,618321
2025-03-28,TikTok Shop,13821315,14914694,30,30,2777761,943464
2025-03-28,Website,8143771,9149786,26,26,1760867,581209
2025-03-29,Shopee,22296699,24923958,87,87,4853001,1760593
2025-03-29,Lazada,13302580,15199509,46,46,2867483,644278
2025-03-29,TikTok Shop,14205940,15082939,62,186,3480594,789901
2025-03-29,Website,7150439,7956274,25,50,1462265,193978
2025-03-30,Shopee,13864947,15235671,33,99,3322257,420790
2025-03-30,Lazada,10978947,12379696,27,81,2699195,731899
2025-03-30,TikTok Shop,14314018,15423664,35,105,3213666,296245
2025-03-30,Website,7061652,7473090,27,54,1724038,526155
2025-03-31,Shopee,14158424,14898948,44,132,3946447,690505
2025-03-31,Lazada,9332783,10540765,37,37,2038242,746597
2025-03-31,TikTok Shop,10997528,11875530,25,25,2088916,261850
2025-03-31,Website,5684128,6073428,11,33,1034367,303326
2025-04-01,Shopee,14683273,16567834,30,90,3360360,750815
2025-04-01,Lazada,9742660,10925175,20,60,1874575,635020
2025-04-01,TikTok Shop,9828372,10497354,37,111,2452391,199707
2025-04-01,Website,7212316,8150287,16,16,1326448,393106
2025-04-02,Shopee,14228652,15065041,50,100,3772656,314458
2025-04-02,Lazada,9277438,10210886,34,68,2566396,281071
2025-04-02,TikTok Shop,12274986,13193569,61,61,3370975,628069
2025-04-02,Website,6343701,7079036,17,34,1230586,313547
2025-04-03,Shopee,16053706,17695465,44,88,3862798,812886
2025-04-03,Lazada,9580087,10693884,38,38,1951560,299707
2025-04-03,TikTok Shop,10487139,11909284,29,29,2891748,588629
2025-04-03,Website,6441831,7145139,20,40,1242302,369367
2025-04-04,Shopee,16165314,17862427,67,134,3526920,1199783
2025-04-04,Lazada,12202064,13368664,29,58,3021873,932384
2025-04-04,TikTok Shop,14663145,16182107,53,53,3562511,530278
2025-04-04,Website,7829556,8780413,26,78,1923971,542044
2025-04-05,Shopee,18456852,20154304,64,64,3906135,1241538
2025-04-05,Lazada,9329620,9820274,23,69,1910238,337802
2025-04-05,TikTok Shop,13759140,14598434,28,84,3036341,547083
2025-04-05,Website,8123510,8824422,32,64,2094298,233793
2025-04-06,Shopee,19114875,20593691,60,60,4161606,1493377
2025-04-06,Lazada,10569987,12104520,26,26,2088345,673304
2025-04-06,TikTok Shop,16974349,18822562,47,94,3217557,694828
2025-04-06,Website,7202433,8185852,14,42,1491663,186860
2025-04-07,Shopee,16113177,17193965,71,142,3191493,1101579
2025-04-07,Lazada,9754672,10780544,20,40,2221004,269759
2025-04-07,TikTok Shop,10461536,11702963,51,153,2045744,288551
2025-04-07,Website,7503849,8304930,18,36,1390362,476683
2025-04-08,Shopee,12372523,13866508,31,31,3066177,557934
2025-04-08,Lazada,10307456,11011563,23,46,2678360,516751
2025-04-08,TikTok Shop,12708873,14554984,36,108,3484362,926264
2025-04-08,Website,5690944,6149171,17,17,1563561,252626
2025-04-09,Shopee,16862201,19130581,46,138,3169208,1075761
2025-04-09,Lazada,9009308,9608529,36,36,1697881,334705
2025-04-09,TikTok Shop,11745270,13281959,25,25,3244239,533694
2025-04-09,Website,6385430,7300105,13,13,1455658,325023
2025-04-10,Shopee,14222028,15925659,29,58,2579734,446729
2025-04-10,Lazada,10196632,11434667,50,150,2380225,415040
2025-04-10,TikTok Shop,12438946,13911814,26,26,2994519,968731
2025-04-10,Website,4895141,5582321,10,10,917899,344444
2025-04-11,Shopee,21743286,23598622,46,46,4832928,929432
2025-04-11,Lazada,9674935,11096887,24,48,2625821,338486
2025-04-11,TikTok Shop,16602220,18844810,34,34,3469972,813301
2025-04-11,Website,9146798,9799025,26,78,2223748,398959
2025-04-12,Shopee,16347210,18683404,45,135,3785244,1203238
2025-04-12,Lazada,11495845,13096634,25,50,2135349,233980
2025-04-12,TikTok Shop,12818098,13880144,29,58,2444622,525328
2025-04-12,Website,7853395,8561825,26,26,1493196,388922
2025-04-13,Shopee,18123180,19988230,74,74,4006526,1355370
2025-04-13,Lazada,13229661,14097038,64,192,2712259,638224
2025-04-13,TikTok Shop,17111138,18478806,43,86,4606649,892956
2025-04-13,Website,9415976,9989122,27,54,2312827,436538
2025-04-14,Shopee,13505974,14659031,49,98,2438923,986133
2025-04-14,Lazada,9076745,9631030,29,58,1670354,396406
2025-04-14,TikTok Shop,9080698,10352902,24,24,2239486,698329
2025-04-14,Website,5606756,5953697,16,32,1317657,381199
2025-04-15,Shopee,16167684,17501336,60,120,3721572,1219264
2025-04-15,Lazada,11120898,11823092,27,27,2883330,306574
2025-04-15,TikTok Shop,9698633,10668497,25,75,1975131,588694
2025-04-15,Website,5768496,6304773,15,45,1463716,265695
2025-04-16,Shopee,14451063,15581459,41,41,3700773,503834
2025-04-16,Lazada,9632815,10816928,34,34,1974214,635801
2025-04-16,TikTok Shop,10283885,11820562,30,30,2536346,470483
2025-04-16,Website,6529163,7316881,14,14,1633038,327372
2025-04-17,Shopee,13679292,14621343,46,138,3322574,395654
2025-04-17,Lazada,9307830,9896360,35,35,1930315,293482
2025-04-17,TikTok Shop,12143055,13267869,43,129,2428178,872612
2025-04-17,Website,6220790,6785201,15,30,1555296,490245
2025-04-18,Shopee,17876446,19371235,56,112,3327432,815602
2025-04-18,Lazada,11967541,12930078,52,104,2589269,916473
2025-04-18,TikTok Shop,14664785,15760198,34,34,2906196,293767
2025-04-18,Website,7725729,8275783,20,40,1607075,435664
2025-04-19,Shopee,18287277,19539662,42,84,3956601,699697
2025-04-19,Lazada,14460447,16150798,57,171,3400762,1037081
2025-04-19,TikTok Shop,15827252,17189295,42,84,4024763,875796
2025-04-19,Website,7801797,8377767,19,38,1568187,335812
2025-04-20,Shopee,20461729,21751811,80,240,4914570,459618
2025-04-20,Lazada,11652492,12459925,38,76,3175887,285402
2025-04-20,TikTok Shop,16924822,18818728,34,68,4274111,1343470
2025-04-20,Website,8451460,9324967,27,27,1558289,266241
2025-04-21,Shopee,14344882,16082913,29,87,3980886,1057143
2025-04-21,Lazada,9843909,10956137,22,22,2668535,236869
2025-04-21,TikTok Shop,9265648,10214231,22,66,2400623,278119
2025-04-21,Website,5385899,6030433,15,15,1125468,416589
2025-04-22,Shopee,12455983,14068273,53,159,2478978,857869
2025-04-22,Lazada,9506822,10633090,20,60,2634852,284550
2025-04-22,TikTok Shop,13798466,15018458,29,58,3036834,500742
2025-04-22,Website,7899388,8297201,26,78,1593945,488208
2025-04-23,Shopee,15659731,17155926,33,99,3947159,556391
2025-04-23,Lazada,9913008,10702444,31,62,2331689,300032
2025-04-23,TikTok Shop,8958885,9884845,40,80,1647620,258808
2025-04-23,Website,5828037,6659842,16,32,1558057,134576
2025-04-24,Shopee,13177246,15140045,39,39,3076353,264652
2025-04-24,Lazada,8658499,9639233,22,44,1839552,664849
2025-04-24,TikTok Shop,11203783,12059795,22,22,2474179,635130
2025-04-24,Website,5883669,6757547,15,45,1539122,408538
2025-04-25,Shopee,14432298,16208158,45,90,2852883,1129995
2025-04-25,Lazada,13260069,14794680,27,81,2527956,858539
2025-04-25,TikTok Shop,12957540,14830755,32,64,3459697,752293
2025-04-25,Website,8344892,8934175,17,34,1686202,301481
2025-04-26,Shopee,23650353,25200969,58,58,5983095,1088725
2025-04-26,Lazada,10830756,12349410,38,38,2486700,515148
2025-04-26,TikTok Shop,10361327,11075077,35,70,2842480,319382
2025-04-26,Website,7837358,8245722,22,22,2104529,541169
2025-04-27,Shopee,21449280,22670718,71,71,4775457,1014582
2025-04-27,Lazada,15041950,15944819,36,108,2914064,978128
2025-04-27,TikTok Shop,12689887,14089954,61,122,2771459,337578
2025-04-27,Website,8603772,9690812,41,123,2352854,240310
2025-04-28,Shopee,13766837,14823657,56,168,3303541,929868
2025-04-28,Lazada,9254327,10603254,45,45,2167706,639431
2025-04-28,TikTok Shop,15091890,16151826,61,122,3863029,1109909
2025-04-28,Website,5121953,5535491,17,34,1001092,119611
2025-04-29,Shopee,15032187,16727044,44,44,2737674,340803
2025-04-29,Lazada,9904323,10693439,20,60,2660754,444873
2025-04-29,TikTok Shop,12955434,14784958,64,64,2625646,558677
2025-04-29,Website,6325511,7056338,16,16,1721609,386268
2025-04-30,Shopee,15134520,16635593,58,58,3064018,1171230
2025-04-30,Lazada,8941543,9708108,25,75,1907879,372233
2025-04-30,TikTok Shop,11837846,13489919,48,144,2309686,541199
2025-04-30,Website,5997400,6656881,15,45,1334568,441331
2025-05-01,Shopee,15691143,17456017,43,86,3371063,411663
2025-05-01,Lazada,8970656,10012806,19,38,2341987,562266
2025-05-01,TikTok Shop,11992177,13537796,49,49,3091324,345319
2025-05-01,Website,6236025,6791405,22,66,1619403,490029
2025-05-02,Shopee,21557973,22879830,91,182,5949107,791362
2025-05-02,Lazada,12133654,13132319,49,49,2404735,522973
2025-05-02,TikTok Shop,11747177,12915088,31,62,2929065,526704
2025-05-02,Website,9371839,9969970,25,75,2550644,402906
2025-05-03,Shopee,16935643,18624300,34,102,3882668,883579
2025-05-03,Lazada,11256525,12252308,35,105,2830927,581025
2025-05-03,TikTok Shop,13862070,15529807,44,44,2996577,446314
2025-05-03,Website,9486279,10304374,45,90,2615951,713883
2025-05-04,Shopee,14138026,16133413,61,122,3744812,1018028
2025-05-04,Lazada,16822089,18158936,61,61,4433045,893085
2025-05-04,TikTok Shop,16829186,18078749,39,39,3123271,475729
2025-05-04,Website,8365350,9099377,30,30,2088094,380477
2025-05-05,Shopee,14533628,16279701,63,189,3461339,706474
2025-05-05,Lazada,9727276,10243003,34,68,1888334,337563
2025-05-05,TikTok Shop,12213836,13519719,59,118,2381353,377963
2025-05-05,Website,6755460,7598614,24,72,1856918,325688
2025-05-06,Shopee,15612886,17086701,41,123,3895801,580895
2025-05-06,Lazada,9510649,10043246,33,99,1742464,618839
2025-05-06,TikTok Shop,11228161,11969611,24,48,2956016,682607
2025-05-06,Website,6159128,6808396,14,28,1674759,308648
2025-05-07,Shopee,14301492,15622478,44,44,2963023,364920
2025-05-07,Lazada,10694797,12275410,26,26,2719831,470829
2025-05-07,TikTok Shop,12325536,13211626,53,53,3232378,968285
2025-05-07,Website,4061535,4596259,16,32,924980,240288
2025-05-08,Shopee,15804152,17901764,38,38,2931151,668337
2025-05-08,Lazada,9638595,10308217,22,22,1835574,402528
2025-05-08,TikTok Shop,11485656,12092155,30,60,2254359,303082
2025-05-08,Website,5986259,6643018,19,38,1189915,192180
2025-05-09,Shopee,21625850,23226888,99,99,6004770,1165370
2025-05-09,Lazada,13642753,15670739,27,54,2518016,530360
2025-05-09,TikTok Shop,13583508,14274200,37,74,3466076,1053052
2025-05-09,Website,8565508,9160711,18,36,2163380,671802
2025-05-10,Shopee,16841602,18241675,67,201,3879595,844280
2025-05-10,Lazada,10226759,10762320,36,72,2328585,737643
2025-05-10,TikTok Shop,13852720,14947250,63,63,3438763,342511
2025-05-10,Website,9016042,10325909,36,36,2420268,617135
2025-05-11,Shopee,21255143,23952050,77,77,5937447,1064823
2025-05-11,Lazada,13016550,14878212,27,54,2925444,362795
2025-05-11,TikTok Shop,16290389,17691878,46,92,2997453,1022478
2025-05-11,Website,8680734,9322336,21,63,2089346,672591
2025-05-12,Shopee,13549043,15077090,27,54,2570804,283128
2025-05-12,Lazada,9925600,10964946,27,27,2281808,469366
2025-05-12,TikTok Shop,12641283,14454113,43,43,2361596,690096
2025-05-12,Website,6860430,7264666,17,17,1722417,326862
2025-05-13,Shopee,16781246,19262326,37,74,4111895,477038
2025-05-13,Lazada,10243452,11750961,38,76,1884378,732819
2025-05-13,TikTok Shop,12025643,13118814,29,87,3267536,333580
2025-05-13,Website,7102263,7821352,18,54,1954575,301285
2025-05-14,Shopee,14646239,16119566,35,70,3921397,1164008
2025-05-14,Lazada,8445930,9392393,37,111,1568459,569555
2025-05-14,TikTok Shop,11318597,11893517,22,22,2366334,333812
2025-05-14,Website,5734122,6510424,14,14,1254754,273728
2025-05-15,Shopee,13508986,14655815,54,108,3299549,999767
2025-05-15,Lazada,9286116,9851751,20,20,2351038,696901
2025-05-15,TikTok Shop,10451706,11777209,25,25,2300964,249464
2025-05-15,Website,6067181,6975097,15,30,1221102,391194
2025-05-16,Shopee,14774595,15924613,56,56,3464763,1136344
2025-05-16,Lazada,12605437,14042730,45,90,2985228,999216
2025-05-16,TikTok Shop,15024323,15869291,37,74,3890637,1182619
2025-05-16,Website,7390483,7799973,23,23,2034338,450969
2025-05-17,Shopee,20641422,22193804,60,60,3888000,498605
2025-05-17,Lazada,13680182,14475971,33,99,3079985,618116
2025-05-17,TikTok Shop,12130040,13548823,38,76,2406695,281715
2025-05-17,Website,7447480,8074572,17,34,1463082,305023
2025-05-18,Shopee,17370983,19076163,41,123,4323343,514899
2025-05-18,Lazada,10914965,11847859,25,75,2587193,757291
2025-05-18,TikTok Shop,16533133,18654453,33,99,3304246,1047596
2025-05-18,Website,8010936,8670822,29,87,2037050,514327
2025-05-19,Shopee,14260507,14993763,38,76,3898565,712551
2025-05-19,Lazada,7191292,7632554,19,57,1586677,368493
2025-05-19,TikTok Shop,12454367,14307874,61,61,3031758,726525
2025-05-19,Website,5373336,5661608,21,63,1493267,242932
2025-05-20,Shopee,14840973,16732283,30,90,3231706,606775
2025-05-20,Lazada,9787794,11228308,32,96,2696640,413196
2025-05-20,TikTok Shop,13467863,14163062,34,68,3100417,970568
2025-05-20,Website,5323176,5934762,11,22,1178580,218802
2025-05-21,Shopee,9400362,10270694,19,38,1798647,287170
2025-05-21,Lazada,9686081,10531794,22,66,2319712,509156
2025-05-21,TikTok Shop,14085639,15191400,35,105,3505282,651455
2025-05-21,Website,7257320,8129717,20,20,2028684,496084
2025-05-22,Shopee,15120072,16011609,59,59,3653403,675516
2025-05-22,Lazada,8922126,10037342,19,57,2433268,231816
2025-05-22,TikTok Shop,12710901,13986264,29,29,3136682,903774
2025-05-22,Website,5582546,5986096,17,34,1312785,150003
2025-05-23,Shopee,20279345,23220969,45,90,5612544,1517742
2025-05-23,Lazada,13079803,14921431,31,93,3274967,843244
2025-05-23,TikTok Shop,16989763,19435638,83,83,3920491,612592
2025-05-23,Website,10943726,11827319,32,64,2706713,221604
2025-05-24,Shopee,20095645,21166089,48,48,3925434,853348
2025-05-24,Lazada,11584120,13113264,24,72,2452904,350126
2025-05-24,TikTok Shop,15033073,17277254,30,30,3541400,653664
2025-05-24,Website,6479001,7339768,15,45,1444236,494759
2025-05-25,Shopee,17600298,20200487,43,43,3877555,687952
2025-05-25,Lazada,11737263,12837516,41,41,2946082,323712
2025-05-25,TikTok Shop,14137701,15737298,53,106,3736638,814884
2025-05-25,Website,8379447,9500063,24,24,2303259,270034
2025-05-26,Shopee,13318652,14018734,53,53,3234960,740481
2025-05-26,Lazada,10777408,11982429,50,150,2932095,266486
2025-05-26,TikTok Shop,11610788,12220691,28,84,2241518,548289
2025-05-26,Website,6325932,6760242,16,48,1706679,239217
2025-05-27,Shopee,14202289,16106044,29,87,3664232,953867
2025-05-27,Lazada,9680992,10803268,28,56,1822895,277130
2025-05-27,TikTok Shop,12766121,14219399,60,180,3404647,340292
2025-05-27,Website,5676704,6021323,21,42,1170533,175056
2025-05-28,Shopee,13622896,14977346,56,112,3695509,442449
2025-05-28,Lazada,9161943,10069925,36,36,2028221,450685
2025-05-28,TikTok Shop,9744575,10436729,40,80,2119693,378237
2025-05-28,Website,5715807,6463748,13,13,1199608,424217
2025-05-29,Shopee,13952346,15530654,28,28,2674954,566028
2025-05-29,Lazada,10511168,11545373,27,81,2522673,213386
2025-05-29,TikTok Shop,11993336,13482545,25,25,2390086,261135
2025-05-29,Website,6489330,7149940,30,30,1308448,271860
2025-05-30,Shopee,21211717,22334872,67,67,4284260,1350436
2025-05-30,Lazada,12168790,13102855,45,90,2432830,310526
2025-05-30,TikTok Shop,15830815,17654405,32,64,4029250,787553
2025-05-30,Website,8146329,9324570,17,17,1670073,259645
2025-05-31,Shopee,19868765,22773323,57,57,4736015,1311079
2025-05-31,Lazada,11512952,12279315,31,31,3170393,567242
2025-05-31,TikTok Shop,10701659,11690211,24,72,2217035,418702
2025-05-31,Website,8119425,9018485,31,62,1623658,334317
2025-06-01,Shopee,22553758,24695019,96,96,6220546,793527
2025-06-01,Lazada,13760930,14852824,33,99,3784776,713228
2025-06-01,TikTok Shop,16890084,17785158,41,41,4406691,772944
2025-06-01,Website,9481004,10294232,31,31,1910597,401043
2025-06-02,Shopee,14983732,16900923,54,54,2711506,918466
2025-06-02,Lazada,9756674,10453078,26,78,2532090,721259
2025-06-02,TikTok Shop,10785597,11396315,21,42,2590487,556922
2025-06-02,Website,6113001,6761565,24,72,1471952,446259
2025-06-03,Shopee,15929048,17639746,66,198,3539036,1041315
2025-06-03,Lazada,10913057,12346372,29,29,2179472,743872
2025-06-03,TikTok Shop,11459479,12086074,24,48,2545422,314512
2025-06-03,Website,6013578,6675932,20,60,1312678,328250
2025-06-04,Shopee,14840940,15609458,42,126,4137587,1108597
2025-06-04,Lazada,10228261,10873724,29,58,1878940,531952
2025-06-04,TikTok Shop,9639758,10159457,20,60,1750843,464575
2025-06-04,Website,4607555,5171176,11,22,975507,187755
2025-06-05,Shopee,13866142,15331030,57,114,3180641,316486
2025-06-05,Lazada,8146369,9121047,22,44,1868237,476284
2025-06-05,TikTok Shop,10954175,12425403,41,123,2084299,366317
2025-06-05,Website,6250161,6649380,30,60,1663411,396605
2025-06-06,Shopee,18259922,19483686,57,57,4609001,1255131
2025-06-06,Lazada,14577360,16748752,30,90,3889261,518681
2025-06-06,TikTok Shop,15767196,16730262,70,140,2956416,626900
2025-06-06,Website,8574200,9234338,21,21,2336348,471643
2025-06-07,Shopee,20761773,22062059,78,78,5300553,1521172
2025-06-07,Lazada,10722295,11941316,25,75,2061225,553864
2025-06-07,TikTok Shop,17072227,19054772,37,74,3622575,1090094
2025-06-07,Website,8204423,8689961,25,50,2060444,337863
2025-06-08,Shopee,20883518,23304922,63,189,5546377,1288469
2025-06-08,Lazada,10827209,12420720,45,45,2178949,652122
2025-06-08,TikTok Shop,12355042,13984069,27,27,2826396,499477
2025-06-08,Website,9096608,10018938,19,38,2329176,352125
2025-06-09,Shopee,15546891,17343007,35,105,2962710,432260
2025-06-09,Lazada,8527396,9282561,21,42,2274989,433259
2025-06-09,TikTok Shop,10467798,11187933,25,50,2327090,640378
2025-06-09,Website,7235958,7704334,28,28,1841570,249161
2025-06-10,Shopee,12757901,13634406,28,28,2904005,661537
2025-06-10,Lazada,11452854,12329660,29,87,2157794,525553
2025-06-10,TikTok Shop,10429285,11364717,37,74,2407003,241849
2025-06-10,Website,6866600,7463843,20,20,1681371,438914
2025-06-11,Shopee,14301864,15294316,33,33,3150260,795798
2025-06-11,Lazada,10264309,11401028,21,63,2292600,624785
2025-06-11,TikTok Shop,10934662,12529998,33,33,2094193,805923
2025-06-11,Website,6256346,6718545,18,54,1189351,210138
2025-06-12,Shopee,14969144,16304254,36,36,3023600,1039519
2025-06-12,Lazada,8424366,9262735,24,24,2178312,344203
2025-06-12,TikTok Shop,12744473,14281270,36,72,3229299,326954
2025-06-12,Website,5990837,6834217,12,36,1363969,229566
2025-06-13,Shopee,18842435,20105317,57,171,3522508,588650
2025-06-13,Lazada,10968537,11672535,25,25,2704876,500992
2025-06-13,TikTok Shop,10541781,11256003,49,98,2826523,318820
2025-06-13,Website,8112765,9000306,39,78,1933401,399947
2025-06-14,Shopee,24994647,27425547,75,75,6545914,1350611
2025-06-14,Lazada,13633687,15454274,38,114,3140038,890274
2025-06-14,TikTok Shop,15194301,16105947,60,180,3245012,751202
2025-06-14,Website,8044940,9243470,20,40,1981797,283280
2025-06-15,Shopee,19444379,20442967,44,88,4085525,778248
2025-06-15,Lazada,13284819,14978005,28,84,3034724,480861
2025-06-15,TikTok Shop,13077654,14683872,27,27,2547397,583514
2025-06-15,Website,9422222,10514603,29,29,2032556,205916
2025-06-16,Shopee,16205162,17597866,38,114,3061599,1219258
2025-06-16,Lazada,10420833,11607488,26,52,2789807,632837
2025-06-16,TikTok Shop,12342988,14178800,28,84,2437681,921029
2025-06-16,Website,6411056,7300908,16,32,1531696,491831
2025-06-17,Shopee,16136579,17442550,46,46,3839726,1002245
2025-06-17,Lazada,10280163,11239775,38,76,2432968,694441
2025-06-17,TikTok Shop,11233089,12118715,29,29,2582405,686697
2025-06-17,Website,5958543,6662201,13,39,1648533,342185
2025-06-18,Shopee,15120584,16335743,53,106,2819409,569798
2025-06-18,Lazada,11388029,12004068,26,52,2989893,312102
2025-06-18,TikTok Shop,9991792,10796952,21,42,2150489,699891
2025-06-18,Website,5274588,5670939,23,46,1412916,354008
2025-06-19,Shopee,15240482,17016495,32,96,2979571,383454
2025-06-19,Lazada,9666168,10287359,28,84,1930070,532736
2025-06-19,TikTok Shop,11986756,12934671,49,49,2724803,494789
2025-06-19,Website,6592502,7200702,16,16,1775383,495833
2025-06-20,Shopee,18916978,20190662,52,104,4689374,744360
2025-06-20,Lazada,14729609,16472594,53,53,3019600,662519
2025-06-20,TikTok Shop,12338442,13326829,40,40,2587784,933121
2025-06-20,Website,7502195,8286797,16,32,1937371,525387
2025-06-21,Shopee,19205744,20432242,76,152,4790169,964684
2025-06-21,Lazada,10036381,11008283,25,50,2274798,779694
2025-06-21,TikTok Shop,14957113,15746359,33,99,2731800,987262
2025-06-21,Website,9995963,11251312,40,120,2705756,671708
2025-06-22,Shopee,19504564,21207529,41,123,4570445,1051968
2025-06-22,Lazada,12853553,13565044,36,72,2475512,773845
2025-06-22,TikTok Shop,12975049,14671512,29,87,2932647,301810
2025-06-22,Website,7721479,8316167,33,99,1472524,429780
2025-06-23,Shopee,14298862,15822325,40,120,3047527,338195
2025-06-23,Lazada,9258520,10405987,19,19,2316086,471961
2025-06-23,TikTok Shop,13573848,15257581,27,54,2628444,1000435
2025-06-23,Website,6846444,7394771,24,48,1724717,521643
2025-06-24,Shopee,12982043,14440789,28,28,2485683,259669
2025-06-24,Lazada,9914861,10926001,37,37,1987229,480123
2025-06-24,TikTok Shop,12473688,13650975,26,26,3400383,473943
2025-06-24,Website,7298371,8380498,16,16,1928026,385377
2025-06-25,Shopee,17829508,20253097,41,123,3428965,513040
2025-06-25,Lazada,8460909,9040319,40,120,2079239,255913
2025-06-25,TikTok Shop,10629710,11374163,21,42,2221648,638337
2025-06-25,Website,5453709,5926731,11,22,1195011,337362
2025-06-26,Shopee,14572933,15977711,56,112,2839050,539276
2025-06-26,Lazada,10178427,11261625,38,38,2423013,224384
2025-06-26,TikTok Shop,13176815,13891830,30,60,3640486,633468
2025-06-26,Website,6367433,6862121,14,14,1373931,454319
2025-06-27,Shopee,18752807,20085719,40,120,4360132,952318
2025-06-27,Lazada,12764853,14240366,43,86,3134963,686607
2025-06-27,TikTok Shop,13786878,15462235,31,31,2865382,906576
2025-06-27,Website,10453349,11941359,29,29,2839297,613696
2025-06-28,Shopee,15746467,18049474,39,117,3872012,859164
2025-06-28,Lazada,12820451,14455569,27,81,2640021,793152
2025-06-28,TikTok Shop,19052129,21118319,49,98,3558118,414790
2025-06-28,Website,8368423,8980744,29,87,1595206,636452
2025-06-29,Shopee,19074364,20645442,42,42,5305207,1306848
2025-06-29,Lazada,12010012,12737137,37,37,3036327,516971
2025-06-29,TikTok Shop,15004755,17138995,35,35,3619002,403154
2025-06-29,Website,9743648,10661040,40,80,2344841,686350
2025-06-30,Shopee,11034809,11940943,37,111,2482291,308897
2025-06-30,Lazada,11434004,12234081,23,46,2619648,694398
2025-06-30,TikTok Shop,9786164,10472363,30,30,2186291,506060
2025-06-30,Website,6231995,6597201,20,20,1513824,374664
2025-07-01,Shopee,14254866,15014992,46,46,3839250,592627
2025-07-01,Lazada,10343857,11448886,24,24,2214321,630372
2025-07-01,TikTok Shop,9543926,10494668,20,20,2262264,462155
2025-07-01,Website,6798222,7380480,17,51,1803855,462930
2025-07-02,Shopee,18688502,20421883,43,86,4997262,1011966
2025-07-02,Lazada,8084827,9121615,30,60,1536855,403617
2025-07-02,TikTok Shop,12082943,13413866,53,106,2202168,837102
2025-07-02,Website,5932102,6775810,16,32,1299383,246030
2025-07-03,Shopee,15811795,18133148,55,55,3691143,545252
2025-07-03,Lazada,9692720,11080533,20,60,2047334,553636
2025-07-03,TikTok Shop,10909653,12216104,22,22,2599522,831486
2025-07-03,Website,6824438,7611453,20,20,1459096,243311
2025-07-04,Shopee,23801248,27104929,63,63,4615749,1257307
2025-07-04,Lazada,12289369,14039589,32,96,3333270,291746
2025-07-04,TikTok Shop,16700237,17657014,36,108,4516285,1038512
2025-07-04,Website,7083709,7682881,32,32,1947955,395900
2025-07-05,Shopee,17327534,19731762,71,142,4759182,627785
2025-07-05,Lazada,13296684,14099886,59,118,3068349,784773
2025-07-05,TikTok Shop,18118672,19889940,42,42,3300213,422553
2025-07-05,Website,8746885,9651475,28,56,2170925,562210
2025-07-06,Shopee,18847519,20698672,38,76,4835673,1163390
2025-07-06,Lazada,12588130,14100389,29,87,2439291,582543
2025-07-06,TikTok Shop,13078027,14191999,33,66,2924933,307011
2025-07-06,Website,9001629,9534517,27,27,1824744,583743
2025-07-07,Shopee,16666717,18446803,34,34,4455440,583257
2025-07-07,Lazada,9162891,9691234,39,39,2051164,338622
2025-07-07,TikTok Shop,11173580,12122962,30,90,3006167,892605
2025-07-07,Website,6665077,7402317,24,48,1637998,395875
2025-07-08,Shopee,14287817,15359687,59,177,2865937,890350
2025-07-08,Lazada,9616077,10960059,24,24,2157407,366980
2025-07-08,TikTok Shop,14832048,16730860,37,74,3958631,513965
2025-07-08,Website,6270446,6783908,18,54,1444363,145724
2025-07-09,Shopee,14436333,16176635,34,102,3300445,356675
2025-07-09,Lazada,8943956,10143720,32,96,1816102,577015
2025-07-09,TikTok Shop,12910964,13714992,41,123,3377998,368191
2025-07-09,Website,6324406,7082286,19,57,1621699,488135
2025-07-10,Shopee,13915959,15306035,65,65,2881019,769475
2025-07-10,Lazada,11240315,12732106,31,31,2090384,801147
2025-07-10,TikTok Shop,13878038,15259399,34,68,3031884,314545
2025-07-10,Website,6001975,6529745,19,57,1339092,138859
2025-07-11,Shopee,15232170,16041464,42,84,4169386,1136369
2025-07-11,Lazada,14144041,16156312,37,74,3691939,784393
2025-07-11,TikTok Shop,14155501,15345900,66,198,3162447,646240
2025-07-11,Website,9210418,10414585,40,120,2015341,582815
2025-07-12,Shopee,14995179,17032296,42,126,3394163,815080
2025-07-12,Lazada,13976510,15750146,28,56,2742958,599277
2025-07-12,TikTok Shop,13187138,14020397,40,40,2743848,803834
2025-07-12,Website,9154231,9690245,26,26,2353863,345568
2025-07-13,Shopee,19680551,21441175,39,117,4082277,710957
2025-07-13,Lazada,11184342,12618652,33,99,2026982,429632
2025-07-13,TikTok Shop,14682847,16644475,39,39,3294550,308868
2025-07-13,Website,9113564,9994335,44,88,2078082,643960
2025-07-14,Shopee,15312135,16703412,48,144,4193740,560221
2025-07-14,Lazada,10401659,11248382,21,21,2330429,369055
2025-07-14,TikTok Shop,14697614,15813957,42,84,2832557,849820
2025-07-14,Website,5263646,5985417,19,57,973553,141417
2025-07-15,Shopee,18062629,19298574,82,246,4805689,989714
2025-07-15,Lazada,9846277,10883492,44,44,1832208,619065
2025-07-15,TikTok Shop,10603600,12167931,31,31,2627983,757621
2025-07-15,Website,5448069,6014909,14,14,1307852,223282
2025-07-16,Shopee,14790542,16279858,61,61,3418147,506113
2025-07-16,Lazada,10805008,11961539,29,87,2394357,632236
2025-07-16,TikTok Shop,11708998,12461979,33,66,2818317,487296
2025-07-16,Website,7662162,8732867,18,36,1739836,600791
2025-07-17,Shopee,12504330,13330007,57,57,2614496,362673
2025-07-17,Lazada,9719380,10308600,45,45,2534848,492265
2025-07-17,TikTok Shop,10108608,11406015,21,63,2167339,332494
2025-07-17,Website,6772153,7555731,31,31,1477067,540887
2025-07-18,Shopee,21788193,24958766,90,90,5153784,1740196
2025-07-18,Lazada,12020209,13503444,24,72,3044774,851700
2025-07-18,TikTok Shop,10637325,12018268,22,66,2417150,547470
2025-07-18,Website,8641085,9347009,20,20,2277798,324766
2025-07-19,Shopee,20734029,22452225,63,126,4210855,806325
2025-07-19,Lazada,13279709,14864076,50,100,3363483,966944
2025-07-19,TikTok Shop,17775302,18805719,45,135,4098351,1330981
2025-07-19,Website,7358287,8171539,16,32,1903077,248606
2025-07-20,Shopee,21319496,24359053,80,80,5492858,947802
2025-07-20,Lazada,14484346,16085656,53,106,3101927,392205
2025-07-20,TikTok Shop,12181523,13303469,29,29,2894344,706014
2025-07-20,Website,8771427,9999315,28,56,1592463,238998
2025-07-21,Shopee,14251252,16054761,42,126,3890770,920221
2025-07-21,Lazada,9656104,10978467,36,72,1761207,289839
2025-07-21,TikTok Shop,12415754,13200899,52,156,3375375,921940
2025-07-21,Website,6120903,6504961,15,45,1442661,383897
2025-07-22,Shopee,13945455,15112422,53,106,3335025,794860
2025-07-22,Lazada,9795983,10358030,43,86,2693816,731177
2025-07-22,TikTok Shop,10368282,11654672,23,46,2166236,504172
2025-07-22,Website,5656535,6354237,20,60,1451442,424130
2025-07-23,Shopee,16420791,17379419,35,35,3930404,692833
2025-07-23,Lazada,8414963,9154954,19,38,1663405,533105
2025-07-23,TikTok Shop,12883353,14744699,37,37,2618237,638983
2025-07-23,Website,6868210,7599078,30,90,1634516,485197
2025-07-24,Shopee,12044199,12989979,28,56,2551658,369817
2025-07-24,Lazada,8971030,9457201,32,96,2406375,572882
2025-07-24,TikTok Shop,13645203,15035834,32,96,3656347,530280
2025-07-24,Website,5743513,6194259,15,15,1199156,282570
2025-07-25,Shopee,18655122,21239508,58,116,5110020,663483
2025-07-25,Lazada,13404550,15314050,52,156,2786308,345282
2025-07-25,TikTok Shop,16981886,19255403,34,34,3103185,1259249
2025-07-25,Website,8211329,9063596,16,16,1483512,574385
2025-07-26,Shopee,18348011,19943445,85,170,5030669,995745
2025-07-26,Lazada,14874950,16393524,34,68,3116215,395330
2025-07-26,TikTok Shop,18770372,20543055,71,142,4304526,473235
2025-07-26,Website,9465805,10879123,34,102,2336838,739340
2025-07-27,Shopee,19976753,22462415,82,82,5048848,791618
2025-07-27,Lazada,11479084,12437975,24,48,2790134,582801
2025-07-27,TikTok Shop,13988641,15676804,58,116,3766123,311966
2025-07-27,Website,9006078,10296080,35,105,1907062,634801
2025-07-28,Shopee,15982062,18298155,73,219,2889510,450894
2025-07-28,Lazada,11428421,12996531,28,28,2826646,410476
2025-07-28,TikTok Shop,12890292,14159350,46,46,3265834,476373
2025-07-28,Website,5345629,5952237,17,17,1470493,381835
2025-07-29,Shopee,17146908,18009737,54,54,3927827,971767
2025-07-29,Lazada,8615278,9079480,29,87,1777395,368884
2025-07-29,TikTok Shop,11411309,12709591,35,70,2659361,881639
2025-07-29,Website,6720907,7621973,18,36,1658704,332102
2025-07-30,Shopee,18879761,20952461,46,138,4306396,486947
2025-07-30,Lazada,13446279,15413360,51,102,2984528,629694
2025-07-30,TikTok Shop,12839351,14331821,38,38,2537305,993495
2025-07-30,Website,6384491,6925627,24,48,1599199,424064
2025-07-31,Shopee,16216440,18389639,35,70,3893663,992986
2025-07-31,Lazada,10840010,11697379,50,150,2184377,770284
2025-07-31,TikTok Shop,11512758,12158398,27,54,2373476,449655
2025-07-31,Website,7937943,8977044,19,38,1745299,593299
2025-08-01,Shopee,20366995,22374173,59,59,4358214,1407593
2025-08-01,Lazada,13502327,14781857,37,37,3203435,404963
2025-08-01,TikTok Shop,16817129,18968968,54,54,4621141,955183
2025-08-01,Website,8923925,9485432,23,69,1624083,565185
2025-08-02,Shopee,21825132,23113366,54,162,4655929,898367
2025-08-02,Lazada,11802964,12468019,24,24,2736693,492489
2025-08-02,TikTok Shop,14536059,16694980,47,141,3191430,916778
2025-08-02,Website,7376194,8336047,20,40,1572237,242949
2025-08-03,Shopee,20884259,23891621,63,63,5524893,1363895
2025-08-03,Lazada,13945053,14785272,29,58,3613642,314281
2025-08-03,TikTok Shop,16443237,17761107,47,47,3998264,1007711
2025-08-03,Website,10210384,10999094,46,46,2667969,435691
2025-08-04,Shopee,15256748,16219743,37,111,4083654,1094199
2025-08-04,Lazada,10602104,11210548,44,132,2654225,678093
2025-08-04,TikTok Shop,10424040,10960609,49,147,2506848,303453
2025-08-04,Website,6239065,6672233,15,45,1659156,418556
2025-08-05,Shopee,16548837,18224168,39,39,3478820,786638
2025-08-05,Lazada,10819480,11646380,42,126,2570926,460854
2025-08-05,TikTok Shop,11577652,12264279,27,54,2733479,567316
2025-08-05,Website,6489757,7143012,13,26,1179327,323333
2025-08-06,Shopee,12497645,14311624,30,90,3142631,589092
2025-08-06,Lazada,9402627,10246370,44,44,2112850,457046
2025-08-06,TikTok Shop,13289346,14808077,51,102,2583145,768056
2025-08-06,Website,7001042,7417876,28,28,1405586,535759
2025-08-07,Shopee,16206501,17152781,48,96,3916282,784571
2025-08-07,Lazada,9886701,11133000,19,19,2538320,347235
2025-08-07,TikTok Shop,12022181,13513546,33,33,2207885,737439
2025-08-07,Website,6032829,6860188,14,28,1502414,393957
2025-08-08,Shopee,21550919,23804258,47,94,5946923,735842
2025-08-08,Lazada,13427968,15051232,30,90,3162028,864507
2025-08-08,TikTok Shop,16545152,18896600,68,136,4135056,703850
2025-08-08,Website,7983587,8512175,38,114,1534028,254214
2025-08-09,Shopee,14752329,15547571,56,112,3385932,849290
2025-08-09,Lazada,14471760,15900402,30,90,3870060,652515
2025-08-09,TikTok Shop,14731798,15905556,71,142,4118634,930999
2025-08-09,Website,7642739,8424194,22,66,2055549,411398
2025-08-10,Shopee,21557869,22940844,75,225,5357182,1469575
2025-08-10,Lazada,12192103,13434942,30,60,2770180,397914
2025-08-10,TikTok Shop,17625963,20141329,47,141,4928548,1333765
2025-08-10,Website,9160815,10099230,32,64,1657944,412037
2025-08-11,Shopee,16572346,18180681,59,59,3499815,518059
2025-08-11,Lazada,8232096,9086367,33,66,1559747,473332
2025-08-11,TikTok Shop,13784144,14565391,48,144,3251895,462620
2025-08-11,Website,6769782,7736425,32,64,1410950,505639
2025-08-12,Shopee,14643988,16232082,34,68,3173755,966786
2025-08-12,Lazada,10019994,11083228,30,90,2464285,246978
2025-08-12,TikTok Shop,9473302,10044520,33,33,1970433,338919
2025-08-12,Website,6889035,7320773,27,81,1644631,454423
2025-08-13,Shopee,13436368,14881659,36,108,3231145,1048030
2025-08-13,Lazada,8255332,8840888,18,18,2132654,655021
2025-08-13,TikTok Shop,9844582,11251911,39,117,1916240,294246
2025-08-13,Website,7447244,8060403,37,37,1442512,509645
2025-08-14,Shopee,14178878,15830494,33,66,2981192,930141
2025-08-14,Lazada,11674115,12911740,35,70,3004823,728169
2025-08-14,TikTok Shop,11275699,12191017,29,87,2387034,278419
2025-08-14,Website,5226304,5986920,16,48,1376402,327589
2025-08-15,Shopee,17274616,19106564,40,80,4310189,605170
2025-08-15,Lazada,14724847,16282596,55,110,3610668,451769
2025-08-15,TikTok Shop,15379597,17464105,39,117,3300448,698921
2025-08-15,Website,7986336,9085492,16,16,1742984,245503
2025-08-16,Shopee,20339505,21754801,98,196,4730974,413642
2025-08-16,Lazada,13601537,14728359,37,74,3693915,682357
2025-08-16,TikTok Shop,17782441,19750556,85,85,4351751,1040281
2025-08-16,Website,10039330,10585386,24,72,2514114,365938
2025-08-17,Shopee,19103449,21913835,83,83,5087602,1445262
2025-08-17,Lazada,10792537,11861323,24,48,2752028,635172
2025-08-17,TikTok Shop,14908772,16857990,30,30,3234508,846449
2025-08-17,Website,8823854,9887693,31,31,2356775,246176
2025-08-18,Shopee,13588021,15400751,32,32,2522002,791484
2025-08-18,Lazada,8742989,9454875,37,111,1816337,622103
2025-08-18,TikTok Shop,12570546,13617251,60,180,3328970,490111
2025-08-18,Website,6546555,7466820,22,66,1651130,274794
2025-08-19,Shopee,15432499,17655620,74,148,3420426,926928
2025-08-19,Lazada,8982546,9490019,38,114,1749363,323355
2025-08-19,TikTok Shop,11744066,12852000,40,80,2828592,720181
2025-08-19,Website,5857338,6251518,14,42,1547581,447884
2025-08-20,Shopee,17021843,18338931,46,92,3264304,816625
2025-08-20,Lazada,11114699,12299736,45,90,2098635,834499
2025-08-20,TikTok Shop,9406491,10563066,31,31,1991826,541790
2025-08-20,Website,5855831,6597603,27,27,1181429,248708
2025-08-21,Shopee,12622928,14361356,52,52,2660638,768149
2025-08-21,Lazada,9119474,10257044,30,90,1762552,211573
2025-08-21,TikTok Shop,11967958,12779391,34,34,2830470,536631
2025-08-21,Website,5446925,5867863,18,18,1076918,205327
2025-08-22,Shopee,17797231,19157909,41,82,3835576,744223
2025-08-22,Lazada,11314343,12388836,23,69,2813922,342015
2025-08-22,TikTok Shop,16113910,17170506,40,120,3239964,1001177
2025-08-22,Website,8647464,9638471,22,66,2245116,280583
2025-08-23,Shopee,18286098,20209084,39,117,4743953,465298
2025-08-23,Lazada,13143082,14139609,42,84,2708587,989873
2025-08-23,TikTok Shop,14698087,16400613,31,31,3344123,706020
2025-08-23,Website,8300304,9024325,22,44,2040468,614857
2025-08-24,Shopee,24051229,26940475,65,195,5192382,1781269
2025-08-24,Lazada,14946999,16324227,52,104,3193683,1108750
2025-08-24,TikTok Shop,13282945,15160023,44,88,2607104,701428
2025-08-24,Website,9438581,10324872,44,132,2129764,514949
2025-08-25,Shopee,16914824,18996962,39,78,4455528,594632
2025-08-25,Lazada,8543623,9484226,21,42,2117585,324747
2025-08-25,TikTok Shop,13300946,14981085,41,123,2537628,605907
2025-08-25,Website,7825149,8962912,22,44,1872618,233515
2025-08-26,Shopee,13343708,15241656,46,138,3689850,1021738
2025-08-26,Lazada,8822020,10102531,29,87,2251247,245194
2025-08-26,TikTok Shop,13596159,15348119,36,36,3766578,524219
2025-08-26,Website,6824318,7712495,24,48,1498616,325078
2025-08-27,Shopee,16448981,17601079,59,59,3456395,408305
2025-08-27,Lazada,10323356,11725022,31,62,1951287,358055
2025-08-27,TikTok Shop,12690322,14398018,25,50,2290533,375123
2025-08-27,Website,5559524,6099243,22,66,1219786,182072
2025-08-28,Shopee,17374842,19404982,38,76,4354525,1142976
2025-08-28,Lazada,11315131,12319432,45,90,2900118,316955
2025-08-28,TikTok Shop,11793668,13442447,31,93,2984237,536323
2025-08-28,Website,6580488,7260986,16,32,1505819,423953
2025-08-29,Shopee,16386236,17568820,76,228,3241460,558926
2025-08-29,Lazada,13701481,14852201,35,35,3302833,891981
2025-08-29,TikTok Shop,16855661,18786607,70,70,3876717,381863
2025-08-29,Website,8539193,9337950,23,46,1865017,262943
2025-08-30,Shopee,22793441,24582644,81,162,5641999,1113212
2025-08-30,Lazada,12393359,14200947,36,72,2453288,543981
2025-08-30,TikTok Shop,16849191,19097265,35,70,4391285,687063
2025-08-30,Website,7554113,8427269,29,58,1966751,156623
2025-08-31,Shopee,20036013,21295756,54,162,4375846,947333
2025-08-31,Lazada,12646548,14105729,27,81,2784395,838233
2025-08-31,TikTok Shop,16214038,17713806,45,135,3946687,911523
2025-08-31,Website,8229352,9053983,18,36,2067232,581405
2025-09-01,Shopee,15219045,16149951,38,38,4232012,789909
2025-09-01,Lazada,10925859,12423045,27,27,2130966,439514
2025-09-01,TikTok Shop,11512724,12315867,34,102,2909989,544544
2025-09-01,Website,5349386,5865475,23,23,1027912,264138
2025-09-02,Shopee,18717928,19747551,47,141,4654002,657741
2025-09-02,Lazada,11593627,12955874,30,30,2716095,356199
2025-09-02,TikTok Shop,10270106,11211936,26,52,2182020,597299
2025-09-02,Website,7178732,7794124,27,27,1673555,314234
2025-09-03,Shopee,14542855,15392226,49,49,2801033,417070
2025-09-03,Lazada,10264088,11219778,22,44,2202043,487358
2025-09-03,TikTok Shop,12589850,14376066,38,114,3299152,681666
2025-09-03,Website,6446421,6818080,29,58,1185037,364617
2025-09-04,Shopee,14027701,15264822,55,165,2635475,1061146
2025-09-04,Lazada,9129163,9971355,25,25,1811162,591625
2025-09-04,TikTok Shop,10828433,12276036,44,88,2994235,732204
2025-09-04,Website,5973603,6428180,11,22,1442973,312715
2025-09-05,Shopee,19975957,22361600,60,60,4343245,966339
2025-09-05,Lazada,11834098,12750989,27,81,3051196,433261
2025-09-05,TikTok Shop,17117999,19008892,76,76,4242197,622424
2025-09-05,Website,10171017,10890247,24,48,2499235,371101
2025-09-06,Shopee,18745012,20805238,42,126,3970492,623823
2025-09-06,Lazada,13323989,14934871,63,63,2483222,496583
2025-09-06,TikTok Shop,16779308,18604752,38,114,4019031,880704
2025-09-06,Website,9123666,10428234,20,20,1955157,357452
2025-09-07,Shopee,20340219,21665951,46,138,4676165,1056358
2025-09-07,Lazada,14112569,15767954,48,96,3108912,841701
2025-09-07,TikTok Shop,16753750,19212737,33,99,3830809,1325169
2025-09-07,Website,7355514,7875955,30,90,1595552,275901
2025-09-08,Shopee,17129882,18759789,46,92,3134022,984827
2025-09-08,Lazada,11033768,12274256,38,114,2462219,879938
2025-09-08,TikTok Shop,11071648,12457142,52,104,2608967,547442
2025-09-08,Website,6678265,7262803,20,60,1290039,376837
2025-09-09,Shopee,16791550,17793972,63,63,3377293,447293
2025-09-09,Lazada,9725914,10385936,27,27,2496520,768960
2025-09-09,TikTok Shop,13763503,15208768,33,66,3511456,620607
2025-09-09,Website,8537654,9237232,24,48,2074885,511013
2025-09-10,Shopee,14061614,15471016,38,114,3082550,1006016
2025-09-10,Lazada,8326895,9373443,18,36,2186758,391092
2025-09-10,TikTok Shop,12643754,13781761,43,43,2949365,506298
2025-09-10,Website,7230153,8066097,16,48,1957406,310905
2025-09-11,Shopee,15102674,17329182,36,72,3003733,328369
2025-09-11,Lazada,11726884,12475730,36,108,2701125,291183
2025-09-11,TikTok Shop,10244058,11506278,20,20,2176883,358506
2025-09-11,Website,7210531,8022073,14,42,1363487,304412
2025-09-12,Shopee,18733248,20704093,46,46,4964890,556054
2025-09-12,Lazada,15666547,17582660,39,39,3094474,1194237
2025-09-12,TikTok Shop,19668264,21286419,64,128,3667763,429818
2025-09-12,Website,7861474,8615542,17,51,1889308,624066
2025-09-13,Shopee,18878241,21658639,64,192,4608895,1287897
2025-09-13,Lazada,14333070,16299689,38,38,2930917,907610
2025-09-13,TikTok Shop,15142427,15909971,63,63,3758386,672033
2025-09-13,Website,8614698,9903056,18,36,1611264,387880
2025-09-14,Shopee,20281803,23087501,60,180,3896098,1350683
2025-09-14,Lazada,10004309,11219597,20,40,2281790,635893
2025-09-14,TikTok Shop,15860919,17941336,44,132,4074292,663024
2025-09-14,Website,7948555,8846160,16,32,1771406,218135
2025-09-15,Shopee,14640182,16612317,52,156,3738484,390996
2025-09-15,Lazada,11736465,12753388,40,120,2511409,877635
2025-09-15,TikTok Shop,10382978,11120258,22,22,2211601,639830
2025-09-15,Website,7319792,8343974,16,32,1868379,478852
2025-09-16,Shopee,15046853,16243517,39,78,3205975,707542
2025-09-16,Lazada,9672019,10705214,28,84,1775536,274698
2025-09-16,TikTok Shop,13392139,14448017,28,28,3589322,720663
2025-09-16,Website,6944259,7504426,19,57,1359896,403001
2025-09-17,Shopee,16641476,18660218,37,111,3486189,1075439
2025-09-17,Lazada,11175774,11898317,41,82,2971803,396051
2025-09-17,TikTok Shop,11750974,12371431,36,36,2800528,339624
2025-09-17,Website,6184598,6654270,29,87,1427771,446614
2025-09-18,Shopee,13552942,14780628,28,84,3659300,1061794
2025-09-18,Lazada,9024824,10005944,32,96,1908115,383210
2025-09-18,TikTok Shop,16575692,18479205,36,108,3782660,812870
2025-09-18,Website,7675436,8070132,19,19,1644360,295953
2025-09-19,Shopee,16980044,18083897,53,159,4377480,1143716
2025-09-19,Lazada,10960480,11899247,36,72,2596985,639195
2025-09-19,TikTok Shop,16843783,19100812,81,243,4544680,1086132
2025-09-19,Website,9255679,10333266,23,46,2245800,713814
2025-09-20,Shopee,21610221,22835948,46,138,5968000,1529925
2025-09-20,Lazada,12635035,14369339,26,26,2838628,649149
2025-09-20,TikTok Shop,15690379,16876684,47,141,3110907,1195293
2025-09-20,Website,9031081,9688851,27,81,2037472,202422
2025-09-21,Shopee,20492969,22648780,60,60,5211588,1311555
2025-09-21,Lazada,9566982,10912235,40,40,2221987,226277
2025-09-21,TikTok Shop,15497862,16650811,48,144,3529301,401336
2025-09-21,Website,7804937,8444050,34,102,1461907,380084
2025-09-22,Shopee,15938206,16868019,36,36,3028061,882380
2025-09-22,Lazada,13629849,14720184,29,29,3246240,976829
2025-09-22,TikTok Shop,12805860,14368151,49,98,3300577,405791
2025-09-22,Website,6438298,7399046,14,28,1644702,361068
2025-09-23,Shopee,17344493,19306377,37,74,4001883,882002
2025-09-23,Lazada,10621013,11432671,29,87,2176269,387851
2025-09-23,TikTok Shop,12889072,14181927,26,78,2887209,1013516
2025-09-23,Website,7180398,7889520,24,48,1933945,363133
2025-09-24,Shopee,19479772,20771536,42,42,4987675,1176161
2025-09-24,Lazada,8680963,9918256,34,68,1859837,531427
2025-09-24,TikTok Shop,12973717,13873568,43,43,3324972,425447
2025-09-24,Website,5951634,6430969,12,36,1352137,363554
2025-09-25,Shopee,16672986,18458677,53,53,3540951,525437
2025-09-25,Lazada,8940729,10090338,21,21,2154826,263107
2025-09-25,TikTok Shop,11666393,13394366,24,72,2794369,525157
2025-09-25,Website,6461783,6932669,18,36,1468105,461205
2025-09-26,Shopee,22709932,24687493,63,126,4845669,936467
2025-09-26,Lazada,14509283,15887241,39,78,3428959,954155
2025-09-26,TikTok Shop,13585344,15300117,66,132,2520499,604918
2025-09-26,Website,8770034,10063602,32,64,1595690,546025
2025-09-27,Shopee,18606685,20768884,60,120,3897723,789082
2025-09-27,Lazada,11100194,12129735,30,60,2359552,594952
2025-09-27,TikTok Shop,15564092,17583493,51,153,3584322,1111030
2025-09-27,Website,8393833,8875998,32,32,1784095,409459
2025-09-28,Shopee,26272943,30087893,58,58,6781645,1140345
2025-09-28,Lazada,13760205,14792009,30,90,3283342,324177
2025-09-28,TikTok Shop,13344457,14865230,58,116,3119795,617681
2025-09-28,Website,8129393,8626124,23,23,2179368,198677
2025-09-29,Shopee,17578261,19906169,42,42,4200867,957053
2025-09-29,Lazada,12589297,13329554,25,25,2678804,664653
2025-09-29,TikTok Shop,9961923,11014573,29,58,2480090,283198
2025-09-29,Website,5197059,5909433,22,66,1305191,201842
2025-09-30,Shopee,19183265,21878712,49,98,4886502,630914
2025-09-30,Lazada,10541857,11562652,28,56,2279364,336698
2025-09-30,TikTok Shop,11026462,11859355,32,96,3013181,313330
2025-09-30,Website,7144740,7807294,17,34,1856273,499421
2025-10-01,Shopee,10715791,12229913,46,138,2329050,578041
2025-10-01,Lazada,10079581,11550987,46,92,2610750,499147
2025-10-01,TikTok Shop,12798934,14250812,34,102,2400507,326739
2025-10-01,Website,7461999,8417573,15,45,1461226,379144
2025-10-02,Shopee,13772253,15251290,55,110,3319156,1095954
2025-10-02,Lazada,10183647,11474033,42,84,2665830,488234
2025-10-02,TikTok Shop,10951852,12211801,39,39,2170300,597023
2025-10-02,Website,6925941,7637730,15,45,1758814,532676
2025-10-03,Shopee,18202034,19842885,86,172,3287932,1268561
2025-10-03,Lazada,12467833,13101870,59,118,2776773,442997
2025-10-03,TikTok Shop,14108418,15638302,44,88,3290597,835455
2025-10-03,Website,9422804,10619432,30,90,2568050,693468
2025-10-04,Shopee,22503915,24054091,80,80,4514610,695263
2025-10-04,Lazada,12746434,14063679,59,59,3287896,667971
2025-10-04,TikTok Shop,16103856,17436387,68,136,4393882,958019
2025-10-04,Website,7223857,7803882,23,46,2016181,245457
2025-10-05,Shopee,19677285,22180915,62,62,3812104,1454796
2025-10-05,Lazada,13042499,13855190,30,60,2380809,939738
2025-10-05,TikTok Shop,21081151,22937170,68,136,4719114,672874
2025-10-05,Website,7580442,8406874,18,18,1434865,231247
2025-10-06,Shopee,18467916,19616073,39,39,3546502,911327
2025-10-06,Lazada,11305954,12718839,29,58,2504413,368796
2025-10-06,TikTok Shop,12757634,14415860,51,102,2906162,644568
2025-10-06,Website,8152684,8573481,18,36,2122479,358869
2025-10-07,Shopee,16416717,17819822,65,130,4328324,755972
2025-10-07,Lazada,10574278,11345522,29,87,1992671,619810
2025-10-07,TikTok Shop,12268791,13956905,30,30,3375524,447602
2025-10-07,Website,7723888,8145126,20,20,1527290,158776
2025-10-08,Shopee,17790643,18957279,37,111,4038143,397433
2025-10-08,Lazada,9348154,10625434,30,90,1956648,533343
2025-10-08,TikTok Shop,10397401,11353171,36,36,2845032,810145
2025-10-08,Website,6573878,7142563,22,22,1700371,143303
2025-10-09,Shopee,14218943,15365082,46,138,3090038,1002229
2025-10-09,Lazada,10034421,10564718,27,27,2138919,735816
2025-10-09,TikTok Shop,14193646,15946491,65,65,3851555,323473
2025-10-09,Website,6371080,7175430,16,48,1481406,187885
2025-10-10,Shopee,20351676,22078855,97,97,3850789,1613715
2025-10-10,Lazada,13242365,15187312,51,102,3685839,945087
2025-10-10,TikTok Shop,17709640,19375082,36,108,4621198,354960
2025-10-10,Website,6403329,7024123,14,28,1234689,380245
2025-10-11,Shopee,18975900,21740509,48,144,4774935,923508
2025-10-11,Lazada,13490224,14429531,27,27,3122628,921745
2025-10-11,TikTok Shop,18396073,19730803,66,66,4678462,1159616
2025-10-11,Website,8253357,9398030,23,23,1691756,289200
2025-10-12,Shopee,15864310,17178868,44,88,3915877,812174
2025-10-12,Lazada,14141334,15922992,41,41,3009197,600812
2025-10-12,TikTok Shop,14860933,16464975,53,53,3786471,1010340
2025-10-12,Website,7522281,8495811,33,33,1364784,436878
2025-10-13,Shopee,14576463,15541257,44,88,2640836,712010
2025-10-13,Lazada,9905202,10586431,26,78,2184748,788077
2025-10-13,TikTok Shop,11482055,12769552,26,78,2571823,742862
2025-10-13,Website,4965697,5672756,10,20,1388750,154826
2025-10-14,Shopee,17460962,19743090,46,92,4490973,827282
2025-10-14,Lazada,11684350,13049097,46,92,2995014,417970
2025-10-14,TikTok Shop,13354370,14591672,34,34,3692154,368229
2025-10-14,Website,5833655,6694171,18,18,1120224,366130
2025-10-15,Shopee,15389673,17503147,57,114,3466624,818698
2025-10-15,Lazada,10130566,11616003,41,123,2008499,701051
2025-10-15,TikTok Shop,13281895,14204825,28,84,2685409,278962
2025-10-15,Website,7301078,8049858,18,18,1725159,378442
2025-10-16,Shopee,14387945,16258752,64,128,3365998,886609
2025-10-16,Lazada,10242802,10925744,21,21,1946274,306650
2025-10-16,TikTok Shop,13077269,14833858,41,123,2552750,1000823
2025-10-16,Website,7943312,9022249,18,36,1468649,620760
2025-10-17,Shopee,22255319,24027947,54,162,6169194,1638541
2025-10-17,Lazada,14440835,15627758,32,96,3954108,289123
2025-10-17,TikTok Shop,16285437,18253273,49,147,3438842,1227647
2025-10-17,Website,10283014,10858063,43,86,1995217,502386
2025-10-18,Shopee,21539072,24262888,75,75,4719724,636837
2025-10-18,Lazada,11833885,12888283,28,28,2424258,485478
2025-10-18,TikTok Shop,18846830,21604795,59,118,3657115,830889
2025-10-18,Website,9535252,10208280,34,34,2357341,625847
2025-10-19,Shopee,19446754,21657377,94,282,4105522,508664
2025-10-19,Lazada,12443735,13354841,27,54,2611719,342102
2025-10-19,TikTok Shop,16711870,17804286,38,114,3578642,607078
2025-10-19,Website,9291551,10110603,41,82,1777323,445916
2025-10-20,Shopee,16180208,18406997,56,168,4312844,796685
2025-10-20,Lazada,10540585,11304391,29,29,1990666,673602
2025-10-20,TikTok Shop,14952412,16060824,38,114,3430879,928484
2025-10-20,Website,7645036,8349659,17,51,1456525,506076
2025-10-21,Shopee,16174742,18446859,46,138,3732845,730754
2025-10-21,Lazada,11313767,12991697,34,34,2051102,710343
2025-10-21,TikTok Shop,10885069,11693551,23,46,2200295,500996
2025-10-21,Website,7100610,7529463,20,60,1624522,400463
2025-10-22,Shopee,19254787,20941164,38,114,5141786,1156316
2025-10-22,Lazada,9903897,10994972,44,132,2612852,579979
2025-10-22,TikTok Shop,11165669,12366677,44,44,3089239,383171
2025-10-22,Website,6249460,7071442,14,42,1590056,255217
2025-10-23,Shopee,13757525,15617863,31,93,3664195,305920
2025-10-23,Lazada,9216353,10426608,22,66,2344996,423103
2025-10-23,TikTok Shop,11882606,12733447,55,55,2167559,912073
2025-10-23,Website,5638925,6085684,22,44,1467189,359444
2025-10-24,Shopee,20622779,22393428,61,183,4421626,1617131
2025-10-24,Lazada,14665448,15804414,44,44,3115693,908470
2025-10-24,TikTok Shop,14411530,16239793,42,42,2895826,954743
2025-10-24,Website,10430138,11627817,21,63,2296008,426721
2025-10-25,Shopee,21855567,24794529,75,75,4663461,1245421
2025-10-25,Lazada,14875757,16090413,46,92,2828325,941880
2025-10-25,TikTok Shop,14903163,16114677,36,72,3635589,974575
2025-10-25,Website,9730714,10474803,31,93,2223897,391370
2025-10-26,Shopee,17902825,20401666,41,41,4939941,704755
2025-10-26,Lazada,14659295,15670478,56,112,3970954,909077
2025-10-26,TikTok Shop,16521400,17836840,33,99,3863124,724931
2025-10-26,Website,9415798,10073605,39,39,2364934,705072
2025-10-27,Shopee,13618314,15459794,33,33,3426215,707739
2025-10-27,Lazada,9097740,9673656,22,44,1731869,703842
2025-10-27,TikTok Shop,13350296,14836745,37,37,2835384,447095
2025-10-27,Website,6021717,6470879,27,27,1485872,219355
2025-10-28,Shopee,16743685,17956713,36,108,4660207,581359
2025-10-28,Lazada,8524115,9325686,26,26,1658262,322276
2025-10-28,TikTok Shop,13731495,15595589,65,130,3622273,616153
2025-10-28,Website,5792557,6660498,11,11,1281501,410543
2025-10-29,Shopee,16920734,18828132,41,82,4309360,1055934
2025-10-29,Lazada,10967385,12396902,28,56,2447169,459214
2025-10-29,TikTok Shop,11425976,12363083,35,70,2144702,703748
2025-10-29,Website,7276004,8265500,19,57,1489322,380510
2025-10-30,Shopee,16372174,17348973,61,183,4106721,853344
2025-10-30,Lazada,9546070,10793983,37,111,1935775,390440
2025-10-30,TikTok Shop,10964315,12412786,22,22,2483731,597068
2025-10-30,Website,5201555,5701029,22,44,1194866,240161
2025-10-31,Shopee,21514245,22637536,74,148,5075202,504568
2025-10-31,Lazada,10781173,11834091,28,84,2100043,656794
2025-10-31,TikTok Shop,16408966,18796035,70,140,3888521,1260882
2025-10-31,Website,8569346,9609333,39,78,1911676,564394
2025-11-01,Shopee,31276681,35925042,115,115,7699696,1206952
2025-11-01,Lazada,17917450,19405554,49,147,4655699,904424
2025-11-01,TikTok Shop,21824387,23230386,52,156,6067569,1204976
2025-11-01,Website,13482714,15465871,66,66,3387011,559546
2025-11-02,Shopee,30095830,33931907,114,114,7264683,1558552
2025-11-02,Lazada,19305131,21684597,67,67,5366405,1282325
2025-11-02,TikTok Shop,24012837,27220326,81,81,5881721,1193402
2025-11-02,Website,10114791,10956130,38,38,2777671,550651
2025-11-03,Shopee,24287642,27456971,60,120,6063204,687597
2025-11-03,Lazada,15365596,16415050,40,80,3311527,959363
2025-11-03,TikTok Shop,15360049,16895565,46,46,3164947,492081
2025-11-03,Website,9262906,10639037,24,72,1742879,436317
2025-11-04,Shopee,22170330,24440277,88,88,5940099,524418
2025-11-04,Lazada,14088782,14876551,28,56,2670515,283237
2025-11-04,TikTok Shop,18203290,19136352,38,76,3976970,394269
2025-11-04,Website,11186362,12375881,22,22,3082639,350233
2025-11-05,Shopee,25178087,26894695,54,54,6988869,650047
2025-11-05,Lazada,12070306,13397700,42,126,2386213,560567
2025-11-05,TikTok Shop,18816879,20712357,64,128,3444132,420114
2025-11-05,Website,11073885,12611199,22,22,2887189,428558
2025-11-06,Shopee,23329868,24747798,66,198,4620286,1192374
2025-11-06,Lazada,16208877,17825958,64,192,3169245,920526
2025-11-06,TikTok Shop,21747494,24874388,57,171,5106269,942335
2025-11-06,Website,10728785,12278034,24,72,2526052,432377
2025-11-07,Shopee,29863721,31779125,76,152,5937924,1321681
2025-11-07,Lazada,20978149,22150039,54,108,5477200,1564552
2025-11-07,TikTok Shop,23178873,26302862,92,92,5710145,909381
2025-11-07,Website,12462605,13787376,26,78,2906187,544006
2025-11-08,Shopee,27785680,30962135,57,114,5891443,1302434
2025-11-08,Lazada,22147292,23903482,72,216,4930694,1021175
2025-11-08,TikTok Shop,20554259,22590087,84,168,3914186,1103254
2025-11-08,Website,14718545,15904709,36,72,3783906,911580
2025-11-09,Shopee,30762550,34857837,64,64,8449795,1182118
2025-11-09,Lazada,15524028,17142853,31,93,3281242,355149
2025-11-09,TikTok Shop,23808791,25111626,110,220,5201986,978683
2025-11-09,Website,9303495,9817453,19,57,2487480,598330
2025-11-10,Shopee,24010627,27250190,50,150,5212284,1487482
2025-11-10,Lazada,15882887,16833717,50,50,4276239,996566
2025-11-10,TikTok Shop,16300919,18279907,68,136,3271166,952386
2025-11-10,Website,9713709,10243333,46,92,1948599,596066
2025-11-11,Shopee,27583643,28975897,78,78,6784457,2066420
2025-11-11,Lazada,13492255,15495047,36,72,3543838,570817
2025-11-11,TikTok Shop,15325178,16160028,37,37,3676130,878222
2025-11-11,Website,11278609,12837251,33,66,2797541,706158
2025-11-12,Shopee,27618354,29565106,76,228,7005764,1004118
2025-11-12,Lazada,14376673,15693414,70,140,3129991,1014390
2025-11-12,TikTok Shop,19695504,22288860,65,130,4044325,406235
2025-11-12,Website,11122393,11725003,27,54,2145385,682581
2025-11-13,Shopee,20371046,22688450,85,85,3990533,1374463
2025-11-13,Lazada,13539354,14464578,57,114,2663688,872010
2025-11-13,TikTok Shop,20166783,21749485,49,98,4204179,1093171
2025-11-13,Website,11522382,12975342,44,88,3022180,841613
2025-11-14,Shopee,31050015,34325015,126,252,6212450,1586455
2025-11-14,Lazada,16723702,18344157,76,76,3196579,372635
2025-11-14,TikTok Shop,28302026,30239239,70,210,7376666,976565
2025-11-14,Website,11670942,12765803,29,29,2616653,772005
2025-11-15,Shopee,27927933,31465816,60,60,7173427,1773273
2025-11-15,Lazada,19474411,21555839,87,87,4170148,1500014
2025-11-15,TikTok Shop,27126743,29432834,92,92,7328460,634378
2025-11-15,Website,13748595,14646513,34,68,3169869,460772
2025-11-16,Shopee,30560153,33114641,101,303,6842026,2208895
2025-11-16,Lazada,19754556,22408427,83,249,4599960,1055114
2025-11-16,TikTok Shop,22992287,25399863,83,166,4269008,1404502
2025-11-16,Website,13311709,14666903,32,32,3219551,401946
2025-11-17,Shopee,15602493,16960490,42,42,4215044,952673
2025-11-17,Lazada,13889198,15113133,68,204,2581193,600731
2025-11-17,TikTok Shop,18111936,19234227,36,36,4640597,400486
2025-11-17,Website,8275066,8749992,17,51,2171376,402050
2025-11-18,Shopee,23451621,26136340,46,92,5829158,1013251
2025-11-18,Lazada,14054575,15717064,43,129,2881247,1107611
2025-11-18,TikTok Shop,21319550,23407009,48,48,4805902,1551352
2025-11-18,Website,11418538,12154357,35,105,2890007,888161
2025-11-19,Shopee,21169063,24342602,52,52,4589618,449974
2025-11-19,Lazada,14153492,15064954,39,78,3128447,1030209
2025-11-19,TikTok Shop,17461267,20058611,54,54,4610011,718994
2025-11-19,Website,9088768,9925971,22,44,2054590,428433
2025-11-20,Shopee,22957181,25169144,56,112,4880722,1008577
2025-11-20,Lazada,13108505,14033854,27,27,3293630,709212
2025-11-20,TikTok Shop,15234008,17367309,39,117,4055961,1028672
2025-11-20,Website,10332195,11514198,26,26,2265674,498156
2025-11-21,Shopee,31378553,34994107,64,128,8486882,2426942
2025-11-21,Lazada,16944897,17878367,40,40,3622282,1243679
2025-11-21,TikTok Shop,25385797,29034046,63,126,5027188,1182440
2025-11-21,Website,11555776,12579584,37,111,2279193,913114
2025-11-22,Shopee,30074046,33891165,60,180,6621934,2012301
2025-11-22,Lazada,20610372,21951455,67,134,4675627,1485633
2025-11-22,TikTok Shop,22840410,25724286,85,170,4833521,1735442
2025-11-22,Website,13191455,14821019,27,27,3266454,886700
2025-11-23,Shopee,27390506,28818827,111,111,5838310,695632
2025-11-23,Lazada,18328924,19617460,47,47,5055038,704815
2025-11-23,TikTok Shop,22376158,24307086,95,190,5333242,1559512
2025-11-23,Website,11393170,12348624,25,25,2380877,297247
2025-11-24,Shopee,21994716,23445955,44,44,4318128,596198
2025-11-24,Lazada,11761358,12535585,28,84,2856460,729107
2025-11-24,TikTok Shop,16615477,18592658,47,47,4612664,994140
2025-11-24,Website,9301377,10612113,33,33,2377128,261703
2025-11-25,Shopee,21790093,23909861,54,108,4293646,461890
2025-11-25,Lazada,14033380,16041475,35,105,3328592,657324
2025-11-25,TikTok Shop,17532881,20110735,83,249,4149653,1282289
2025-11-25,Website,10189119,11601831,41,41,2014629,585282
2025-11-26,Shopee,24851252,28372088,61,61,6940698,1676417
2025-11-26,Lazada,13331144,15279591,43,86,2789341,900744
2025-11-26,TikTok Shop,15120016,16412342,62,124,2745728,1110760
2025-11-26,Website,8433688,9691743,20,40,2235984,265842
2025-11-27,Shopee,21185305,24325045,61,61,4850607,1575106
2025-11-27,Lazada,13853943,15446323,60,180,2918522,650247
2025-11-27,TikTok Shop,16045650,17389502,37,74,4091637,1052368
2025-11-27,Website,8143355,9087504,18,36,1914726,226703
2025-11-28,Shopee,27662042,31077311,134,134,5816526,884592
2025-11-28,Lazada,19221999,20913568,43,43,4796443,696164
2025-11-28,TikTok Shop,24634749,26693315,62,186,6537143,1651691
2025-11-28,Website,11702701,13115546,28,28,3209941,738991
2025-11-29,Shopee,27825583,29753628,56,112,5750637,2081394
2025-11-29,Lazada,16727696,18911455,68,136,4452041,1233653
2025-11-29,TikTok Shop,22916197,25919949,108,108,4681690,701841
2025-11-29,Website,11269644,12006685,48,48,2906302,809402
2025-11-30,Shopee,31303639,35132409,152,456,8160816,2260422
2025-11-30,Lazada,14793721,15764550,62,186,4091417,1156079
2025-11-30,TikTok Shop,22019852,24851894,58,58,5312433,514604
2025-11-30,Website,13006099,13915904,47,141,3546194,404938
2025-12-01,Shopee,16455168,17284247,66,198,3345460,378468
2025-12-01,Lazada,13694748,14909336,56,168,3189963,665053
2025-12-01,TikTok Shop,13180996,14773574,43,86,3170633,410771
2025-12-01,Website,6068643,6816035,17,51,1617298,143681
2025-12-02,Shopee,15922483,17526807,53,53,3146045,507342
2025-12-02,Lazada,8147443,9270304,29,87,2259061,505125
2025-12-02,TikTok Shop,12533096,13395622,52,104,3203818,421901
2025-12-02,Website,6212930,6918282,15,45,1302677,277947
2025-12-03,Shopee,17884072,19168610,51,102,4693618,1146845
2025-12-03,Lazada,9675877,10166428,20,60,1985169,631427
2025-12-03,TikTok Shop,12483595,13184698,53,106,2676762,798636
2025-12-03,Website,6379301,6749269,14,42,1432748,501605
2025-12-04,Shopee,19484843,21079478,79,158,4867462,1097589
2025-12-04,Lazada,9963996,11029348,42,126,2630221,468778
2025-12-04,TikTok Shop,15451950,16796955,34,68,3960972,599667
2025-12-04,Website,7583997,8136197,25,25,1397503,312261
2025-12-05,Shopee,22179264,25239947,49,98,6040403,1570046
2025-12-05,Lazada,14074792,15431072,34,68,3169891,401483
2025-12-05,TikTok Shop,17252071,18838567,42,42,4612103,1160994
2025-12-05,Website,6907045,7936030,17,51,1346448,289699
2025-12-06,Shopee,20273534,22891607,47,141,5484725,589196
2025-12-06,Lazada,14851809,15916674,50,50,3254464,430613
2025-12-06,TikTok Shop,16384047,17527254,43,86,3591763,626056
2025-12-06,Website,7473666,8054870,15,15,1708880,474008
2025-12-07,Shopee,20852638,22802584,48,48,4769712,1250060
2025-12-07,Lazada,16248726,18623379,42,42,4473194,1013294
2025-12-07,TikTok Shop,18954935,20170852,53,159,5199979,1293055
2025-12-07,Website,8926485,9810659,21,42,2170482,359870
2025-12-08,Shopee,17992795,20123245,49,98,4339190,1006642
2025-12-08,Lazada,9924913,10700939,20,60,2157036,608505
2025-12-08,TikTok Shop,10094151,10971906,37,74,1880667,472656
2025-12-08,Website,6153213,6612310,14,28,1531093,459084
2025-12-09,Shopee,19186004,21361450,52,104,4963047,1022609
2025-12-09,Lazada,10044517,11248181,26,26,2777785,671935
2025-12-09,TikTok Shop,12323258,13812037,38,114,2510270,852516
2025-12-09,Website,6674870,7384608,14,14,1410707,486222
2025-12-10,Shopee,19856187,22338592,49,147,4212798,1027640
2025-12-10,Lazada,12417843,13787034,28,84,2565535,583255
2025-12-10,TikTok Shop,16080788,18157270,53,106,4039345,672610
2025-12-10,Website,6794795,7456436,29,29,1653221,269297
2025-12-11,Shopee,16743630,18521599,36,72,4615662,821809
2025-12-11,Lazada,8503140,9442542,23,69,1700678,583687
2025-12-11,TikTok Shop,14956734,17137016,50,150,3597216,564425
2025-12-11,Website,5958875,6695090,25,25,1384546,299420
2025-12-12,Shopee,21577157,24362141,65,130,5395683,1535475
2025-12-12,Lazada,11739172,12632509,32,32,2460652,255084
2025-12-12,TikTok Shop,15356022,16244690,36,72,3955400,1222014
2025-12-12,Website,8107360,9020160,18,54,1586593,378195
2025-12-13,Shopee,19504495,20689871,53,106,4400103,621547
2025-12-13,Lazada,12650191,13642931,28,84,2439634,978699
2025-12-13,TikTok Shop,15443201,16296320,58,116,3633129,650612
2025-12-13,Website,9918481,11239428,27,54,2330969,572628
2025-12-14,Shopee,18257642,19892683,49,98,4405719,1198284
2025-12-14,Lazada,13889149,15033634,39,117,2554744,704215
2025-12-14,TikTok Shop,18955056,20844262,70,70,3677113,495394
2025-12-14,Website,8465173,9684262,29,29,1601492,352312
2025-12-15,Shopee,14802538,16043225,38,76,3173032,357845
2025-12-15,Lazada,10124946,11183115,24,72,2244045,682257
2025-12-15,TikTok Shop,14528724,16051475,51,51,3798337,681541
2025-12-15,Website,7103699,8000729,27,54,1440201,166162
2025-12-16,Shopee,15172001,15967355,30,90,4009798,508735
2025-12-16,Lazada,11022394,11620002,49,49,3031121,851648
2025-12-16,TikTok Shop,11048308,12153784,40,80,2416845,641463
2025-12-16,Website,7512845,7902954,18,36,1722115,452112
2025-12-17,Shopee,17006921,18792701,40,40,3401596,376879
2025-12-17,Lazada,10037042,11123792,31,31,2157343,249297
2025-12-17,TikTok Shop,11456171,12612269,29,29,2517129,333780
2025-12-17,Website,6208721,7087380,30,90,1504244,223134
2025-12-18,Shopee,17259904,19004673,43,43,4547678,1126214
2025-12-18,Lazada,11964176,12962569,35,70,3227849,521135
2025-12-18,TikTok Shop,11768916,12888905,33,66,2828504,695361
2025-12-18,Website,7333350,8264697,15,15,1455547,164997
2025-12-19,Shopee,15811000,17776013,61,61,3162426,857153
2025-12-19,Lazada,12608989,14289679,35,105,2539882,701003
2025-12-19,TikTok Shop,16511929,17933504,45,45,4041840,557915
2025-12-19,Website,8053354,8630623,24,24,1699178,265643
2025-12-20,Shopee,18731340,21279473,63,63,4307445,1183756
2025-12-20,Lazada,12479046,13674395,33,66,2997234,373316
2025-12-20,TikTok Shop,17162226,18844426,37,111,3578912,1359366
2025-12-20,Website,8840793,9351503,26,26,2373233,629119
2025-12-21,Shopee,15441575,17537254,68,136,4215796,589973
2025-12-21,Lazada,10118143,11361408,25,25,1919647,425802
2025-12-21,TikTok Shop,15379998,17642304,51,153,4116371,377825
2025-12-21,Website,9544938,10646067,22,44,2453473,705479
2025-12-22,Shopee,10890355,11589339,30,60,2973204,797628
2025-12-22,Lazada,9818168,10427214,31,93,2497998,598022
2025-12-22,TikTok Shop,11959362,13610101,55,110,2361473,319975
2025-12-22,Website,8123040,8898988,25,75,2026632,295582
2025-12-23,Shopee,15503023,17367845,73,146,2888653,953561
2025-12-23,Lazada,10929222,11546896,34,102,2379756,242953
2025-12-23,TikTok Shop,12987479,14715400,30,60,2565057,270089
2025-12-23,Website,5185017,5784721,23,46,1301388,327342
2025-12-24,Shopee,17760018,20072268,57,57,4388931,1381576
2025-12-24,Lazada,10723698,11511695,35,70,2799265,855218
2025-12-24,TikTok Shop,13555767,15417680,60,120,3197730,842854
2025-12-24,Website,10252434,11498689,31,93,1893927,428983
2025-12-25,Shopee,12199478,13366062,31,62,2860278,517210
2025-12-25,Lazada,12622425,14170185,31,93,2455940,809245
2025-12-25,TikTok Shop,12341101,13460441,32,96,2717238,592978
2025-12-25,Website,7212391,8126427,18,18,1885483,469523
2025-12-26,Shopee,21041949,23515873,45,90,4545753,965882
2025-12-26,Lazada,12908833,14696412,38,76,3517294,758108
2025-12-26,TikTok Shop,15487019,17428631,35,105,3042078,349470
2025-12-26,Website,9426038,10762932,20,60,1833412,381745
2025-12-27,Shopee,17312991,19652145,61,183,3357891,1194172
2025-12-27,Lazada,14832685,16797549,48,96,2791131,669526
2025-12-27,TikTok Shop,15800297,18155338,61,183,2910381,414425
2025-12-27,Website,7841243,8433035,38,114,1932582,234313
2025-12-28,Shopee,20032180,22404011,62,124,4585726,791857
2025-12-28,Lazada,15666571,17309134,39,78,3639534,1083526
2025-12-28,TikTok Shop,15569218,17246053,49,147,3437681,1013462
2025-12-28,Website,9465669,10152701,37,111,2133234,663174
2025-12-29,Shopee,14866600,16674679,49,147,3865220,739051
2025-12-29,Lazada,11428799,12794469,48,96,2333570,507064
2025-12-29,TikTok Shop,13857269,15301150,44,44,3812898,435955
2025-12-29,Website,8533282,8986483,40,40,1712704,594423
2025-12-30,Shopee,15959534,16864474,67,134,4390488,723207
2025-12-30,Lazada,11321440,12636522,29,29,2827890,430361
2025-12-30,TikTok Shop,12960244,14094156,32,64,2888221,717757
2025-12-30,Website,8073511,8990032,17,51,1487040,399477
