tree
version=v4
num_class=1
num_tree_per_iteration=1
label_index=0
max_feature_idx=11
objective=regression
feature_names=Column_0 Column_1 Column_2 Column_3 Column_4 Column_5 Column_6 Column_7 Column_8 Column_9 Column_10 Column_11
feature_infos=[0:6] [1:12] [1:366] [0:1] [0:1] [0:32035900] [0:32035900] [0:32035900] [0:32035900] [0:19344078.571428571] [0:15081344.285714285] [0:12636836.333333334]
tree_sizes=3195 3053 3061 3060 3095 3060 3119 3056 3085 3087 3059 3081 3081 3066 3057 3041 3010 3102 3063 3064 3152 3098 3120 3085 3083 3094 3143 3141 3067 3072 3053 3098 3080 3039 3077 3132 3137 3118 3152 3120 3090 3110 3109 3103 3076 3100 3111 3137 3108 3097 3081 3039 3077 3089 3114 3080 3081 3114 3048 3075 3093 3084 3124 3114 3089 3099 3109 3131 3033 3110 3124 3075 3091 3126 3090 3074 3110 3045 3092 3130 3096 3052 3074 3037 3052 3113 3028 3130 3090 3116 3067 3113 3093 3061 3107 3096 3121 3129 3030 3082 3092 3081 3128 3113 3114 3132 3088 3146 3085 3109 3125 3118 3044 3091 3087 3128 3160 3122 3072 3036 3112 3050 3036 3055 3105 3075 3111 3102 3097 3067 3103 3089 3129 3116 3106 3113 3121 3078 3147 3107 3063 3074 3116 3085 3067 3078 3091 3058 3069 3123 3139 3127 3054 3096 3106 3093 3080 3138 3125 3110 3119 3102 3077 3059 3144 3109 3134 3088 3117 3116 3076 3118 3043 3088 3154 3092 3078 3119 3079 3086 3115 3107 3080 3036 3106 3113 3111 3109 3103 3072 3053 3134 3047 3061 3087 3112 3103 3108 3004 3145 3080 3050 3104 3080 3097 3111 3118 3106 3113 3090 3065 3039 3094 3115 3065 3106 3073 3109 3145 3077 3132 3128 3143 3039 3012 3091 3102 3068 3111 3142 3097 3085 3089 3092 3064 3113 3069 3114 3095 3103 3126 3112 3096 3054 3131 3110 3084 3100 3110 3081 3064 3113 3096 3118 3097 3119 3092 3135 3131 3094 3090 3042 3118 3135 3162 3105 3098 3069 3153 3132 3068 3055 3104 3059 3071 3142 3072 3116 3139 3060 3084 3073 3096 3115 3106 3056 3092 3147 3179 3082 3038 3143 3105 3125 3184 3092 3045 3114 3076 3152

Tree=0
num_leaves=31
num_cat=0
split_feature=4 11 0 11 8 7 0 1 1 5 7 10 8 6 1 8 10 8 0 1 6 6 11 11 7 7 7 5 11 6
split_gain=2.16282e+15 3.96228e+14 2.75857e+14 2.49793e+14 1.48315e+14 1.5929e+14 6.98144e+13 6.68396e+13 4.24344e+13 5.30704e+13 4.1297e+13 4.05283e+13 3.5472e+13 3.50078e+13 4.33094e+13 3.13331e+13 6.04398e+13 2.94364e+13 3.90849e+13 2.18484e+13 1.81459e+13 1.80573e+13 1.68894e+13 1.67132e+13 1.66646e+13 1.39521e+13 1.38866e+13 1.90622e+13 9.23217e+12 7.20895e+12
threshold=1.0000000180025095e-35 8454295.8333333358 4.5000000000000009 9169415.0000000019 11568950.000000002 13601500.000000002 3.5000000000000004 1.5000000000000002 8.5000000000000018 5838300.0000000009 6120285.0000000009 8267596.0714285718 7001700.0000000009 6457500.0000000009 2.5000000000000004 3680835.0000000005 7371605.3571428582 7651000.0000000009 1.0000000180025095e-35 6.5000000000000009 9037500.0000000019 6500200.0000000009 6280299.0000000009 9243590.0000000019 7107500.0000000009 6905000.0000000009 6457500.0000000009 6243000.0000000009 7211026.3333333349 7107500.0000000009
decision_type=2 2 2 2 2 2 2 2 2 2 2 2 2 2 2 2 2 2 2 2 2 2 2 2 2 2 2 2 2 2
left_child=1 2 7 -2 5 6 10 -1 11 22 -3 15 -8 -4 -15 16 -9 19 -19 24 -6 -20 -10 -12 29 -21 -16 -28 -29 -17
right_child=3 4 13 -5 20 -7 12 8 9 -11 23 -13 -14 14 26 17 -18 18 21 25 -22 -23 -24 -25 -26 -27 27 28 -30 -31
leaf_value=8176981.0793247772 8492871.9913690481 8183130.3099587914 8250475.6726109097 8831233.5842857137 8341394.7595063029 8359109.4896230726 8154907.6622240823 8206755.9533807663 8040700.5441964287 7990095.6289530536 8122105.3972402597 8163750.9126320686 8252856.7905192673 8259809.4875811692 8195487.5082589285 8024453.3012648812 8040318.0781919649 8185808.9289732147 8109495.1849330356 8049256.3483001376 8267207.0797154019 8027659.5384443682 8113924.2718594996 8042043.4849888394 7977500.5067436472 8125767.9874391239 8187277.0435546879 8086873.4709821427 8141010.7720114086 8073316.1544599934
leaf_weight=15.999999999999998 12.000000000000002 12.999999999999998 15.999999999999998 9.9999999999999982 17 10.999999999999998 18 12.000000000000002 13.999999999999998 31 11.000000000000002 14.999999999999998 19 10.999999999999998 13.999999999999998 18.000000000000004 9.9999999999999982 9.9999999999999982 14.000000000000002 13.000000000000002 15.999999999999998 12.999999999999998 18 15.999999999999998 12.999999999999998 10.999999999999998 13.999999999999998 13.999999999999998 18 12.999999999999998
leaf_count=16 12 13 16 10 17 11 18 12 14 31 11 15 19 11 14 18 10 10 14 13 16 13 18 16 13 11 14 14 18 13
internal_value=8.16316e+06 8.13836e+06 8.10824e+06 8.64667e+06 8.21503e+06 8.18113e+06 8.1557e+06 8.07856e+06 8.07087e+06 8.03672e+06 8.10991e+06 8.08603e+06 8.20521e+06 8.18366e+06 8.16861e+06 8.07685e+06 8.1311e+06 8.06548e+06 8.10137e+06 8.04595e+06 8.30542e+06 8.07009e+06 8.08189e+06 8.07466e+06 8.02502e+06 8.08432e+06 8.15189e+06 8.13862e+06 8.11733e+06 8.04494e+06
internal_weight=451 429 308 22 121 88 77 221 205 63 40 142 37 87 71 127 22 105 37 68 33 27 32 27 44 24 60 46 32 31
internal_count=451 429 308 22 121 88 77 221 205 63 40 142 37 87 71 127 22 105 37 68 33 27 32 27 44 24 60 46 32 31
is_linear=0
shrinkage=1


Tree=1
num_leaves=31
num_cat=0
split_feature=11 7 5 6 0 0 8 10 0 10 5 9 0 9 5 8 2 0 7 5 9 10 0 10 11 6 6 2 7 11
split_gain=7.35433e+14 3.75011e+14 2.65662e+14 1.99923e+14 1.59638e+14 1.2407e+14 9.4477e+13 9.19564e+13 6.87705e+13 1.04131e+14 6.2245e+13 5.5783e+13 5.5601e+13 4.53479e+13 3.00635e+13 2.9873e+13 2.43473e+13 4.53392e+13 1.87611e+13 1.80351e+13 2.12955e+13 1.67304e+13 2.26709e+13 2.29998e+13 1.56036e+13 1.55638e+13 4.94612e+13 1.62838e+13 1.40985e+13 1.27539e+13
threshold=9690329.1666666698 10373750.000000002 9954500.0000000019 8066500.0000000009 4.5000000000000009 4.5000000000000009 8787500.0000000019 7004323.2142857155 2.5000000000000004 7690664.2857142864 7662375.0000000009 9166200.0000000019 4.5000000000000009 7720171.42857143 9954500.0000000019 4345500.0000000009 261.50000000000006 1.0000000180025095e-35 7520300.0000000009 6168000.0000000009 8414592.8571428601 6156015.0000000009 5.5000000000000009 6973041.7857142864 7211026.3333333349 6021300.0000000009 5211500.0000000009 159.50000000000003 7264200.0000000009 6641296.166666667
decision_type=2 2 2 2 2 2 2 2 2 2 2 2 2 2 2 2 2 2 2 2 2 2 2 2 2 2 2 2 2 2
left_child=1 4 10 -2 7 6 -5 15 11 -10 12 25 -3 21 -13 -1 17 -17 29 -11 -21 -6 23 -23 -24 26 -9 -27 -15 -19
right_child=3 2 -4 5 13 -7 -8 8 9 19 -12 14 -14 28 -16 16 -18 18 -20 20 -22 22 24 -25 -26 27 -28 -29 -30 -31
leaf_value=-31022.059314903847 294197.02779605263 8308.4831571691157 276984.70250000001 -76916.498863636341 52843.293828124995 208649.27302389708 109077.68064236111 -109808.79835526315 104514.8689670139 6053.2610795454548 -78186.637968750001 -49226.641308593738 148879.35716145832 116677.64644886361 55466.53515625 -17214.497767857141 -157719.55880681821 -54799.211640625006 -180269.79000000001 -20169.701406249995 -120985.13849431819 59839.374776785706 -91297.099999999977 -36774.892684659091 -16829.669749540441 -163881.13625000001 23417.408451704545 -89889.647966056044 36625.141654829546 -120001.17244791666
leaf_weight=12.999999999999998 19 17.000000000000004 14.999999999999998 11.000000000000002 9.9999999999999982 17 18 19.000000000000004 18 10.999999999999998 9.9999999999999982 16.000000000000004 11.999999999999998 11.000000000000002 11.999999999999998 13.999999999999998 22 9.9999999999999982 9.9999999999999982 10.000000000000002 10.999999999999998 14.000000000000002 12.000000000000002 10.999999999999998 17 9.9999999999999982 10.999999999999998 29 10.999999999999998 30
leaf_count=13 19 17 15 11 10 17 18 19 18 11 10 16 12 11 12 14 22 10 10 10 11 14 12 11 17 10 11 29 11 30
internal_value=2162.26 -24038.6 98161.1 157755 -43914.5 101399 38528.2 -64414.4 -39327.2 8306.4 29382.8 -63880.6 66475.7 14724.7 -4358.14 -101665 -112344 -96745.8 -119015 -45810.9 -72977.8 -6562.64 -17563.7 17329.1 -47643.8 -88034.6 -60959.2 -108862 76651.4 -103701
internal_weight=451 386 54 65 332 46 29 246 147 50 39 97 29 86 28 99 86 64 50 32 21 64 54 25 29 69 30 39 22 40
internal_count=451 386 54 65 332 46 29 246 147 50 39 97 29 86 28 99 86 64 50 32 21 64 54 25 29 69 30 39 22 40
is_linear=0
shrinkage=0.05


Tree=2
num_leaves=31
num_cat=0
split_feature=4 11 0 11 8 7 2 7 2 6 6 1 5 0 8 8 11 2 9 2 0 6 11 2 11 8 7 7 5 8
split_gain=1.87928e+15 3.15502e+14 2.27394e+14 2.13936e+14 1.24078e+14 1.30965e+14 7.67453e+13 6.68149e+13 4.10123e+13 3.72219e+13 3.03802e+13 3.8282e+13 2.99765e+13 2.80262e+13 2.34908e+13 3.51663e+13 3.2577e+13 2.72481e+13 2.393e+13 1.86338e+13 1.67133e+13 1.49442e+13 1.46113e+13 1.34025e+13 1.3291e+13 1.25369e+13 1.62239e+13 1.17487e+13 1.61162e+13 9.05487e+12
threshold=1.0000000180025095e-35 8454295.8333333358 4.5000000000000009 9169415.0000000019 11568950.000000002 12335000.000000002 42.500000000000007 6120285.0000000009 261.50000000000006 10189250.000000002 6457500.0000000009 2.5000000000000004 5838300.0000000009 4.5000000000000009 3904000.0000000005 7651000.0000000009 7477574.0000000009 174.50000000000003 7904312.1428571437 111.50000000000001 1.0000000180025095e-35 9037500.0000000019 7193478.333333334 312.50000000000006 9243590.0000000019 6905000.0000000009 6145050.0000000009 6457500.0000000009 6243000.0000000009 5142500.0000000009
decision_type=2 2 2 2 2 2 2 2 2 2 2 2 2 2 2 2 2 2 2 2 2 2 2 2 2 2 2 2 2 2
left_child=1 2 6 -2 5 7 -1 -3 14 24 -4 -12 23 -11 16 17 -8 19 20 22 -17 -6 -16 -10 -9 26 -19 -13 -29 -30
right_child=3 4 10 -5 21 -7 8 9 12 13 11 27 -14 -15 15 18 -18 25 -20 -21 -22 -23 -24 -25 -26 -27 -28 28 29 -31
leaf_value=21182.176644736843 310427.07343749993 65447.70172697369 82779.163189697269 623562.86375000002 162675.92571231618 136633.17910156251 24223.975279017854 -58195.047355769217 -120498.17232142854 -42971.863498263883 92259.105681818182 30897.684263392861 -163351.57779947919 61426.74171875001 -54894.820820312481 -16186.260085227274 -88044.378320312506 -95777.714985795435 11008.930588942309 -169366.96948529413 -89708.474969951931 95350.489062500012 -135285.55432692307 -49994.904206730775 -134867.67375000002 -116578.39375 -14633.493024553572 23329.983258928572 -80439.381718749995 -23057.495632102276
leaf_weight=19 12.000000000000002 19 15.999999999999998 9.9999999999999982 17 18 14.000000000000002 13.000000000000002 14.000000000000002 18.000000000000004 10.999999999999998 13.999999999999998 24 9.9999999999999982 10.000000000000002 10.999999999999998 11.999999999999998 11.000000000000002 12.999999999999998 17 26 15.999999999999998 12.999999999999998 12.999999999999998 9.9999999999999982 9.9999999999999982 13.999999999999998 13.999999999999998 9.9999999999999982 22
leaf_count=19 12 19 16 10 17 18 14 13 14 18 11 14 24 10 10 11 12 11 13 17 26 16 13 13 10 10 14 14 10 22
internal_value=2054.15 -21059 -47934.7 452762 47351.8 16346.2 -74890.2 -14584.7 -83926.7 -44400.8 20538.5 6512.38 -122693 -5686.65 -70833.5 -79827.7 -27592.2 -101481 -47347.1 -129672 -67850.5 130033 -100333 -86552.2 -91531 -69263.1 -50337 -9207.86 -21413.9 -40989.3
internal_weight=451 429 308 22 121 88 221 70 202 51 87 71 51 28 151 125 26 75 50 40 37 33 23 27 23 35 25 60 46 32
internal_count=451 429 308 22 121 88 221 70 202 51 87 71 51 28 151 125 26 75 50 40 37 33 23 27 23 35 25 60 46 32
is_linear=0
shrinkage=0.05


Tree=3
num_leaves=31
num_cat=0
split_feature=4 11 0 11 2 8 7 2 11 2 6 11 5 8 8 11 2 8 7 6 11 11 2 11 2 8 7 5 6 11
split_gain=1.69605e+15 2.8474e+14 2.05223e+14 1.93077e+14 1.12166e+14 1.18063e+14 7.37995e+13 6.92626e+13 4.28031e+13 3.70136e+13 2.74181e+13 3.48096e+13 2.70538e+13 2.12004e+13 3.17376e+13 2.94007e+13 2.45914e+13 2.27845e+13 3.05965e+13 1.84003e+13 1.70253e+13 2.74091e+13 1.6817e+13 1.31867e+13 1.20958e+13 1.13146e+13 1.46421e+13 9.88249e+12 9.68506e+12 9.54823e+12
threshold=1.0000000180025095e-35 8454295.8333333358 4.5000000000000009 9169415.0000000019 347.50000000000006 11568950.000000002 12203975.000000002 42.500000000000007 8652095.0000000019 261.50000000000006 6457500.0000000009 7665548.0000000009 5838300.0000000009 3904000.0000000005 7651000.0000000009 7477574.0000000009 174.50000000000003 8927750.0000000019 5767650.0000000009 7383700.0000000009 11250280.666666668 9472830.0000000019 111.50000000000001 7193478.333333334 312.50000000000006 6905000.0000000009 6145050.0000000009 6405800.0000000009 7254200.0000000009 6994858.5000000009
decision_type=2 2 2 2 2 2 2 2 2 2 2 2 2 2 2 2 2 2 2 2 2 2 2 2 2 2 2 2 2 2
left_child=1 2 7 -2 5 6 8 -1 -3 13 -4 27 24 15 16 -9 22 -16 -19 -10 21 -21 23 -15 -11 26 -18 -12 -7 -29
right_child=3 4 10 -5 -6 28 -8 9 19 12 11 -13 -14 14 17 -17 25 18 -20 20 -22 -23 -24 -25 -26 -27 -28 29 -30 -31
leaf_value=20123.071546052633 294905.71770833328 51430.311607142859 78640.206420898438 592384.72375 178071.51205357144 157022.03861328118 97027.170989583334 23012.776813616067 -104539.71647727274 -114473.26450892855 18616.669140624999 66261.553266059025 -155184.00188802084 -52150.081874999982 -1866.6355057565791 -83642.159045410168 -90988.829332386333 -8899.3141927083325 -110880.40041118421 -49050.895065789467 -88019.895625000005 50124.661221590912 -160898.61948529413 -128521.27451923078 -47495.157572115393 -110749.47375 -13901.818359375 -59174.625937500008 95009.630997242653 -7440.701171875
leaf_weight=19 12.000000000000002 13.999999999999998 15.999999999999998 9.9999999999999982 13.999999999999998 10.000000000000002 14.999999999999998 14.000000000000002 10.999999999999998 14.000000000000002 15.999999999999998 18 24 10.000000000000002 19 11.999999999999998 11.000000000000002 12.000000000000002 19 19.000000000000004 9.9999999999999982 10.999999999999998 17 12.999999999999998 12.999999999999998 9.9999999999999982 13.999999999999998 14.999999999999998 17 22
leaf_count=19 12 14 16 10 14 10 15 14 11 14 16 18 24 10 19 12 11 12 19 19 10 11 17 13 13 10 14 15 17 22
internal_value=1951.44 -20006.1 -45538 430123 44984.2 27570.9 -2941.25 -71145.7 -26010.9 -79730.4 19511.5 6186.76 -116558 -67291.8 -75836.3 -26212.6 -96407.3 -44979.7 -71403.9 -47269.2 -31519.9 -12686.5 -123189 -95316.4 -82224.5 -65799.9 -47820.1 -14216 117977 -28413.9
internal_weight=451 429 308 22 121 107 80 221 65 202 87 71 51 151 125 26 75 50 31 51 40 30 40 23 27 35 25 53 27 37
internal_count=451 429 308 22 121 107 80 221 65 202 87 71 51 151 125 26 75 50 31 51 40 30 40 23 27 35 25 53 27 37
is_linear=0
shrinkage=0.05


Tree=4
num_leaves=31
num_cat=0
split_feature=4 0 8 10 7 8 10 5 7 8 8 10 2 6 0 8 9 9 9 6 0 7 6 2 6 7 2 10 9 1
split_gain=1.53068e+15 2.59361e+14 1.67912e+14 1.24783e+14 1.15877e+14 1.03803e+14 7.11511e+13 5.57849e+13 1.09297e+14 4.89718e+13 3.97768e+13 4.7328e+13 3.21586e+13 3.01486e+13 2.6321e+13 3.49681e+13 3.11271e+13 2.1218e+13 2.06324e+13 1.94968e+13 1.95581e+13 1.86286e+13 1.74495e+13 1.56136e+13 2.372e+13 1.45641e+13 1.43294e+13 1.39114e+13 1.31503e+13 1.15368e+13
threshold=1.0000000180025095e-35 4.5000000000000009 12415000.000000002 9774853.5714285728 8606400.0000000019 7900200.0000000009 7652819.6428571437 5130500.0000000009 7835950.0000000009 4292800.0000000009 8556500.0000000019 6958314.2857142864 195.50000000000003 6431300.0000000009 1.0000000180025095e-35 7513800.0000000009 11063742.142857144 10484856.428571431 9263997.8571428601 9157335.0000000019 3.5000000000000004 7107500.0000000009 6145050.0000000009 153.50000000000003 5767650.0000000009 6754300.0000000009 261.50000000000006 6902208.2142857155 10797824.285714287 6.5000000000000009
decision_type=2 2 2 2 2 2 2 2 2 2 2 2 2 2 2 2 2 2 2 2 2 2 2 2 2 2 2 2 2 2
left_child=1 2 6 10 -4 -2 9 8 -8 25 13 -12 22 -3 -14 16 18 -17 -16 20 21 23 -9 -11 26 -1 -25 -22 -5 -23
right_child=5 3 4 28 -6 -7 7 12 -10 19 11 -13 14 -15 15 17 -18 -19 -20 -21 27 29 -24 24 -26 -27 -28 -29 -30 -31
leaf_value=17904.29401506696 289642.4628124999 72593.330528846156 -66951.774374999979 116057.89031249995 143324.86344572369 507762.96562500001 145767.02761230464 -43491.373220486115 -72430.639204545456 -57566.584771050351 165.2473011363636 141083.25649038464 -82767.12049479167 -10712.137431936553 -56350.597727272696 -12136.070312499998 -116275.81984375001 80063.75997596154 42882.757656250003 -26491.225000000002 -92589.396274038445 -190201.78687499993 -109872.31505681819 -42640.068982872588 -150195.33281250001 -61100.515937500008 -118409.13274739584 -14147.542812500002 197145.145625 -115997.87819602274
leaf_weight=14.000000000000002 10.000000000000002 12.999999999999998 10.000000000000002 10.000000000000002 19 11.999999999999998 12.000000000000002 18 10.999999999999998 18 11.000000000000002 12.999999999999998 14.999999999999998 66 11.000000000000005 12.000000000000002 9.9999999999999982 12.999999999999998 9.9999999999999982 9.9999999999999982 13.000000000000002 10.000000000000002 22 13.000000000000002 22 9.9999999999999982 11.999999999999998 9.9999999999999982 9.9999999999999982 10.999999999999998
leaf_count=14 10 13 10 10 19 12 12 18 11 18 11 13 15 66 11 12 10 13 10 10 13 10 22 13 22 10 12 10 10 11
internal_value=1853.87 -19005.8 -43654 42314.2 70815.7 408617 -55638.2 -29460.2 41411.6 -80168.6 20122.4 76495.8 -44145.3 2996.36 -23945 -8189.13 -43670.6 35807.8 -9096.62 -93309 -99439.1 -110392 -80000.9 -97165 -112330 -15014.4 -79009.2 -58484.2 156602 -151333
internal_weight=451 429 306 123 29 22 277 134 23 143 103 24 111 79 71 56 31 25 21 119 109 86 40 65 47 24 25 23 20 21
internal_count=451 429 306 123 29 22 277 134 23 143 103 24 111 79 71 56 31 25 21 119 109 86 40 65 47 24 25 23 20 21
is_linear=0
shrinkage=0.05


Tree=5
num_leaves=31
num_cat=0
split_feature=4 0 7 8 10 7 11 1 8 11 0 5 0 10 11 8 11 8 5 10 5 0 5 6 6 8 7 5 1 6
split_gain=1.2364e+15 2.70568e+14 2.13391e+14 1.77819e+14 1.06855e+14 9.54066e+13 6.52801e+13 8.99063e+13 5.50302e+13 5.63095e+13 4.94933e+13 4.50526e+13 4.38027e+13 2.94313e+13 3.25863e+13 2.91649e+13 4.06136e+13 2.68266e+13 3.2969e+13 2.92947e+13 1.59503e+13 4.22098e+13 1.58678e+13 1.16664e+13 1.03515e+13 2.05773e+13 1.17282e+13 1.6447e+13 8.45399e+12 7.17932e+12
threshold=1.0000000180025095e-35 4.5000000000000009 8229575.0000000009 12415000.000000002 9670582.1428571437 8606400.0000000019 8014715.3333333349 1.5000000000000002 7791050.0000000009 7695131.5000000009 1.0000000180025095e-35 12832500.000000002 5.5000000000000009 9643228.2142857164 9243590.0000000019 7039250.0000000009 7092248.0000000009 3217800.0000000005 10482500.000000002 7239416.0714285718 6953135.0000000009 1.0000000180025095e-35 8418000.0000000019 9237500.0000000019 6108500.0000000009 6953135.0000000009 5580500.0000000009 4613000.0000000009 5.5000000000000009 7001700.0000000009
decision_type=2 2 2 2 2 2 2 2 2 2 2 2 2 2 2 2 2 2 2 2 2 2 2 2 2 2 2 2 2 2
left_child=1 3 -2 6 8 -5 17 -8 15 -10 -9 13 -6 -12 -15 16 -3 19 20 -1 21 -19 -22 24 26 29 -23 -28 -18 -26
right_child=2 4 -4 5 12 -7 7 10 9 -11 11 -13 -14 14 -16 -17 28 18 -20 -21 22 23 -24 -25 25 -27 27 -29 -30 -31
leaf_value=35930.19330610794 187495.47428977268 70644.565460526312 486719.12163461541 -41989.678693181806 73597.271590909091 144917.3142795139 119153.881953125 -118592.43615722656 9695.3848144531257 142348.01972656252 -70436.080053710946 77123.321406250005 214701.25795454544 72166.494999999981 -39342.515131578955 -74383.793196614584 -46935.005859375 7025.350961538461 -10145.831829427085 -77034.183138020846 -134744.96923491379 -107949.53467599969 -71400.348932291672 -38545.266250000001 -112923.89730113634 -160307.74552083336 -103073.10171874997 -17781.543832632215 2393.5100740131579 -55798.376935369328
leaf_weight=11.000000000000002 11.000000000000002 19 12.999999999999998 11.000000000000002 11 18 9.9999999999999982 15.999999999999998 15.999999999999998 15.999999999999998 32 9.9999999999999982 11 10.000000000000002 19 11.999999999999998 15.999999999999998 12.999999999999998 14.999999999999998 11.999999999999998 29 19 14.999999999999998 9.9999999999999982 11.000000000000002 14.999999999999998 10.000000000000002 12.999999999999998 19 10.999999999999998
leaf_count=11 11 19 13 11 11 18 10 16 16 16 32 10 11 10 19 12 16 13 15 12 29 19 15 10 11 15 10 13 19 11
internal_value=313.798 -19179.8 349575 -43856.4 44567.8 74021.6 -56021.7 -22829.9 22212.8 76021.7 -39149.9 -21247.4 144149 -37373.7 -891.132 -3876.4 11791.9 -73519.5 -80735.5 -23007.7 -87987.8 -77133.5 -113150 -89426.4 -95867 -115150 -78879.3 -54864.8 -20156.7 -84361.1
internal_weight=454 430 24 310 120 29 281 97 98 32 87 71 22 61 29 66 54 184 161 23 146 102 44 89 79 37 42 23 35 22
internal_count=454 430 24 310 120 29 281 97 98 32 87 71 22 61 29 66 54 184 161 23 146 102 44 89 79 37 42 23 35 22
is_linear=0
shrinkage=0.05


Tree=6
num_leaves=31
num_cat=0
split_feature=4 0 7 8 5 7 11 1 0 6 5 8 1 0 8 9 8 8 5 2 8 6 5 0 5 7 6 6 6 8
split_gain=1.11585e+15 2.44188e+14 1.92586e+14 1.60482e+14 9.16455e+13 8.61044e+13 5.89153e+13 8.11404e+13 4.46678e+13 4.17264e+13 4.066e+13 3.98572e+13 2.85325e+13 2.76896e+13 2.46515e+13 3.71709e+13 2.80166e+13 2.4211e+13 2.97546e+13 2.62413e+13 1.86127e+13 1.47452e+13 1.43951e+13 3.80943e+13 1.43207e+13 1.13757e+13 1.11049e+13 1.05289e+13 9.3422e+12 1.8571e+13
threshold=1.0000000180025095e-35 4.5000000000000009 8229575.0000000009 12415000.000000002 9637750.0000000019 8606400.0000000019 8014715.3333333349 1.5000000000000002 1.0000000180025095e-35 10060700.000000002 12832500.000000002 6303000.0000000009 7.5000000000000009 5.5000000000000009 6575025.0000000009 10128957.142857146 5408200.0000000009 3217800.0000000005 10482500.000000002 191.50000000000003 5457485.0000000009 7693150.0000000009 6953135.0000000009 1.0000000180025095e-35 8418000.0000000019 9271250.0000000019 10678300.000000002 9237500.0000000019 6108500.0000000009 6953135.0000000009
decision_type=2 2 2 2 2 2 2 2 2 2 2 2 2 2 2 2 2 2 2 2 2 2 2 2 2 2 2 2 2 2
left_child=1 3 -2 6 9 -5 17 -8 -9 13 14 -11 -6 20 16 21 -10 19 22 -1 -3 -16 23 -19 -24 -15 -14 28 -25 -30
right_child=2 4 -4 5 12 -7 7 8 10 11 -12 -13 26 25 15 -17 -18 18 -20 -21 -22 -23 24 27 -26 -27 -28 -29 29 -31
leaf_value=39036.044331054676 178120.69715909087 67232.928906249988 462383.15913461545 -39890.194602272713 43750.662535511365 137671.44674479167 113196.18625000001 -112662.81603393555 -16287.302572866582 2861.6450520833328 73267.156015625005 129227.87475961538 109710.97307692305 -69741.206433823521 -6077.5540624999985 59593.451682692314 -116573.12697916667 6674.0841346153848 -9638.5402473958347 -68698.430739182688 -10618.550873161767 -91941.496250000011 -128007.72252155172 -74935.371755254848 -67830.333906250002 -6157.9756998697922 177970.70937500001 -36618.003671875005 -80143.080220170465 -152292.35885416667
leaf_weight=10.000000000000002 11.000000000000002 14.000000000000002 12.999999999999998 11.000000000000002 10.999999999999998 18 9.9999999999999982 15.999999999999998 13.000000000000002 12.000000000000002 9.9999999999999982 12.999999999999998 13.000000000000002 17.000000000000004 10.000000000000002 12.999999999999998 14.999999999999998 12.999999999999998 14.999999999999998 12.999999999999998 17 9.9999999999999982 29 42 14.999999999999998 11.999999999999998 10.999999999999998 9.9999999999999982 22 14.999999999999998
leaf_count=10 11 14 13 11 11 18 10 16 13 12 10 13 13 17 10 13 15 13 15 13 17 10 29 42 15 12 11 10 22 15
internal_value=298.108 -18220.9 332096 -41663.5 42339.4 70320.5 -53220.6 -21688.4 -37192.4 14300.6 -20185 68572.1 110434 -8312.51 -35505 -6226.53 -70011.9 -69843.5 -76698.7 -21857.4 24540.2 -49009.5 -83588.5 -73276.8 -107493 -43430.9 140997 -84955 -91073.7 -109393
internal_weight=454 430 24 310 120 29 281 97 87 85 71 25 35 60 61 33 28 184 161 23 31 20 146 102 44 29 24 89 79 37
internal_count=454 430 24 310 120 29 281 97 87 85 71 25 35 60 61 33 28 184 161 23 31 20 146 102 44 29 24 89 79 37
is_linear=0
shrinkage=0.05


Tree=7
num_leaves=31
num_cat=0
split_feature=4 3 7 8 10 7 5 10 5 8 11 7 10 11 10 1 2 6 9 6 6 11 10 7 6 6 8 6 5 10
split_gain=1.00706e+15 2.20379e+14 1.73809e+14 1.44835e+14 8.94433e+13 7.77092e+13 5.41836e+13 5.39582e+13 7.4158e+13 3.76691e+13 4.28496e+13 3.57726e+13 3.50222e+13 2.67667e+13 6.51871e+13 2.64318e+13 3.91037e+13 2.34974e+13 2.04282e+13 1.92086e+13 1.79027e+13 1.38618e+13 2.03964e+13 1.29163e+13 1.24653e+13 1.75596e+13 1.38949e+13 1.18671e+13 9.44854e+12 8.27191e+12
threshold=1.0000000180025095e-35 1.0000000180025095e-35 8229575.0000000009 12415000.000000002 9774853.5714285728 8606400.0000000019 12001950.000000002 7449907.8571428582 4345500.0000000009 8556500.0000000019 7732189.5000000009 3452535.0000000005 10116871.428571431 7092248.0000000009 6718863.2142857155 10.500000000000002 281.50000000000006 6145050.0000000009 10869274.285714289 5051000.0000000009 8901550.0000000019 6235695.666666667 6488922.8571428582 5838300.0000000009 4405000.0000000009 8530000.0000000019 4345500.0000000009 7503200.0000000009 4658000.0000000009 6103400.0000000009
decision_type=2 2 2 2 2 2 2 2 2 2 2 2 2 2 2 2 2 2 2 2 2 2 2 2 2 2 2 2 2 2
left_child=1 3 -2 7 6 -5 9 11 -9 13 -11 -1 15 14 -3 16 17 19 -14 -10 -15 29 -23 -19 -24 26 -26 -17 -28 -13
right_child=2 4 -4 5 -6 -7 -8 8 12 10 -12 21 18 20 -16 27 -18 23 -20 -21 -22 22 24 -25 25 -27 28 -29 -30 -31
leaf_value=12490.672345525569 169214.67124467326 -42783.437499999993 439264.00432692311 -37895.68451704544 136747.1171875 130787.87391493056 125606.89375 89248.947916666672 -64029.929647288605 -4788.1721874999985 141583.92859375 -87560.822109374974 45365.803808593751 -63834.890701426637 116028.42213541668 -144564.60874999996 50711.115781250002 -42984.667885044648 -34533.028613281254 9129.120281661184 847.33501953125005 -34978.923718750004 -35020.072792968749 -102968.87802343752 -55337.268437499995 -45220.05796595983 -81105.866126598019 -67535.12401779175 -135044.49755544355 -151872.22093750001
leaf_weight=10.999999999999998 11.000000000000002 14.000000000000002 12.999999999999998 11.000000000000002 20 18 10.999999999999998 11.999999999999998 17 10.000000000000002 9.9999999999999982 10.000000000000002 15.999999999999998 23 11.999999999999998 10.000000000000002 9.9999999999999982 13.999999999999998 15.999999999999998 19 20 25 9.9999999999999982 25 9.9999999999999982 13.999999999999998 10.999999999999998 9.9999999999999982 31 9.9999999999999982
leaf_count=11 11 14 13 11 20 18 11 12 17 10 10 10 16 23 12 10 10 14 16 19 20 25 10 25 10 14 11 10 31 10
internal_value=283.203 -17309.8 315491 -39580.4 40222.4 66804.5 20917.5 -50559.6 -29937.2 7978.37 68397.9 -73837.9 -40376.8 -9534.53 30514.3 -54332.8 -42164.1 -54547.5 5416.39 -25418.2 -33750.1 -81686 -74155.2 -81436.1 -87042.1 -94924.2 -108306 -106050 -120918 -119717
internal_weight=454 430 24 310 120 29 100 281 149 89 20 132 137 69 26 105 85 75 32 36 43 121 101 39 76 66 52 20 42 20
internal_count=454 430 24 310 120 29 100 281 149 89 20 132 137 69 26 105 85 75 32 36 43 121 101 39 76 66 52 20 42 20
is_linear=0
shrinkage=0.05


Tree=8
num_leaves=31
num_cat=0
split_feature=4 0 7 11 10 10 11 5 11 10 0 9 10 10 5 2 7 10 6 6 10 10 9 11 11 6 2 9 7 10
split_gain=9.08868e+14 1.98892e+14 1.56862e+14 1.30856e+14 8.07226e+13 5.44745e+13 6.231e+13 4.89007e+13 3.92244e+13 5.35678e+13 3.75795e+13 3.20997e+13 2.66932e+13 5.27689e+13 3.70661e+13 2.5645e+13 1.69645e+13 1.81633e+13 2.28517e+13 1.6016e+13 1.54949e+13 1.62377e+13 1.41724e+13 1.58116e+13 2.04164e+13 1.43289e+13 1.39392e+13 1.25612e+13 1.25176e+13 9.85655e+12
threshold=1.0000000180025095e-35 4.5000000000000009 8229575.0000000009 8033114.166666667 9774853.5714285728 7817585.7142857155 9690329.1666666698 12001950.000000002 9208617.5000000019 9643228.2142857164 5.5000000000000009 10869274.285714289 6675886.42857143 6973041.7857142864 8210075.0000000009 219.50000000000003 3263000.0000000005 7638436.538461539 6145050.0000000009 5130500.0000000009 8986375.0000000019 8293206.7857142864 7654005.0000000009 6235695.666666667 6432858.0000000009 6683535.0000000009 338.50000000000006 6042880.0000000009 8715000.0000000019 8184475.0000000009
decision_type=2 2 2 2 2 2 2 2 2 2 2 2 2 2 2 2 2 2 2 2 2 2 2 2 2 2 2 2 2 2
left_child=1 3 -2 16 7 -5 8 12 9 20 -6 -8 -3 -14 15 28 -1 22 19 -19 21 -7 23 -18 -25 27 -13 -26 -15 -20
right_child=2 4 -4 5 10 6 11 -9 -10 -11 -12 26 13 14 -16 -17 17 18 29 -21 -22 -23 -24 24 25 -27 -28 -29 -30 -31
leaf_value=-10444.769974190849 160753.93295454542 -36232.802406249997 417300.8044471154 115005.65062500001 61371.868828124985 -67666.971940104151 81523.618128551141 119326.54815340909 -106165.65029296876 66660.920982142852 198447.65328124998 -37095.092908653838 114619.00480769231 -45693.328124999985 -64264.318437499998 82187.785491071438 -110083.50944940477 -50510.851249999985 -42376.681818181809 35166.841145833336 -98203.20884232955 14586.985449218751 -121019.10078125 1911.6388139204546 -42406.602490234378 -44857.271471798063 41425.023593750004 -100905.43988381411 30051.083691406253 -109311.36136363636
leaf_weight=13.999999999999998 11.000000000000002 25 12.999999999999998 9.9999999999999982 10 12.000000000000002 22 10.999999999999998 15.999999999999998 13.999999999999998 10 13.000000000000002 12.999999999999998 10.000000000000002 14.999999999999998 13.999999999999998 21 10.000000000000002 11.000000000000002 11.999999999999998 10.999999999999998 11.999999999999998 15.999999999999998 10.999999999999998 11.999999999999998 33 9.9999999999999982 39 11.999999999999998 10.999999999999998
leaf_count=14 11 25 13 10 10 12 22 11 16 14 10 13 13 10 15 14 21 10 11 12 11 12 16 11 12 33 10 39 12 11
internal_value=269.042 -16444.3 299717 -37601.3 38211.3 3274.98 -6882.35 19871.6 -38193.7 -15998.8 129910 38345.2 7579.45 24693.6 1771.45 29286.4 -63418 -67631.7 -39810.8 -3777.56 -49062.7 -26540 -76905.4 -70820.8 -62141.6 -70529.5 -2955.91 -87141 -4378.19 -75844
internal_weight=454 430 24 310 120 120 110 100 65 49 20 45 89 64 51 36 190 176 44 22 35 24 132 116 95 84 23 51 22 22
internal_count=454 430 24 310 120 120 110 100 65 49 20 45 89 64 51 36 190 176 44 22 35 24 132 116 95 84 23 51 22 22
is_linear=0
shrinkage=0.05


Tree=9
num_leaves=31
num_cat=0
split_feature=4 3 7 8 10 7 1 11 5 9 8 11 5 9 8 8 6 10 9 2 5 11 6 9 2 9 11 1 6 9
split_gain=8.20253e+14 1.795e+14 1.41568e+14 1.21779e+14 7.28521e+13 6.78914e+13 4.474e+13 5.36155e+13 4.41329e+13 3.92193e+13 3.2862e+13 3.82847e+13 2.76516e+13 2.57696e+13 2.34625e+13 2.0791e+13 1.95195e+13 1.87734e+13 1.95905e+13 1.66146e+13 1.50931e+13 1.92905e+13 1.55912e+13 2.15184e+13 1.33447e+13 2.06205e+13 1.3002e+13 1.24006e+13 1.18782e+13 1.16827e+13
threshold=1.0000000180025095e-35 1.0000000180025095e-35 8229575.0000000009 12415000.000000002 9774853.5714285728 8606400.0000000019 1.5000000000000002 7940908.0000000009 12001950.000000002 10128957.142857146 8556500.0000000019 7732189.5000000009 10909000.000000002 11339707.142857146 3960000.0000000005 4697500.0000000009 6953135.0000000009 7239416.0714285718 6478949.2857142864 229.50000000000003 6812825.0000000009 6943682.3333333349 4345500.0000000009 7339892.8571428582 229.50000000000003 6388486.42857143 7630402.8333333349 5.5000000000000009 9983000.0000000019 7116075.0000000009
decision_type=2 2 2 2 2 2 2 2 2 2 2 2 2 2 2 2 2 2 2 2 2 2 2 2 2 2 2 2 2 2
left_child=1 3 -2 6 8 -5 7 -1 10 12 14 -12 15 28 -3 17 -16 18 -8 27 21 -17 -22 -24 25 -23 -19 -18 -11 -27
right_child=2 4 -4 5 -6 -7 9 -9 -10 13 11 -13 -14 -15 16 20 19 26 -20 -21 22 24 23 -25 -26 29 -28 -29 -30 -31
leaf_value=-59379.906249999978 152716.23948863632 51357.05576923077 396435.7608097957 -36033.592755681806 123414.27162109377 121634.53023003472 -50550.917961237974 100586.39161931818 113360.22073863636 65910.023354270219 -5544.7003124999983 132811.17734374999 7993.0184151785716 -50307.588034539476 -74334.167522321441 -87080.137776295742 -11062.181458333333 -112026.31532592769 36252.296394230769 -46249.817138671875 -39460.818465909091 -81703.605249023443 -140560.26120923914 -74167.236899038471 -72748.645349702376 44929.397343749988 -36191.649368990387 58831.280078125004 -6022.1225260416668 -26954.835637019234
leaf_weight=10.000000000000002 11.000000000000002 12.999999999999998 12.999999999999998 11.000000000000002 20 18 13.000000000000002 10.999999999999998 10.999999999999998 11.000000000000002 10.000000000000002 9.9999999999999982 13.999999999999998 19 13.999999999999998 41 15.000000000000002 10.000000000000002 12.999999999999998 15.999999999999998 10.999999999999998 9.9999999999999982 23 26 21 10.000000000000002 12.999999999999998 10.999999999999998 11.999999999999998 12.999999999999998
leaf_count=10 11 13 13 11 20 18 13 11 11 11 10 10 14 19 14 41 15 10 13 16 11 10 23 26 21 10 13 11 12 13
internal_value=255.59 -15622.1 284731 -35721.3 36300.8 61829.4 -45788.8 24412 18878 -51458.8 7200.48 63633.2 -59982.6 -7216.65 -9156.85 -64647.6 -23204.7 -36257.9 -7149.31 -6161.56 -73622.4 -61222.8 -93255.1 -105331 -41590.3 -21762.3 -69163.2 18508.1 28380.2 4299.18
internal_weight=454 430 24 310 120 29 281 21 100 260 89 20 218 42 69 204 56 49 26 42 155 95 60 49 54 33 23 26 23 23
internal_count=454 430 24 310 120 29 281 21 100 260 89 20 218 42 69 204 56 49 26 42 155 95 60 49 54 33 23 26 23 23
is_linear=0
shrinkage=0.05


Tree=10
num_leaves=31
num_cat=0
split_feature=4 11 0 2 7 6 11 0 6 9 11 5 8 7 11 6 11 6 8 1 11 11 5 6 8 9 7 8 6 9
split_gain=5.02914e+14 1.88194e+14 1.12605e+14 3.4486e+13 3.57215e+13 3.2671e+13 2.97114e+13 3.47438e+13 3.90895e+13 2.54373e+13 2.34514e+13 2.01978e+13 2.54748e+13 1.66995e+13 1.62832e+13 1.48087e+13 1.81927e+13 1.82143e+13 1.29907e+13 1.24913e+13 9.2261e+12 9.03404e+12 1.75853e+13 8.95563e+12 1.92839e+13 1.23789e+13 8.55061e+12 6.76906e+12 6.70822e+12 6.47104e+12
threshold=1.0000000180025095e-35 9690329.1666666698 4.5000000000000009 340.50000000000006 12335000.000000002 6431300.0000000009 8319948.3333333349 2.5000000000000004 7740500.0000000009 8387850.0000000009 11432317.833333334 5321500.0000000009 4905425.0000000009 6975000.0000000009 7399793.166666667 3341800.0000000005 7794323.3333333349 8530000.0000000019 7835950.0000000009 8.5000000000000018 7665548.0000000009 7417112.3571428582 8418000.0000000019 6145050.0000000009 6533000.0000000009 6656307.1428571437 8715000.0000000019 6145050.0000000009 6812825.0000000009 6965790.7142857155
decision_type=2 2 2 2 2 2 2 2 2 2 2 2 2 2 2 2 2 2 2 2 2 2 2 2 2 2 2 2 2 2
left_child=1 2 6 4 10 -4 11 13 -9 14 -3 12 29 -8 26 -13 17 21 27 -11 -16 23 -23 24 -17 -25 -7 -14 -18 -1
right_child=-2 3 5 -5 -6 9 7 8 -10 19 -12 15 18 -15 20 16 28 -19 -20 -21 -22 22 -24 25 -26 -27 -28 -29 -30 -31
leaf_value=-13930.061026278407 260169.24572610296 39305.865729166653 77007.211545138896 119321.59486019738 92142.459971788208 -13714.358029513889 -10236.164166666666 100669.51372514202 -32626.983522727271 77391.737259615373 -59544.608125000006 -7480.7854296875003 -53942.07070503234 -83670.185156250009 -86071.887499999968 -100555.65695312501 -83692.177343749965 -16525.358767361115 -20788.671963840061 4996.3967329545458 -21043.974251302086 -80086.984838867167 2037.0298295454545 -55945.920234374986 -31954.047795758928 -124078.88656250002 43950.522812500007 -103619.90377604167 -140275.30965909091 41643.775937500002
leaf_weight=11.000000000000002 17 15.000000000000002 18 19 18 18.000000000000004 15.000000000000002 11.000000000000002 10.999999999999998 13.000000000000002 9.9999999999999982 9.9999999999999982 16.000000000000004 15.999999999999998 10.000000000000002 20 10.000000000000002 18 18 10.999999999999998 11.999999999999998 16.000000000000004 10.999999999999998 10.000000000000002 21 20 9.9999999999999982 11.999999999999998 10.999999999999998 9.9999999999999982
leaf_count=11 17 15 18 19 18 18 15 11 11 13 10 10 16 16 10 20 10 18 18 11 12 16 11 10 21 20 10 12 11 10
internal_value=-6452.98 -17219.2 -31111.7 63222.8 38435 16593.3 -47549.4 -14033.9 34021.3 1898.02 -234.324 -55849.9 -33097 -48137.6 -18412 -66220.3 -70507.9 -62755.4 -53928.4 44210.5 -50602.1 -71246.6 -46629.1 -80608.2 -65418.2 -101368 6880.24 -75232.6 -113331 12533.7
internal_weight=438 421 359 62 43 92 267 53 22 74 25 214 67 31 50 147 137 116 46 24 22 98 27 71 41 30 28 28 21 21
internal_count=438 421 359 62 43 92 267 53 22 74 25 214 67 31 50 147 137 116 46 24 22 98 27 71 41 30 28 28 21 21
is_linear=0
shrinkage=0.05


Tree=11
num_leaves=31
num_cat=0
split_feature=4 10 0 0 5 2 6 8 10 5 8 8 11 10 7 2 0 5 5 0 5 8 6 6 6 8 5 0 8 7
split_gain=4.5388e+14 1.70653e+14 8.96587e+13 6.81457e+13 5.10131e+13 7.18353e+13 4.13956e+13 3.11823e+13 2.54919e+13 2.08774e+13 2.06306e+13 1.94883e+13 2.38845e+13 1.86934e+13 1.80394e+13 1.60922e+13 1.93017e+13 1.10903e+13 1.88984e+13 1.57955e+13 1.54191e+13 1.01779e+13 9.77719e+12 2.68435e+13 1.083e+13 1.0659e+13 1.31278e+13 1.288e+13 9.40594e+12 8.21452e+12
threshold=1.0000000180025095e-35 9643228.2142857164 5.5000000000000009 4.5000000000000009 13917500.000000002 341.50000000000006 6431300.0000000009 10417000.000000002 8398294.6428571437 7383700.0000000009 6405800.0000000009 3680835.0000000005 7442549.8333333349 11577390.000000002 8715000.0000000019 299.50000000000006 2.5000000000000004 3341800.0000000005 5321500.0000000009 3.5000000000000004 10482500.000000002 8403800.0000000019 8530000.0000000019 10678300.000000002 6145050.0000000009 6196000.0000000009 6847850.0000000009 1.0000000180025095e-35 6905000.0000000009 6120285.0000000009
decision_type=2 2 2 2 2 2 2 2 2 2 2 2 2 2 2 2 2 2 2 2 2 2 2 2 2 2 2 2 2 2
left_child=1 3 4 7 5 13 -5 11 -9 10 -8 12 -1 15 -11 16 -3 -13 19 21 22 -19 24 -24 25 29 -27 -28 -26 -20
right_child=-2 2 -4 6 -6 -7 9 8 -10 14 -12 17 -14 -15 -16 -17 -18 18 20 -21 -22 -23 23 -25 28 26 27 -29 -30 -31
leaf_value=32326.611077008922 247160.7846507353 -13441.628722426471 178431.12173295455 73156.849869791666 -79472.353125000009 165284.31000000003 -19519.952573529408 -36040.717176649305 58041.003645833342 -12922.397826086957 62443.096861049104 -105186.48528645834 -58479.915755208342 76060.209375000006 -88546.542578125009 -41174.421784855775 61903.966153492656 -62388.740421875002 -61357.095781249984 21139.384830729166 -17741.712760416667 -2703.881875 18778.169609374992 -92141.868619791669 -78063.800710227268 732.26812500000005 -104083.26484374997 -30825.809765625003 -128447.66445312501 -125444.99078125
leaf_weight=14.000000000000002 17 17 10.999999999999998 18 9.9999999999999982 9.9999999999999982 17.000000000000004 18.000000000000004 11.999999999999998 23 13.999999999999998 11.999999999999998 14.999999999999998 11.999999999999998 11.999999999999998 12.999999999999998 17 25 10.000000000000002 11.999999999999998 14.999999999999998 9.9999999999999982 10.000000000000002 11.999999999999998 22 9.9999999999999982 12.000000000000002 11.999999999999998 15.999999999999998 9.9999999999999982
leaf_count=14 17 17 11 18 10 10 17 18 12 23 14 12 15 12 12 13 17 25 10 12 15 10 10 12 22 10 12 12 16 10
internal_value=-6130.33 -16358.2 44690.9 -32957.7 26068.8 41364.6 5945.4 -46187.9 1591.97 -12385 17495.6 -52793.4 -14642.3 20361.3 -38850.7 6140.26 24231.2 -58678.4 -55507.4 -28363.5 -65397.1 -45335.9 -71667.5 -41723.7 -78828 -64437.2 -47399.6 -67454.5 -99278.1 -93401
internal_weight=438 421 90 331 79 69 84 247 30 66 31 217 29 59 35 47 34 188 176 47 129 35 114 22 92 54 34 24 38 20
internal_count=438 421 90 331 79 69 84 247 30 66 31 217 29 59 35 47 34 188 176 47 129 35 114 22 92 54 34 24 38 20
is_linear=0
shrinkage=0.05


Tree=12
num_leaves=31
num_cat=0
split_feature=4 10 0 0 5 10 6 8 9 8 5 8 7 10 7 9 8 10 7 7 0 6 11 5 8 10 10 10 6 6
split_gain=4.09626e+14 1.54015e+14 8.0917e+13 6.15015e+13 4.60393e+13 5.81672e+13 3.73595e+13 2.86098e+13 2.07826e+13 2.04852e+13 1.88419e+13 1.86191e+13 1.78692e+13 1.64856e+13 1.63926e+13 1.17322e+13 4.06499e+13 1.23045e+13 2.36026e+13 1.66986e+13 1.84092e+13 9.75806e+12 1.16308e+13 9.30315e+12 7.88819e+12 1.16586e+13 6.22807e+12 1.13725e+13 6.18842e+12 3.2481e+12
threshold=1.0000000180025095e-35 9643228.2142857164 5.5000000000000009 4.5000000000000009 13917500.000000002 11577390.000000002 6431300.0000000009 12556000.000000002 9498485.7142857164 6500200.0000000009 7383700.0000000009 6405800.0000000009 3341800.0000000005 7792694.444444445 7740500.0000000009 6510105.0000000009 8403800.0000000019 7116631.0714285718 8458500.0000000019 7520300.0000000009 3.5000000000000004 5898500.0000000009 6906949.666666667 6905000.0000000009 5142500.0000000009 6630883.5714285718 7885510.7142857155 8719369.6428571437 6533000.0000000009 5100500.0000000009
decision_type=2 2 2 2 2 2 2 2 2 2 2 2 2 2 2 2 2 2 2 2 2 2 2 2 2 2 2 2 2 2
left_child=1 3 4 7 5 8 -5 12 -3 -10 11 -8 13 -1 -12 16 24 21 19 20 26 23 -23 -17 -14 29 -19 -28 -20 -26
right_child=-2 2 -4 6 -6 -7 10 -9 9 -11 14 -13 15 -15 -16 17 -18 18 28 -21 -22 22 -24 -25 25 -27 27 -29 -30 -31
leaf_value=30431.848883056635 234802.74375000002 50884.252857730266 169509.56143465909 69499.008593749997 -75498.734062499992 111153.14242187502 -18543.955147058819 18713.468382352941 -66550.040104166648 17788.155143229167 -5507.2065378289481 59320.941831752229 -28499.275494384769 -54959.526904296879 -74196.755175781247 -141935.60062499993 40051.070163399832 -84062.608223684219 -67679.268465909074 20064.196448863637 1647.0767293294271 -94169.086551339264 -29718.677427455361 -75301.237073863638 -113510.78281249994 -27292.678281250002 -22756.448350694442 -87286.741761363635 -119599.54270833333 -74137.845525568177
leaf_weight=13.000000000000002 17 19 10.999999999999998 18 9.9999999999999982 20 17.000000000000004 17 12.000000000000002 18 19 13.999999999999998 15.999999999999998 9.9999999999999982 15.999999999999998 10.000000000000002 13.999999999999998 19 11.000000000000002 10.999999999999998 14.999999999999998 14.000000000000002 13.999999999999998 10.999999999999998 10.000000000000005 9.9999999999999982 18.000000000000004 10.999999999999998 11.999999999999998 10.999999999999998
leaf_count=13 17 19 11 18 10 20 17 17 12 18 19 14 16 10 16 10 14 19 11 11 15 14 14 11 10 10 18 11 12 11
internal_value=-5823.82 -15540.3 42456.3 -31309.8 24765.3 39296.4 5648.13 -43878.5 9967.08 -15947.1 -11765.7 16620.8 -48504.9 -6694.84 -36908.1 -53150.4 -34734.8 -60844.6 -50528 -36777.7 -46702.4 -81267.3 -61943.9 -107032 -57011.5 -71727.4 -61811.7 -47233.5 -94768.1 -92886.9
internal_weight=438 421 90 331 79 69 84 247 49 30 66 31 230 23 35 207 61 146 97 74 63 49 28 21 47 31 48 29 23 21
internal_count=438 421 90 331 79 69 84 247 49 30 66 31 230 23 35 207 61 146 97 74 63 49 28 21 47 31 48 29 23 21
is_linear=0
shrinkage=0.05


Tree=13
num_leaves=31
num_cat=0
split_feature=4 11 0 2 7 6 10 11 0 8 2 5 8 6 5 5 5 9 5 8 7 9 10 7 10 10 6 7 8 6
split_gain=3.69688e+14 1.39892e+14 8.47139e+13 2.75963e+13 2.85844e+13 2.36379e+13 2.69641e+13 2.26256e+13 3.02872e+13 2.11597e+13 1.92566e+13 1.62265e+13 2.37569e+13 1.58047e+13 2.64676e+13 1.7266e+13 2.31048e+13 2.11442e+13 1.57404e+13 1.68037e+13 1.52655e+13 1.30898e+13 1.55751e+13 2.05869e+13 1.25998e+13 1.18725e+13 8.15812e+12 1.23165e+13 6.37804e+12 5.84726e+12
threshold=1.0000000180025095e-35 9690329.1666666698 4.5000000000000009 340.50000000000006 12335000.000000002 6431300.0000000009 9518564.2857142873 8319948.3333333349 3.5000000000000004 10417000.000000002 322.50000000000006 5708800.0000000009 3332500.0000000005 4613000.0000000009 8418000.0000000019 7740500.0000000009 7137200.0000000009 7685035.7142857155 7383700.0000000009 6405800.0000000009 8715000.0000000019 7580805.0000000009 6922347.8571428582 4460000.0000000009 6198448.5714285718 9643228.2142857164 7835950.0000000009 5929500.0000000009 7370200.0000000009 6303000.0000000009
decision_type=2 2 2 2 2 2 2 2 2 2 2 2 2 2 2 2 2 2 2 2 2 2 2 2 2 2 2 2 2 2
left_child=1 2 7 4 10 -4 18 11 9 25 -3 12 -1 14 -13 16 26 -17 19 -7 28 22 23 -14 -25 -9 27 -15 -20 -19
right_child=-2 3 5 -5 -6 6 -8 8 -10 -11 -12 13 21 15 -16 17 -18 29 20 -21 -22 -23 -24 24 -26 -27 -28 -29 -30 -31
leaf_value=41330.033137207036 223062.60753676473 33656.130781249994 66024.058246527784 104774.6072368421 80461.134157986118 -17616.75863970588 78491.376367187506 -97534.421590909071 62105.534090909096 16519.492291666666 -55918.245585937497 -74504.131598772306 11890.144673295456 -123509.74545454547 22720.988504464287 -129930.46968749999 11345.729361979167 -39462.331457519525 13805.364322916663 56354.896051897318 -85401.359375 -84310.087360491074 9847.6177159926483 -30219.227884615379 -94818.10791015625 -30055.602783203125 -35961.555781249997 -58199.379399181555 -38904.326420454548 -89521.974375000005
leaf_weight=9.9999999999999982 17 15.000000000000002 18 19 18 17.000000000000004 9.9999999999999982 11.000000000000002 10.999999999999998 14.999999999999998 9.9999999999999982 14.000000000000002 10.999999999999998 10.999999999999998 13.999999999999998 20 11.999999999999998 14.000000000000002 12.000000000000002 13.999999999999998 9.9999999999999982 13.999999999999998 17 13.000000000000002 18 15.999999999999998 14.999999999999998 21 10.999999999999998 9.9999999999999982
leaf_count=10 17 15 18 19 18 17 10 11 11 15 10 14 11 11 14 20 12 14 12 14 10 14 17 13 18 16 15 21 11 10
internal_value=-5532.63 -14763.3 -26741 54591.6 32417.7 14636.2 2136.49 -40998.4 -11751.2 -31094.7 -2173.62 -48241.8 -30944.8 -59201 -25891.6 -68256 -50577.4 -91961.4 -9793.96 15789.8 -33827.2 -40845.4 -30531.8 -46875.8 -67728.3 -57547 -66387.6 -80649.8 -11403.6 -60320.5
internal_weight=438 421 359 62 43 92 74 267 53 42 25 214 83 131 28 103 59 44 64 31 33 73 59 42 31 27 47 32 23 24
internal_count=438 421 359 62 43 92 74 267 53 42 25 214 83 131 28 103 59 44 64 31 33 73 59 42 31 27 47 32 23 24
is_linear=0
shrinkage=0.05


Tree=14
num_leaves=31
num_cat=0
split_feature=4 11 0 5 2 11 6 10 11 0 8 5 8 10 6 6 5 8 7 7 5 11 6 7 5 8 5 5 11 8
split_gain=3.33643e+14 1.26253e+14 7.64543e+13 2.75727e+13 5.79939e+13 2.33935e+13 2.13332e+13 2.43351e+13 2.04196e+13 2.88867e+13 3.09652e+13 1.46444e+13 2.14406e+13 1.53999e+13 2.775e+13 1.75037e+13 1.42057e+13 1.51654e+13 1.37771e+13 1.37202e+13 1.2743e+13 1.82091e+13 1.71112e+13 1.26385e+13 9.54558e+12 1.84683e+13 1.54966e+13 1.03462e+13 6.18353e+12 5.75618e+12
threshold=1.0000000180025095e-35 9690329.1666666698 4.5000000000000009 13917500.000000002 340.50000000000006 11942680.16666667 6431300.0000000009 9518564.2857142873 8319948.3333333349 2.5000000000000004 7234500.0000000009 5708800.0000000009 3332500.0000000005 6319873.92857143 4613000.0000000009 5142500.0000000009 7383700.0000000009 6405800.0000000009 8715000.0000000019 6975000.0000000009 7740500.0000000009 7193478.333333334 7383700.0000000009 8787500.0000000019 3341800.0000000005 5898500.0000000009 5109300.0000000009 5285500.0000000009 7562019.666666667 7370200.0000000009
decision_type=2 2 2 2 2 2 2 2 2 2 2 2 2 2 2 2 2 2 2 2 2 2 2 2 2 2 2 2 2 2
left_child=1 2 8 4 5 23 -4 16 11 19 -11 12 -1 -13 -15 -16 17 -8 29 -10 21 -17 -22 -3 -14 26 -26 -27 -23 -18
right_child=-2 3 6 -5 -6 -7 7 -9 9 10 -12 13 24 14 15 20 18 -19 -20 -21 22 28 -24 -25 25 27 -28 -29 -30 -31
leaf_value=39263.530625000007 211909.47224264705 19892.232226562497 62722.854947916669 -24173.279999999999 162889.03567708333 -28666.364980468748 -16735.920312499999 74566.809179687509 -7905.6626562499987 -26665.137215909082 91973.438778409094 -107890.04951923079 -84184.772187500013 3122.4864746093754 -113264.89330357144 3412.9026475694445 13115.098502604164 53537.149330357148 -81131.290156250005 -74467.5400390625 -44977.532504111849 -38803.148621323533 -116415.15291666666 86136.936197916672 -31945.264981617642 -24579.42921875 -108108.68295454547 35596.820625 -82847.78260416667 -36959.110653409087
leaf_weight=9.9999999999999982 17 12.000000000000002 18 9.9999999999999982 11.999999999999998 9.9999999999999982 17.000000000000004 9.9999999999999982 15.000000000000002 11.000000000000002 10.999999999999998 12.999999999999998 9.9999999999999982 20 13.999999999999998 18 12.000000000000002 13.999999999999998 9.9999999999999982 15.999999999999998 19 17 14.999999999999998 18 17.000000000000004 25 10.999999999999998 9.9999999999999982 14.999999999999998 10.999999999999998
leaf_count=10 17 12 18 10 12 10 17 10 15 11 11 13 10 20 14 18 12 14 10 16 19 17 15 18 17 25 11 10 15 11
internal_value=-5255.99 -14025.1 -25404 51862 66484.2 37562.7 13904.4 2029.67 -38948.5 -11163.7 32654.2 -45829.7 -29397.5 -56241 -50550.8 -61504.6 -9304.26 15000.3 -32135.8 -42260.2 -52877.8 -36818.8 -76494.1 59639.1 -38803.2 -31599.7 -61866.6 -7386.21 -59449.1 -10833.4
internal_weight=438 421 359 62 52 40 92 74 267 53 22 214 83 131 118 98 64 31 33 31 84 50 34 30 73 63 28 35 32 23
internal_count=438 421 359 62 52 40 92 74 267 53 22 214 83 131 118 98 64 31 33 31 84 50 34 30 73 63 28 35 32 23
is_linear=0
shrinkage=0.05


Tree=15
num_leaves=31
num_cat=0
split_feature=4 11 0 2 10 0 2 9 11 7 5 7 6 9 9 9 11 5 6 1 2 2 2 5 9 5 7 7 10 1
split_gain=4.49807e+14 1.33515e+14 7.40681e+13 6.40288e+13 5.77421e+13 4.4905e+13 3.28041e+13 9.03602e+13 2.43191e+13 1.64605e+13 3.25671e+13 2.71375e+13 3.00965e+13 1.79831e+13 1.36768e+13 2.01422e+13 1.79221e+13 1.81344e+13 1.82035e+13 1.64515e+13 1.52179e+13 1.26493e+13 1.12108e+13 1.10468e+13 1.361e+13 3.77425e+13 1.01105e+13 2.0007e+13 1.23062e+13 1.11215e+13
threshold=1.0000000180025095e-35 8522154.1666666698 4.5000000000000009 316.50000000000006 11577390.000000002 4.5000000000000009 42.500000000000007 8291528.5714285728 6308594.666666667 8606400.0000000019 6575025.0000000009 6975000.0000000009 7662375.0000000009 10939271.428571431 6744300.0000000009 6510105.0000000009 6906949.666666667 5538185.0000000009 7137200.0000000009 4.5000000000000009 209.50000000000003 289.50000000000006 189.50000000000003 5803250.0000000009 5564733.5714285718 4405000.0000000009 6683535.0000000009 5948085.0000000009 7147065.7142857155 6.5000000000000009
decision_type=2 2 2 2 2 2 2 2 2 2 2 2 2 2 2 2 2 2 2 2 2 2 2 2 2 2 2 2 2 2
left_child=1 5 9 -2 21 6 7 -1 -7 11 -11 12 -3 -12 15 19 -16 -18 20 -8 -19 -4 -20 24 -21 -26 27 -10 -28 -30
right_child=3 2 4 -5 -6 8 14 -9 26 10 13 -13 -14 -15 16 -17 17 18 22 23 -22 -23 -24 -25 25 -27 28 -29 29 -31
leaf_value=130962.80749999995 312278.22670454538 -43783.872159090897 29719.019806985292 137466.37187500001 196794.69609375001 66217.976618303568 3097.6427083333333 -81593.318750000006 -25764.973476562493 -45702.245546874998 84346.61636904761 -60762.050459558821 63653.015087890628 2881.120625 -71720.502343750006 -97250.179755434787 14934.991776367187 -37973.351491477275 -17552.801796875003 10261.586757812502 26113.391528320313 96767.245182291663 -80966.388603940228 -85619.379140625009 -128064.46107954542 -4300.3289062499998 -49576.393256578951 74252.625312500008 34647.18453543527 -24772.076605902781
leaf_weight=10.000000000000002 11.000000000000002 11.000000000000002 17.000000000000004 9.9999999999999982 9.9999999999999982 13.999999999999998 14.999999999999998 9.9999999999999982 10.000000000000002 9.9999999999999982 21.000000000000004 17 15.999999999999998 9.9999999999999982 22 23 25 22 9.9999999999999982 9.9999999999999982 15.999999999999998 11.999999999999998 23 20 11.000000000000002 13.999999999999998 19 9.9999999999999982 13.999999999999998 18
leaf_count=10 11 11 17 10 10 14 15 10 10 10 21 17 16 10 22 23 25 22 10 10 16 12 23 20 11 14 19 10 14 18
internal_value=2961.1 -7828.76 36139.6 229034 93189.2 -25082.2 -36515.6 24684.7 5989.88 9963.98 32757.7 -11275.7 19882.4 58067.4 -42316.6 -56655.6 -31015.5 -21687.3 -34582.5 -43317.4 -10989.5 57463.1 -61750.2 -55976.1 -39037.1 -58756.5 -5886.08 24243.8 -17701.7 1223.85
internal_weight=461 440 124 21 39 316 231 20 85 85 41 44 27 31 211 93 118 96 71 70 38 29 33 55 35 25 71 20 51 32
internal_count=461 440 124 21 39 316 231 20 85 85 41 44 27 31 211 93 118 96 71 70 38 29 33 55 35 25 71 20 51 32
is_linear=0
shrinkage=0.05


Tree=16
num_leaves=31
num_cat=0
split_feature=4 8 11 0 8 1 9 0 8 11 7 1 6 7 5 2 7 11 6 11 6 9 9 9 6 0 7 2 1 11
split_gain=4.05951e+14 1.6715e+14 1.20497e+14 6.68465e+13 5.09383e+13 4.06635e+13 5.9642e+13 3.64274e+13 2.92228e+13 3.20709e+13 3.32194e+13 2.84454e+13 3.50438e+13 3.34702e+13 2.26076e+13 1.78483e+13 1.34478e+13 1.24516e+13 1.13983e+13 5.30505e+13 2.03364e+13 1.42161e+13 1.47522e+13 1.42728e+13 1.33186e+13 1.03906e+13 1.02062e+13 8.9706e+12 7.643e+12 7.46082e+12
threshold=1.0000000180025095e-35 7900200.0000000009 8522154.1666666698 4.5000000000000009 9994100.0000000019 1.5000000000000002 8268489.2857142864 4.5000000000000009 12556000.000000002 9208617.5000000019 6120285.0000000009 5.5000000000000009 6457500.0000000009 6457500.0000000009 10189250.000000002 297.50000000000006 8822475.0000000019 6235695.666666667 8530000.0000000019 7231684.9022988519 7137200.0000000009 6755505.0000000009 7025512.1428571446 6498422.8571428573 4371750.0000000009 5.5000000000000009 5109300.0000000009 177.50000000000003 9.5000000000000018 6057909.666666667
decision_type=2 2 2 2 2 2 2 2 2 2 2 2 2 2 2 2 2 2 2 2 2 2 2 2 2 2 2 2 2 2
left_child=2 -2 5 8 15 6 -1 17 9 -4 -11 25 -13 -14 -10 -5 -12 29 20 -20 21 23 -23 24 -19 -9 -24 -28 -15 -7
right_child=1 -3 3 4 -6 7 -8 11 14 10 16 12 13 28 -16 -17 -18 18 19 -21 -22 22 26 -25 -26 -27 27 -29 -30 -31
leaf_value=131922.94406249997 69634.706874999974 352080.99715909094 48547.249565972226 5178.1971754807682 164889.7179408482 -43041.596626420447 -33412.848437500004 -17040.634641676683 8391.3073863636346 45105.864968039772 -90246.911666666681 99528.284659090918 75784.09765625 -39857.215559895834 109762.76221590908 89740.486718750006 -26916.554893092107 -81123.348828125003 88283.248320312501 -45268.012627963362 -76740.892181396484 29413.563644845144 -60162.493769746674 -85649.756578947374 -13224.267187500001 -84833.270703124988 -52501.503046875005 3864.14306640625 12170.634375000001 -98991.686177884621
leaf_weight=10.000000000000002 10.000000000000002 10.999999999999998 18 13.000000000000002 13.999999999999998 11.000000000000002 11.999999999999998 13 11.000000000000002 10.999999999999998 14.999999999999998 10.999999999999998 10.999999999999998 24 10.999999999999998 11.999999999999998 19 9.9999999999999982 9.9999999999999982 29 32 13.999999999999998 17 19 26 10 9.9999999999999982 24 9.9999999999999982 12.999999999999998
leaf_count=10 10 11 18 13 14 11 12 13 11 11 15 11 11 24 11 12 19 10 10 29 32 14 17 19 26 10 10 24 10 13
internal_value=2813.05 217583 -7437.32 34332.7 88529.7 -23828.1 41739.8 -28734.5 9465.78 -7858.78 -30421.2 300.107 19528 -27.5946 59077 45768.1 -54856.4 -39403.1 -35137.7 -11024.1 -41324.8 -31880.5 -16050 -50589.3 -32085.1 -46515.7 -28530.2 -12714 -24554.9 -73347.9
internal_weight=461 21 440 124 39 316 22 294 85 63 45 79 56 45 22 25 34 215 191 39 152 120 65 55 36 23 51 34 34 24
internal_count=461 21 440 124 39 316 22 294 85 63 45 79 56 45 22 25 34 215 191 39 152 120 65 55 36 23 51 34 34 24
is_linear=0
shrinkage=0.05


Tree=17
num_leaves=31
num_cat=0
split_feature=4 8 10 0 0 11 10 8 2 6 11 7 2 2 5 7 11 5 2 6 5 11 5 8 5 11 11 9 11 6
split_gain=3.66371e+14 1.50852e+14 1.08896e+14 5.99091e+13 5.50716e+13 4.33916e+13 6.7669e+13 3.59993e+13 2.59481e+13 2.09213e+13 2.81646e+13 2.76892e+13 1.64555e+13 1.40154e+13 2.11248e+13 1.78815e+13 1.59764e+13 1.19677e+13 1.112e+13 1.82169e+13 1.17615e+13 2.36519e+13 1.89115e+13 1.25731e+13 1.16496e+13 1.47243e+13 1.0971e+13 1.00518e+13 1.1271e+13 1.07466e+13
threshold=1.0000000180025095e-35 7900200.0000000009 11577390.000000002 4.5000000000000009 3.5000000000000004 8058263.0000000009 7866310.7142857155 11343035.000000002 150.50000000000003 6431300.0000000009 8454295.8333333358 6457500.0000000009 36.500000000000007 306.50000000000006 8806175.0000000019 8769300.0000000019 9080778.3333333358 9802500.0000000019 225.50000000000003 5708800.0000000009 5580500.0000000009 6906949.666666667 4062500.0000000005 5368200.0000000009 6975000.0000000009 6280299.0000000009 9367778.3333333358 6744300.0000000009 7017219.0000000009 8955000.0000000019
decision_type=2 2 2 2 2 2 2 2 2 2 2 2 2 2 2 2 2 2 2 2 2 2 2 2 2 2 2 2 2 2
left_child=2 -2 3 5 -4 18 -7 13 12 -10 11 -11 -5 14 16 -16 -8 -9 20 24 21 -1 -23 -24 25 -20 -12 28 -22 -29
right_child=1 -3 4 8 -6 6 7 17 9 10 26 -13 -14 -15 15 -17 -18 -19 19 -21 27 22 23 -25 -26 -27 -28 29 -30 -31
leaf_value=-71317.524121093753 66152.972187499981 334476.94708806818 24468.789648437494 34436.076562499999 163017.04344951923 124985.8625 -18841.988199869786 8861.3173295454526 93557.663411458343 71321.0205078125 96615.895312499983 -23327.161029411767 -41905.155950927736 -67906.58280707465 -77157.842670036756 7103.7428125000006 66729.739687499998 84438.117109375016 -48982.16534090908 -86352.153125000012 -32394.259074519221 -48085.608422851568 -6730.9219637784081 64702.311997767858 -70819.322656250006 34848.164218750004 28768.750532670456 -21494.89504348467 -96002.51489583333 -78006.450624999998
leaf_weight=11.999999999999998 10.000000000000002 10.999999999999998 16.000000000000004 9.9999999999999982 12.999999999999998 9.9999999999999982 12.000000000000002 11.000000000000002 11.999999999999998 9.9999999999999982 13.000000000000002 34 24 18 17.000000000000004 9.9999999999999982 9.9999999999999982 9.9999999999999982 11.000000000000002 28 13.000000000000002 9.9999999999999982 11.000000000000002 13.999999999999998 11.999999999999998 9.9999999999999982 10.999999999999998 53 14.999999999999998 9.9999999999999982
leaf_count=12 10 11 16 10 13 10 12 11 12 10 13 34 24 18 17 10 10 10 11 28 13 10 11 14 12 10 11 53 15 10
internal_value=2672.4 206704 -7065.46 -13672.8 86576.6 -25499.7 1734.12 -12271.8 17139.3 32690.5 21949.3 -1816.21 -19451.9 -30175.7 -16315.4 -45949.8 20054.3 44850.3 -38911.3 -56688.8 -31053.1 -10742 10026.7 33271.7 -31519.8 -9062.96 65519.3 -41543.5 -66470.1 -30465
internal_weight=461 21 440 411 29 297 98 88 114 80 68 44 34 67 49 27 22 21 199 61 138 47 35 25 33 21 24 91 28 63
internal_count=461 21 440 411 29 297 98 88 114 80 68 44 34 67 49 27 22 21 199 61 138 47 35 25 33 21 24 91 28 63
is_linear=0
shrinkage=0.05


Tree=18
num_leaves=31
num_cat=0
split_feature=4 8 11 0 9 1 9 0 8 11 7 11 8 7 1 5 8 9 6 11 6 11 6 9 9 9 6 7 2 7
split_gain=3.3065e+14 1.36144e+14 9.72002e+13 5.48087e+13 4.50105e+13 3.52506e+13 5.42396e+13 2.97408e+13 2.43325e+13 2.8755e+13 3.00294e+13 2.37278e+13 6.44314e+13 2.11152e+13 2.29565e+13 1.96997e+13 1.59001e+13 1.26698e+13 1.43348e+13 1.01287e+13 1.02129e+13 4.67122e+13 1.77767e+13 1.20542e+13 1.30552e+13 1.28168e+13 1.13592e+13 9.03037e+12 8.26359e+12 7.20244e+12
threshold=1.0000000180025095e-35 7900200.0000000009 8522154.1666666698 4.5000000000000009 10869274.285714289 1.5000000000000002 8268489.2857142864 4.5000000000000009 12556000.000000002 9208617.5000000019 6120285.0000000009 7005973.666666667 6168000.0000000009 7545000.0000000009 5.5000000000000009 10189250.000000002 8288800.0000000009 11339707.142857146 8783500.0000000019 6235695.666666667 8530000.0000000019 7231684.9022988519 7137200.0000000009 6755505.0000000009 6498422.8571428573 7025512.1428571446 4371750.0000000009 5109300.0000000009 177.50000000000003 6905000.0000000009
decision_type=2 2 2 2 2 2 2 2 2 2 2 2 2 2 2 2 2 2 2 2 2 2 2 2 2 2 2 2 2 2
left_child=2 -2 5 8 16 6 -1 19 9 -4 -11 12 -9 14 -13 -10 -5 18 -12 -7 22 -22 23 24 26 -25 -21 -27 -29 -30
right_child=1 -3 3 4 -6 7 -8 11 15 10 17 13 -14 -15 -16 -17 -18 -19 -20 20 21 -23 -24 25 -26 27 -28 28 29 -31
leaf_value=125616.48937499996 62845.324687499975 317753.1004261364 45888.25772569445 9749.5739062499979 160450.61093750002 -66256.702305094397 -32053.478222656253 112690.72611607141 6242.8303977272708 42922.87340198864 -76017.060859374978 -35909.280504261355 -41893.403725961543 -47886.868298760783 64090.6162109375 100870.48153409091 86966.984106445321 -96253.797727272729 3609.542307692308 -73638.912968749995 84217.106972656256 -41102.327007004315 -70763.327343750003 28132.496526227678 -79580.228207236854 -55631.100712316183 -10933.089009915866 -49186.798867187499 37321.269062499989 -18237.350167410714
leaf_weight=10.000000000000002 10.000000000000002 10.999999999999998 18 15.000000000000002 11.999999999999998 24 11.999999999999998 14.000000000000002 11.000000000000002 10.999999999999998 10.000000000000002 11.000000000000002 12.999999999999998 29 11.999999999999998 10.999999999999998 11.999999999999998 10.999999999999998 12.999999999999998 9.9999999999999982 9.9999999999999982 29 32 13.999999999999998 19 17 26 9.9999999999999982 10.000000000000002 13.999999999999998
leaf_count=10 10 11 18 15 12 24 12 14 11 11 10 11 13 29 12 11 12 11 13 10 10 29 32 14 19 17 26 10 10 14
internal_value=2538.78 196368 -6712.18 30803.3 79878.3 -21433.4 39614.7 -26001.7 8286.45 -7522.19 -28886.4 233.19 38261.3 -19512.2 16264.6 53556.7 44068.4 -52118.8 -31010.7 -35641.4 -31794.5 -8969.14 -37651 -28821 -46048.6 -14243.9 -28351.4 -25876.6 -10999.4 4912.07
internal_weight=461 21 440 124 39 316 22 294 85 63 45 79 27 52 23 22 27 34 23 215 191 39 152 120 55 65 36 51 34 24
internal_count=461 21 440 124 39 316 22 294 85 63 45 79 27 52 23 22 27 34 23 215 191 39 152 120 55 65 36 51 34 24
is_linear=0
shrinkage=0.05


Tree=19
num_leaves=31
num_cat=0
split_feature=4 8 10 0 0 11 10 8 1 6 11 10 9 8 1 5 10 11 6 5 6 5 5 8 8 10 9 2 10 10
split_gain=2.98411e+14 1.2287e+14 9.31156e+13 4.9401e+13 4.51803e+13 3.62005e+13 6.10235e+13 2.99473e+13 2.17587e+13 1.86683e+13 2.3352e+13 1.47492e+13 1.45888e+13 1.36948e+13 1.18817e+13 1.90835e+13 1.64518e+13 1.38268e+13 1.04508e+13 9.71657e+12 9.48081e+12 1.19321e+13 2.82093e+13 1.39999e+13 1.25115e+13 9.15759e+12 1.16176e+13 1.10489e+13 1.08148e+13 7.19657e+12
threshold=1.0000000180025095e-35 7900200.0000000009 11577390.000000002 4.5000000000000009 3.5000000000000004 8058263.0000000009 7866310.7142857155 11343035.000000002 5.5000000000000009 6431300.0000000009 8454295.8333333358 7027211.0714285728 6788658.5714285718 6405800.0000000009 10.500000000000002 8806175.0000000019 10116871.428571431 9080778.3333333358 11801175.000000002 9802500.0000000019 3960000.0000000005 5708800.0000000009 5344000.0000000009 4697500.0000000009 7740500.0000000009 8104560.7142857155 7904312.1428571437 111.50000000000001 6694463.92857143 7371605.3571428582
decision_type=2 2 2 2 2 2 2 2 2 2 2 2 2 2 2 2 2 2 2 2 2 2 2 2 2 2 2 2 2 2
left_child=2 -2 3 5 -4 20 -7 14 13 -10 11 12 -11 -5 15 17 -17 -8 -12 -9 -1 22 23 -22 -25 26 27 28 -23 -29
right_child=1 -3 4 8 -6 6 7 19 9 10 18 -13 -14 -15 -16 16 -18 -19 -20 -21 21 25 -24 24 -26 -27 -28 29 -30 -31
leaf_value=-65665.809052309778 59703.057031249977 301865.44375000003 23960.772070312494 -47932.129144965278 149451.50706129809 118692.20062500001 -16836.84732259114 8020.1072443181802 87230.37890625 -11491.880255681815 89611.104387019208 -29713.971671195657 71951.756718749995 15643.636303710939 -62721.646354166667 -75747.540649414048 3685.7838068181818 62770.333828125003 23392.054012784094 76118.963203125008 13364.332135416667 -49840.285078124987 62238.200000000004 -67074.468831380218 -14227.985467819941 -73558.258305921059 8350.0477614182691 -66637.890193256593 22004.162357954545 -25736.9609375
leaf_weight=23 10.000000000000002 10.999999999999998 16.000000000000004 18 12.999999999999998 9.9999999999999982 12.000000000000002 11.000000000000002 11.999999999999998 11.000000000000002 13.000000000000002 23 9.9999999999999982 15.999999999999998 18 16.000000000000004 10.999999999999998 9.9999999999999982 10.999999999999998 9.9999999999999982 14.999999999999998 10.000000000000002 9.9999999999999982 24 21 19 12.999999999999998 38 10.999999999999998 14.999999999999998
leaf_count=23 10 11 16 18 13 10 12 11 12 11 13 23 10 16 18 16 11 10 11 10 15 10 10 24 21 19 13 38 11 15
internal_value=2411.84 186550 -6376.58 -12486.5 80215.2 -23226.1 1648.85 -11651.5 15493.2 29733.8 19587.4 -2052.6 28243.2 -18014.1 -27981.3 -15219.5 -43385.8 19348.2 59260.7 40448.1 -35476.1 -31530.9 -15510.4 -28468.5 -42412.8 -42110.4 -35242.5 -42900.7 -12207.5 -55062.2
internal_weight=461 21 440 411 29 297 98 88 114 80 68 44 21 34 67 49 27 22 24 21 199 176 70 60 45 106 87 74 21 53
internal_count=461 21 440 411 29 297 98 88 114 80 68 44 21 34 67 49 27 22 24 21 199 176 70 60 45 106 87 74 21 53
is_linear=0
shrinkage=0.05


Tree=20
num_leaves=31
num_cat=0
split_feature=4 11 5 6 6 10 10 3 8 2 7 8 8 8 7 9 5 5 9 10 5 6 5 5 9 1 10 10 7 6
split_gain=2.26531e+14 1.77785e+14 9.02021e+13 7.18911e+13 1.03372e+14 5.61978e+13 3.24377e+13 3.74173e+13 3.08468e+13 2.33331e+13 1.93895e+13 1.75885e+13 1.61505e+13 1.98867e+13 1.57303e+13 3.24002e+13 1.49797e+13 2.59126e+13 1.39666e+13 1.3153e+13 1.31989e+13 1.52226e+13 1.46467e+13 1.42477e+13 2.54213e+13 1.4229e+13 1.14293e+13 8.51824e+12 1.18782e+13 1.57223e+13
threshold=1.0000000180025095e-35 8405544.333333334 13497000.000000002 8752250.0000000019 8868300.0000000019 9518564.2857142873 11723926.428571431 1.0000000180025095e-35 5640500.0000000009 283.50000000000006 9979800.0000000019 3332500.0000000005 5051000.0000000009 6575025.0000000009 13264235.000000002 6901892.8571428582 8678000.0000000019 6051000.0000000009 8496214.2857142873 5896986.0714285728 5708800.0000000009 7835950.0000000009 4460000.0000000009 4905425.0000000009 6510105.0000000009 10.500000000000002 7210500.0000000009 6223298.92857143 7835950.0000000009 4832500.0000000009
decision_type=2 2 2 2 2 2 2 2 2 2 2 2 2 2 2 2 2 2 2 2 2 2 2 2 2 2 2 2 2 2
left_child=2 -2 3 5 -5 10 7 12 -9 -4 11 26 -6 -14 15 -12 17 -15 -10 -13 22 25 -21 -24 -25 27 -1 -22 29 -29
right_child=1 -3 9 4 6 -7 -8 8 18 -11 14 19 13 16 -16 -17 -18 -19 -20 20 21 -23 23 24 -26 -27 -28 28 -30 -31
leaf_value=31154.207393973207 32901.699549278841 313322.51046874997 141300.90994318176 173310.33234375002 30849.995312500003 63989.223535156256 91757.34132812501 -30977.74747596154 24760.77790178571 42355.913701923077 94279.882109374943 7474.6148111979173 -82900.654411764714 -44168.85772298176 -46164.128593750007 -32999.82325195313 -62269.666406250006 62074.658522727274 93144.465765380868 -55820.271687500004 -97942.983948863635 -6869.7347656250004 44742.245253906251 33188.328437499986 -72849.656129807685 -119098.1221875 -32735.577120535716 7224.022573617789 -90162.900100708008 -53613.521823646282
leaf_weight=14.000000000000002 13.000000000000002 9.9999999999999982 11.000000000000002 9.9999999999999982 9.9999999999999982 15.999999999999998 9.9999999999999982 12.999999999999998 14.000000000000002 12.999999999999998 10.000000000000005 11.999999999999998 17 12.000000000000002 9.9999999999999982 9.9999999999999982 11.999999999999998 10.999999999999998 15.999999999999998 25 10.999999999999998 13.999999999999998 9.9999999999999982 10.000000000000002 12.999999999999998 9.9999999999999982 13.999999999999998 12.999999999999998 15.999999999999998 58
leaf_count=14 13 10 11 10 10 16 10 13 14 13 10 12 17 12 10 10 12 11 16 25 11 14 10 10 13 10 14 13 16 58
internal_value=2082.3 154824 -6382.89 -12158.1 19117.4 -26855.3 5709.33 -2485.72 33354.7 87705.7 -32669.4 -37811.4 -27342.8 -38533.7 5038.64 30640 -16984 6643.26 61232.1 -43210.2 -46589.2 -55924.7 -26952.5 -5083.02 -26746.2 -62283.6 -790.685 -56486.2 -51244.6 -42474.3
internal_weight=438 23 415 391 125 266 115 105 43 24 250 220 62 52 30 20 35 23 30 192 180 122 58 33 23 108 28 98 87 71
internal_count=438 23 415 391 125 266 115 105 43 24 250 220 62 52 30 20 35 23 30 192 180 122 58 33 23 108 28 98 87 71
is_linear=0
shrinkage=0.05


Tree=21
num_leaves=31
num_cat=0
split_feature=4 11 5 6 6 10 10 3 7 11 2 11 3 6 11 8 8 8 8 5 5 11 2 7 7 6 1 2 10 8
split_gain=2.04444e+14 1.60451e+14 8.14074e+13 6.48817e+13 9.32928e+13 5.07185e+13 2.9275e+13 3.37691e+13 2.80397e+13 2.34679e+13 2.10581e+13 2.09015e+13 1.83835e+13 3.1226e+13 2.48243e+13 2.12574e+13 1.45758e+13 1.79478e+13 1.3738e+13 1.35192e+13 2.33861e+13 1.19851e+13 1.02925e+13 2.87102e+13 1.85037e+13 1.64008e+13 1.55119e+13 1.26811e+13 2.25055e+13 9.55389e+12
threshold=1.0000000180025095e-35 8405544.333333334 13497000.000000002 8752250.0000000019 8868300.0000000019 9518564.2857142873 11723926.428571431 1.0000000180025095e-35 7355000.0000000009 7665548.0000000009 283.50000000000006 9322129.1666666679 1.0000000180025095e-35 5803250.0000000009 6303717.8333333349 3217800.0000000005 5051000.0000000009 6575025.0000000009 8288800.0000000009 8678000.0000000019 6051000.0000000009 7516777.1515151532 329.50000000000006 10306825.000000002 8886050.0000000019 6405800.0000000009 8.5000000000000018 177.50000000000003 7976223.8095238106 6500200.0000000009
decision_type=2 2 2 2 2 2 2 2 2 2 2 2 2 2 2 2 2 2 2 2 2 2 2 2 2 2 2 2 2 2
left_child=2 -2 3 5 -5 12 7 16 -9 -10 -4 -11 15 -14 -15 21 -6 -18 -16 20 -19 -1 23 24 25 27 29 28 -17 -27
right_child=1 -3 10 4 6 -7 -8 8 9 11 -12 -13 13 14 18 22 17 19 -20 -21 -22 -23 -24 -25 -26 26 -28 -29 -30 -31
leaf_value=48908.545449218735 31256.618719951915 297656.38792968751 134235.86490589485 164644.818515625 29307.494374999998 60789.763180541995 87169.473437500012 105033.49546875 -54485.41552734375 82898.62376302082 40238.117307692308 -12520.477769886364 -78628.777799479169 81636.59375 -28260.191656250001 -79130.804215494791 -78755.622150735289 -41960.415348307288 36823.582991536459 -59156.183333333342 58970.927556818177 -28503.089375 -87041.237800480783 37157.592578125004 -101264.67621372768 -21225.124586397062 -113852.56692708333 -11254.699041374362 638.67935267857149 -74234.242463235292
leaf_weight=10.000000000000002 13.000000000000002 9.9999999999999982 11.000000000000002 9.9999999999999982 9.9999999999999982 15.999999999999998 9.9999999999999982 9.9999999999999982 9.9999999999999982 12.000000000000002 12.999999999999998 10.999999999999998 11.999999999999998 9.9999999999999982 25 24 17 12.000000000000002 11.999999999999998 11.999999999999998 10.999999999999998 9.9999999999999982 12.999999999999998 10.999999999999998 13.999999999999998 17 11.999999999999998 49 13.999999999999998 17
leaf_count=10 13 10 11 10 10 16 10 10 10 12 13 11 12 10 25 24 17 12 12 12 11 10 13 11 14 17 12 49 14 17
internal_value=1978.19 147083 -6063.74 -11550.2 18161.5 -25512.5 5423.86 -2361.43 31687 9460.73 83320.4 37263.4 -31035.9 -6640.7 11739.2 -38571.6 -25975.6 -36607 -7151.94 -16134.8 6311.1 10202.7 -44276.2 -40757.5 -46587.9 -40832.5 -64979.1 -28065.3 -49742 -47729.7
internal_weight=438 23 415 391 125 266 115 105 43 33 24 23 250 59 47 191 62 52 37 35 23 20 171 158 147 133 46 87 38 34
internal_count=438 23 415 391 125 266 115 105 43 33 24 23 250 59 47 191 62 52 37 35 23 20 171 158 147 133 46 87 38 34
is_linear=0
shrinkage=0.05


Tree=22
num_leaves=31
num_cat=0
split_feature=4 11 5 6 6 10 10 0 8 0 8 10 9 6 6 6 10 1 11 7 8 8 5 5 9 10 1 8 6 8
split_gain=1.84511e+14 1.44807e+14 7.34702e+13 5.85558e+13 8.41968e+13 4.57734e+13 2.64207e+13 3.04766e+13 2.76316e+13 2.24742e+13 2.68149e+13 2.2654e+13 1.96737e+13 1.74294e+13 1.8665e+13 1.60168e+13 1.41343e+13 1.39321e+13 1.87077e+13 1.32841e+13 1.31547e+13 1.61979e+13 1.2201e+13 2.1106e+13 1.21822e+13 1.00875e+13 1.14791e+13 1.152e+13 1.13139e+13 8.26694e+12
threshold=1.0000000180025095e-35 8405544.333333334 13497000.000000002 8752250.0000000019 8868300.0000000019 9518564.2857142873 11723926.428571431 4.5000000000000009 5640500.0000000009 3.5000000000000004 4292800.0000000009 7147065.7142857155 9407089.2857142873 5803250.0000000009 6405800.0000000009 7740500.0000000009 7056348.2142857155 10.500000000000002 8300059.5000000009 9187935.0000000019 5051000.0000000009 6575025.0000000009 8678000.0000000019 6051000.0000000009 8496214.2857142873 7976223.8095238106 6.5000000000000009 7181000.0000000009 6108500.0000000009 5559700.0000000009
decision_type=2 2 2 2 2 2 2 2 2 2 2 2 2 2 2 2 2 2 2 2 2 2 2 2 2 2 2 2 2 2
left_child=2 -2 3 5 -5 9 7 20 -9 10 11 -1 -4 16 -15 19 -11 18 25 -16 -6 -22 23 -23 -10 26 27 29 -28 -12
right_child=1 -3 12 4 6 -7 -8 8 24 13 17 -13 -14 14 15 -17 -18 -19 -20 -21 21 22 -24 -25 -26 -27 28 -29 -30 -31
leaf_value=60027.346360085212 29693.779807692303 282773.5678125 132718.15937499996 156412.5817578125 27842.119687500002 57750.275097656253 82811.000937500008 -30784.871754807697 22425.374637276782 -91255.551249999975 -85508.419453124981 -35857.950111607141 40894.56780133929 57282.430468750004 -47881.841562500005 36575.989453125003 -16341.358455882353 -91032.132594129769 18281.352556818183 11636.487301432293 -74817.840900735289 -39862.393815104158 -56198.373437500006 56022.379545454547 86291.262670898446 -13895.685345458985 -25316.041420611215 -110283.32080078125 -76303.198583984384 -21216.345195312504
leaf_weight=11.000000000000002 13.000000000000002 9.9999999999999982 10.000000000000002 9.9999999999999982 9.9999999999999982 15.999999999999998 9.9999999999999982 12.999999999999998 14.000000000000002 10.000000000000002 10.000000000000002 13.999999999999998 13.999999999999998 12.999999999999998 25 13.999999999999998 17 18 10.999999999999998 14.999999999999998 17 12.000000000000002 11.999999999999998 10.999999999999998 15.999999999999998 15.999999999999998 34 15.999999999999998 15.999999999999998 9.9999999999999982
leaf_count=11 13 10 10 10 10 16 10 13 14 10 10 14 14 13 25 14 17 18 11 15 17 12 12 11 16 16 34 16 16 10
internal_value=1879.28 139728 -5760.56 -10972.7 17253.5 -24236.9 5152.67 -2243.36 30102.6 -29484.1 -41121.2 6331.58 79154.4 -10171.5 3496.07 -9452.5 -44087.4 -50177 -43669.1 -25562.5 -24676.9 -34776.7 -15328.1 5995.54 56487.2 -50350.1 -57132.3 -78660.6 -41631.9 -53362.4
internal_weight=438 23 415 391 125 266 115 105 43 250 156 25 24 94 67 54 27 131 113 40 62 52 35 23 30 102 86 36 50 20
internal_count=438 23 415 391 125 266 115 105 43 250 156 25 24 94 67 54 27 131 113 40 62 52 35 23 30 102 86 36 50 20
is_linear=0
shrinkage=0.05


Tree=23
num_leaves=31
num_cat=0
split_feature=4 11 5 10 2 10 0 7 7 11 8 1 2 7 2 2 10 11 11 2 2 8 11 0 8 2 5 5 9 2
split_gain=1.66521e+14 1.30689e+14 6.63068e+13 5.00905e+13 5.74962e+13 8.62266e+13 1.83801e+13 2.38515e+13 2.62e+13 2.77815e+13 2.04024e+13 2.19506e+13 3.05676e+13 1.95263e+13 1.82206e+13 1.52941e+13 2.43315e+13 4.78528e+13 1.87733e+13 1.44139e+13 1.12459e+13 1.40659e+13 9.72409e+12 8.47137e+12 1.76675e+13 1.63626e+13 1.22065e+13 1.04397e+13 8.29452e+12 8.3708e+12
threshold=1.0000000180025095e-35 8405544.333333334 13497000.000000002 9497417.8571428601 33.500000000000007 7885510.7142857155 3.5000000000000004 7137200.0000000009 8907300.0000000019 7399793.166666667 7791050.0000000009 5.5000000000000009 205.50000000000003 3432750.0000000005 283.50000000000006 233.50000000000003 11577390.000000002 10018076.66666667 9169415.0000000019 309.50000000000006 69.500000000000014 10727235.000000002 8033114.166666667 1.5000000000000002 5559700.0000000009 138.50000000000003 6905000.0000000009 4697500.0000000009 7540357.1428571437 203.50000000000003
decision_type=2 2 2 2 2 2 2 2 2 2 2 2 2 2 2 2 2 2 2 2 2 2 2 2 2 2 2 2 2 2
left_child=2 -2 3 4 5 -1 13 10 -9 -10 11 -8 -13 -6 -4 -5 17 18 -17 20 -15 23 -11 24 -22 -26 -27 -25 29 -29
right_child=1 -3 14 15 6 -7 7 8 9 22 -12 12 -14 19 -16 16 -18 -19 -20 -21 21 -23 -24 27 25 26 -28 28 -30 -31
leaf_value=158586.50411931815 28209.096754807684 268634.89218750002 122557.68281249996 -20621.380108173078 10666.123532831101 -35219.658455403645 -61508.124644886368 -59743.654974724261 56349.044179861892 -70350.148984374988 70594.764393028847 77493.881159855751 -28980.941517857143 -79198.974308894234 35121.981250000004 92459.719661458337 102687.56354166666 -73781.084648437492 17632.900328947369 -80320.401464843759 -81217.854218750013 16897.18013392857 -621.77265625000007 -95698.41015625 48558.879023437505 -794.22996093749998 -64581.735026041664 -51685.664427083335 -66888.025021701396 -439.84618278952206
leaf_weight=11.000000000000002 13.000000000000002 9.9999999999999982 11.000000000000002 12.999999999999998 21 11.999999999999998 10.999999999999998 34 13.999999999999998 10.000000000000002 12.999999999999998 13.000000000000002 13.999999999999998 12.999999999999998 12.999999999999998 14.999999999999998 11.999999999999998 9.9999999999999982 19 20 9.9999999999999982 13.999999999999998 9.9999999999999982 9.9999999999999982 9.9999999999999982 20 11.999999999999998 14.999999999999998 18 17
leaf_count=11 13 10 11 13 21 12 11 34 14 10 13 13 14 13 13 15 12 10 19 20 10 14 10 10 10 20 12 15 18 17
internal_value=1785.31 132742 -5472.53 -10424.1 -18708.4 57470.2 -24568.3 -9321.74 -28707.6 2328.45 16526.1 -1971.11 22284.7 -34648 75196.7 28236 39577.9 22366.1 50644.7 -40632.8 -34922.4 -30354.2 -35486 -36260.6 -21489.5 -7268.49 -24714.5 -49062.2 -39734.9 -24461.3
internal_weight=438 23 415 391 322 23 299 119 68 34 51 38 27 180 24 69 56 44 34 159 139 126 20 112 52 42 32 60 50 32
internal_count=438 23 415 391 322 23 299 119 68 34 51 38 27 180 24 69 56 44 34 159 139 126 20 112 52 42 32 60 50 32
is_linear=0
shrinkage=0.05


Tree=24
num_leaves=31
num_cat=0
split_feature=4 11 5 10 2 7 8 5 5 5 9 0 7 7 7 11 8 1 2 5 7 8 5 5 8 8 9 8 8 5
split_gain=1.50285e+14 1.17946e+14 5.98419e+13 4.55118e+13 5.552e+13 8.35272e+13 1.7255e+13 3.64975e+13 2.044e+13 2.44121e+13 1.70258e+13 1.64063e+13 1.88896e+13 1.57014e+13 2.43759e+13 2.38659e+13 1.53211e+13 1.30895e+13 2.89835e+13 1.30673e+13 1.16508e+13 1.00211e+13 9.59596e+12 9.3204e+12 1.03569e+13 1.75394e+13 1.02218e+13 9.23931e+12 1.08546e+13 5.50907e+12
threshold=1.0000000180025095e-35 8405544.333333334 13497000.000000002 9207372.1428571437 36.500000000000007 6196000.0000000009 8857950.0000000019 8783500.0000000019 8066500.0000000009 5109300.0000000009 9407089.2857142873 3.5000000000000004 3432750.0000000005 7137200.0000000009 8907300.0000000019 7399793.166666667 11568950.000000002 5.5000000000000009 241.50000000000003 7835950.0000000009 9187935.0000000019 12068035.000000002 9422500.0000000019 4405000.0000000009 5767650.0000000009 4697500.0000000009 7641240.7142857155 8403800.0000000019 7107500.0000000009 11600310.000000002
decision_type=2 2 2 2 2 2 2 2 2 2 2 2 2 2 2 2 2 2 2 2 2 2 2 2 2 2 2 2 2 2
left_child=2 -2 3 4 5 -1 8 -8 9 -5 -4 12 -6 17 -15 -16 -9 -13 19 -19 21 22 23 -14 25 -25 27 28 -26 -10
right_child=1 -3 10 6 11 -7 7 16 29 -11 -12 13 20 14 15 -17 -18 18 -20 -21 -22 -23 -24 24 26 -27 -28 -29 -30 -31
leaf_value=-52516.683124999981 26798.645673076913 255203.14593750003 121265.90312499995 28742.287499999991 10132.817582775298 139693.44652944713 125343.80440340909 -31910.038515624987 58131.109795673066 -75169.456610576934 35844.658705357142 -27970.492708333331 -57085.139453125004 -57145.045239257815 53531.591992187503 -33511.421679687504 49122.07455357143 107675.22648437496 -24683.300703125002 26844.158925781248 -74108.246626420456 -80423.376136363644 -77419.279843750002 -11456.150894325658 17231.625329589842 -86827.053846153853 -36475.545970394734 44731.207462565108 -49173.705998535159 8768.1156250000004
leaf_weight=10.000000000000002 13.000000000000002 9.9999999999999982 10.000000000000002 10.000000000000002 21 12.999999999999998 10.999999999999998 10.000000000000002 13.000000000000002 12.999999999999998 13.999999999999998 14.999999999999998 20 32 13.999999999999998 18 13.999999999999998 10.000000000000002 14.999999999999998 9.9999999999999982 22 10.999999999999998 9.9999999999999982 19 16.000000000000004 12.999999999999998 19 11.999999999999998 9.9999999999999982 9.9999999999999982
leaf_count=10 13 10 10 10 21 13 11 10 13 13 14 15 20 32 14 18 14 10 15 10 22 11 10 19 16 13 19 12 10 10
internal_value=1696.05 126105 -5198.9 -9902.89 -18622.7 56123.8 23469.1 49925.4 3339.25 -29990.4 71436.8 -24612.8 -34317.1 -9886.12 -26287.6 4569.9 15358.7 11107.7 27855.6 67259.7 -40458.2 -34763.6 -30542.9 -26242.3 -19311.4 -42075.6 -6531.44 8440.62 -8308.89 36668.9
internal_weight=438 23 415 391 310 23 81 35 46 23 24 287 173 114 64 32 24 50 35 20 152 130 119 109 89 32 57 38 26 23
internal_count=438 23 415 391 310 23 81 35 46 23 24 287 173 114 64 32 24 50 35 20 152 130 119 109 89 32 57 38 26 23
is_linear=0
shrinkage=0.05


Tree=25
num_leaves=31
num_cat=0
split_feature=5 0 2 8 5 0 6 6 1 11 2 11 0 10 6 11 2 2 1 5 5 5 9 9 8 6 8 6 6 2
split_gain=1.01348e+14 9.24637e+13 9.57922e+13 5.01464e+13 7.09894e+13 2.44714e+13 3.01212e+13 4.39885e+13 5.01652e+13 2.22889e+13 2.11484e+13 2.76459e+13 1.82848e+13 3.18847e+13 1.70939e+13 1.45118e+13 1.42638e+13 1.20276e+13 1.12949e+13 1.00571e+13 1.48987e+13 1.83809e+13 1.80464e+13 1.43561e+13 1.05288e+13 9.95614e+12 8.66836e+12 8.81579e+12 7.46325e+12 5.9938e+12
threshold=9491225.0000000019 5.5000000000000009 297.50000000000006 10417000.000000002 15311000.000000002 2.5000000000000004 3817075.0000000005 5803250.0000000009 1.5000000000000002 9169415.0000000019 229.50000000000003 6693446.3333333349 1.5000000000000002 7866310.7142857155 7181000.0000000009 11124899.166666668 199.50000000000003 285.50000000000006 7.5000000000000009 3744200.0000000005 5109300.0000000009 6021300.0000000009 8157835.7142857155 6510105.0000000009 9358585.0000000019 5767650.0000000009 5408200.0000000009 8210075.0000000009 9435000.0000000019 102.50000000000001
decision_type=2 2 2 2 2 2 2 2 2 2 2 2 2 2 2 2 2 2 2 2 2 2 2 2 2 2 2 2 2 2
left_child=5 3 -3 4 12 19 -7 18 -9 10 11 -10 -2 -14 -5 -15 26 -12 -8 -1 25 23 24 -22 29 -21 -13 -28 -24 -23
right_child=1 2 -4 14 -6 6 7 8 9 -11 17 16 13 15 -16 -17 -18 -19 -20 20 21 22 28 -25 -26 -27 27 -29 -30 -31
leaf_value=-78945.473886718755 -31597.288177083334 42738.490736607135 245355.82843749999 114476.09951923073 -130097.8546875 73781.87145182291 -84656.81218133225 106901.40955255681 81138.03014648438 48742.50101102941 -66301.935644531259 5013.2064941406252 110236.64453125 -20602.716872829857 36141.806835937503 54520.384062500001 32857.947942708335 -11993.967968750001 -26616.592682291666 -27925.077773437493 -36231.983229166661 8501.6655539772728 -11133.455468749999 -108019.60814302886 -69897.141727941183 38435.137319711539 -10314.492805989581 -68717.158928571429 48549.102812500001 -34845.021039870691
leaf_weight=9.9999999999999982 14.999999999999998 14.000000000000002 9.9999999999999982 13.000000000000002 9.9999999999999982 11.999999999999998 19 10.999999999999998 9.9999999999999982 17 22 15.999999999999998 9.9999999999999982 18.000000000000004 14.999999999999998 9.9999999999999982 14.999999999999998 19 14.999999999999998 10.000000000000002 15.000000000000002 10.999999999999998 11.000000000000002 12.999999999999998 17 12.999999999999998 12.000000000000002 13.999999999999998 9.9999999999999982 29
leaf_count=10 15 14 10 13 10 12 19 11 10 17 22 16 10 18 15 10 15 19 15 10 15 11 11 13 17 13 12 14 10 29
internal_value=-414.429 39860.8 127162 16836.3 -7908.2 -14843.3 -2778.51 -8182.77 4534.24 -4474.07 -12850.8 4457.41 15146.5 33597.9 72511.3 6226.96 -8995.33 -41134.8 -59050.8 -30640.3 -26895.7 -34810.9 -22336.1 -69562 -36934 9582.87 -23942.9 -41762.1 17286.8 -22924.7
internal_weight=436 115 24 91 63 321 182 170 136 125 108 67 53 38 28 28 57 41 34 139 129 106 78 28 57 23 42 26 21 40
internal_count=436 115 24 91 63 321 182 170 136 125 108 67 53 38 28 28 57 41 34 139 129 106 78 28 57 23 42 26 21 40
is_linear=0
shrinkage=0.05


Tree=26
num_leaves=31
num_cat=0
split_feature=5 1 9 0 6 1 8 10 10 11 9 7 9 7 5 7 7 5 11 7 7 11 5 11 8 11 5 9 10 0
split_gain=9.35864e+13 1.05976e+14 9.14265e+13 3.11521e+13 4.79372e+13 4.7889e+13 3.39023e+13 3.088e+13 8.66235e+13 3.06769e+13 2.47428e+13 1.90273e+13 2.62995e+13 3.36264e+13 1.94523e+13 1.74878e+13 3.11384e+13 3.08627e+13 1.89221e+13 2.44882e+13 1.47364e+13 1.28152e+13 1.18797e+13 1.12521e+13 1.08398e+13 1.01312e+13 9.31441e+12 6.88145e+12 6.92026e+12 6.74872e+12
threshold=10482500.000000002 7.5000000000000009 9407089.2857142873 2.5000000000000004 3817075.0000000005 1.5000000000000002 10373750.000000002 10893166.428571431 12412492.85714286 7527677.8823529417 10797824.285714287 4832500.0000000009 6965790.7142857155 5838300.0000000009 8841850.0000000019 5580500.0000000009 7039250.0000000009 6905000.0000000009 7387282.5434782617 8907300.0000000019 11657300.000000002 7122412.5000000009 6953135.0000000009 9243590.0000000019 7740500.0000000009 7503036.666666667 8280800.0000000009 8601428.5714285728 7840821.42857143 3.5000000000000004
decision_type=2 2 2 2 2 2 2 2 2 2 2 2 2 2 2 2 2 2 2 2 2 2 2 2 2 2 2 2 2 2
left_child=3 9 -3 11 -5 -6 10 23 -9 -2 15 22 25 -14 24 29 17 -17 19 21 27 -18 -1 -4 -15 -13 -24 28 -20 -7
right_child=1 2 7 4 5 6 -8 8 -10 -11 -12 12 13 14 -16 16 18 -19 20 -21 -22 -23 26 -25 -26 -27 -28 -29 -30 -31
leaf_value=33468.136755371095 13402.762169471151 189621.08802083333 39831.600721153838 94049.950120192312 77435.439062500009 -84158.836830357148 56226.331738281253 197868.47562499996 -5461.3598588423301 -97459.485567220065 55809.608281249995 -53169.77469482422 -81569.571386718759 -2842.904317434211 -49668.81850961539 -13648.125837053569 -59603.721915011927 101360.0951953125 -85409.859062499949 45071.378385416669 -10806.339222935268 8897.5791193181831 -56321.017897727259 -28879.122869318184 54015.770221354178 -104166.31540178572 3447.59033203125 -106797.46968749999 -26586.989921875003 -37872.236935763889
leaf_weight=15.999999999999998 13.000000000000002 14.999999999999998 13.000000000000002 12.999999999999998 15.999999999999998 13.999999999999998 15.999999999999998 10.000000000000002 10.999999999999998 11.999999999999998 9.9999999999999982 32 15.999999999999998 19 12.999999999999998 14.000000000000002 18.000000000000004 9.9999999999999982 10.000000000000005 14.999999999999998 13.999999999999998 10.999999999999998 11.000000000000002 10.999999999999998 14.999999999999998 13.999999999999998 15.999999999999998 9.9999999999999982 9.9999999999999982 18
leaf_count=16 13 15 13 13 16 14 16 10 11 12 10 32 16 19 13 14 18 10 10 15 14 11 11 11 15 14 16 10 10 18
internal_value=-393.707 46679.9 82717.8 -11793.3 1225.04 -5262.73 -13046.1 47083.3 91362.4 -39811.1 -20243.2 -28837 -39948.1 -18961.7 2351.63 -25524.7 -16211 34272 -29979 -6793.7 -53164.4 -33620.5 -671.618 8339.19 22241.8 -68690.5 -20902.6 -72931.4 -55998.4 -58122.6
internal_weight=436 85 60 351 199 186 170 45 21 25 154 152 109 63 47 144 112 24 88 44 44 29 43 24 34 46 27 30 20 32
internal_count=436 85 60 351 199 186 170 45 21 25 154 152 109 63 47 144 112 24 88 44 44 29 43 24 34 46 27 30 20 32
is_linear=0
shrinkage=0.05


Tree=27
num_leaves=31
num_cat=0
split_feature=5 1 9 0 10 11 0 6 1 8 11 9 7 9 7 5 7 7 5 11 7 7 11 5 8 11 11 11 5 0
split_gain=8.44617e+13 9.56437e+13 8.25125e+13 2.96844e+13 3.55641e+13 4.70889e+13 2.81147e+13 4.32633e+13 4.32198e+13 3.05968e+13 2.76859e+13 2.23304e+13 1.71721e+13 2.37353e+13 3.03478e+13 1.75557e+13 1.57827e+13 2.81024e+13 2.78536e+13 1.70772e+13 2.21006e+13 1.33898e+13 1.15657e+13 1.07214e+13 9.87091e+12 9.14342e+12 9.13898e+12 1.15539e+13 8.40625e+12 6.09072e+12
threshold=10482500.000000002 7.5000000000000009 9407089.2857142873 5.5000000000000009 12090222.85714286 9690329.1666666698 2.5000000000000004 3817075.0000000005 1.5000000000000002 10373750.000000002 7527677.8823529417 10797824.285714287 4832500.0000000009 6965790.7142857155 5838300.0000000009 8841850.0000000019 5580500.0000000009 7039250.0000000009 6905000.0000000009 7387282.5434782617 8907300.0000000019 12628500.000000002 7122412.5000000009 6953135.0000000009 7494200.0000000009 7503036.666666667 8833590.0000000019 7671406.1666666679 8280800.0000000009 3.5000000000000004
decision_type=2 2 2 2 2 2 2 2 2 2 2 2 2 2 2 2 2 2 2 2 2 2 2 2 2 2 2 2 2 2
left_child=6 10 -3 4 5 -4 12 -8 -9 11 -2 16 23 25 -15 24 29 18 -18 20 22 26 -19 -1 -16 -14 27 -21 -25 -10
right_child=1 2 3 -5 -6 -7 7 8 9 -11 -12 -13 13 14 15 -17 17 19 -20 21 -22 -23 -24 28 -26 -27 -28 -29 -30 -31
leaf_value=31794.728680419925 12732.623437499999 180140.03088541667 -14030.282291666663 112072.44043782551 -58478.890297851562 129190.52031250001 89347.453605769231 73563.6650390625 -79950.895005580358 53415.012988281254 -92586.50940755209 53019.127265625008 -50511.285846710205 -77491.091516113287 -5810.9995863970589 -47185.37884615385 -12965.719112723213 -56623.536111111105 96292.087207031262 -89074.888749999984 42817.809557291672 -5464.3528645833339 8452.6980823863632 -53504.967329545441 48070.431341911768 -98957.999553571441 -107029.64937499999 -16304.391023763023 3275.21142578125 -35978.625477430556
leaf_weight=15.999999999999998 13.000000000000002 14.999999999999998 12.000000000000002 11.999999999999998 9.9999999999999982 10.999999999999998 12.999999999999998 15.999999999999998 13.999999999999998 15.999999999999998 11.999999999999998 9.9999999999999982 32 15.999999999999998 17 12.999999999999998 14.000000000000002 18.000000000000004 9.9999999999999982 10.000000000000002 14.999999999999998 11.999999999999998 10.999999999999998 11.000000000000002 17 13.999999999999998 9.9999999999999982 11.999999999999998 15.999999999999998 18
leaf_count=16 13 15 12 12 10 11 13 16 14 16 12 10 32 16 17 13 14 18 10 10 15 12 11 11 17 14 10 12 16 18
internal_value=-374.022 44345.9 78581.9 44729.2 20240.7 54466.6 -11203.6 1163.78 -4999.59 -12393.8 -37820.6 -19231.1 -27395.2 -37950.7 -18013.6 2234.05 -24248.4 -15400.4 32558.4 -28480.1 -6454.02 -50506.1 -31939.4 -638.037 21129.7 -65255.9 -67396.8 -49381.9 -19857.5 -55216.5
internal_weight=436 85 60 45 33 23 351 199 186 170 25 154 152 109 63 47 144 112 24 88 44 44 29 43 34 46 32 22 27 32
internal_count=436 85 60 45 33 23 351 199 186 170 25 154 152 109 63 47 144 112 24 88 44 44 29 43 34 46 32 22 27 32
is_linear=0
shrinkage=0.05


Tree=28
num_leaves=31
num_cat=0
split_feature=5 7 8 0 1 1 9 7 7 6 7 9 11 8 5 9 7 10 6 6 5 6 3 8 9 5 5 1 0 6
split_gain=7.68274e+13 8.16836e+13 6.9937e+13 3.47539e+13 3.20901e+13 2.91857e+13 2.0643e+13 2.05484e+13 4.25106e+13 7.4661e+13 3.01695e+13 2.63844e+13 2.04655e+13 1.76616e+13 1.71107e+13 1.66887e+13 3.04874e+13 2.14287e+13 2.5119e+13 2.06714e+13 1.65335e+13 1.71871e+13 1.4541e+13 1.29982e+13 1.23059e+13 1.1038e+13 1.09802e+13 1.00298e+13 9.75532e+12 6.95551e+12
threshold=9491225.0000000019 7900200.0000000009 10576250.000000002 2.5000000000000004 2.5000000000000004 10.500000000000002 8568614.2857142892 5838300.0000000009 6303000.0000000009 7513800.0000000009 5014550.0000000009 8291528.5714285728 8227103.0000000009 3106550.0000000005 11670500.000000002 6307900.0000000009 7297000.0000000009 7652819.6428571437 13249685.000000002 5640500.0000000009 14885500.000000002 7740500.0000000009 1.0000000180025095e-35 6405800.0000000009 10128957.142857146 6243000.0000000009 8399300.0000000019 6.5000000000000009 1.0000000180025095e-35 9761000.0000000019
decision_type=2 2 2 2 2 2 2 2 2 2 2 2 2 2 2 2 2 2 2 2 2 2 2 2 2 2 2 2 2 2
left_child=7 4 3 -3 -2 -4 -5 10 9 -9 12 27 13 -1 -8 16 -10 19 24 -17 21 -6 -18 25 26 -21 29 -12 -15 -19
right_child=1 2 5 6 20 -7 14 8 15 -11 11 -13 -14 28 -16 17 22 18 -20 23 -22 -23 -24 -25 -26 -27 -28 -29 -30 -31
leaf_value=31265.95054117839 -92803.407656249998 -46862.875 81459.825703124981 115412.28792613636 -49978.743020833324 197117.82949218748 -12172.644282670452 -15670.851646205352 87566.411683238635 163207.81062500001 -73676.821093749997 -134273.1385546875 49699.697135416674 5925.8639062500006 78196.007099609385 -84370.382154605264 -42307.249665451054 -337.42388281250004 -68071.31751302084 44872.634843749984 59528.072159090909 25711.599270833336 27468.350899832585 -44798.549259159481 52187.143080357142 -27709.244034090912 -36676.035781250001 -17902.661718750001 -50446.719572679925 47373.675390625001
leaf_weight=11.999999999999998 9.9999999999999982 9.9999999999999982 10 10.999999999999998 15.000000000000002 12 11.000000000000002 14.000000000000002 10.999999999999998 9.9999999999999982 13.999999999999998 9.9999999999999982 11.999999999999998 9.9999999999999982 9.9999999999999982 19 15.999999999999998 25 11.999999999999998 10.000000000000002 10.999999999999998 14.999999999999998 14.000000000000002 29 13.999999999999998 10.999999999999998 14.999999999999998 19 33 10.999999999999998
leaf_count=12 10 10 10 11 15 12 11 14 11 10 14 10 12 10 10 19 16 25 12 10 11 15 14 29 14 11 15 19 33 11
internal_value=-355.321 34710.8 72327.8 34499.2 -12494.8 144546 59924.9 -12918 -3783.95 58861.9 -30438.7 -63124.6 -9461.12 -22368.9 30860 -11824.1 16362.7 -19739.5 -1606.51 -39974.9 7092.72 -12133.6 -9745.3 -23104.7 10663.9 6853.56 -734.622 -41564.4 -37336.8 14241
internal_weight=436 115 64 42 51 22 32 321 211 24 110 43 67 55 21 187 41 146 77 69 41 30 30 50 65 21 51 33 43 36
internal_count=436 115 64 42 51 22 32 321 211 24 110 43 67 55 21 187 41 146 77 69 41 30 30 50 65 21 51 33 43 36
is_linear=0
shrinkage=0.05


Tree=29
num_leaves=31
num_cat=0
split_feature=5 7 8 0 1 11 9 7 7 1 7 9 7 7 9 6 6 11 11 11 6 8 5 5 5 8 8 2 2 0
split_gain=6.93367e+13 7.37195e+13 6.31181e+13 3.13654e+13 2.90079e+13 2.72725e+13 1.86303e+13 1.86181e+13 1.85449e+13 4.06139e+13 2.7228e+13 2.38119e+13 1.90103e+13 2.09234e+13 2.67836e+13 1.97665e+13 1.85854e+13 2.21532e+13 1.92669e+13 1.84701e+13 1.71789e+13 1.59396e+13 1.54425e+13 1.3969e+13 1.17255e+13 1.09811e+13 1.07792e+13 9.27269e+12 9.22885e+12 9.06362e+12
threshold=9491225.0000000019 7900200.0000000009 10576250.000000002 2.5000000000000004 5.5000000000000009 11324816.833333336 8568614.2857142892 5109300.0000000009 5838300.0000000009 1.5000000000000002 5014550.0000000009 8291528.5714285728 12335000.000000002 7297000.0000000009 6138921.42857143 5142500.0000000009 12628500.000000002 9080778.3333333358 7407550.3333333349 8227103.0000000009 6243000.0000000009 3106550.0000000005 11670500.000000002 7415750.0000000009 5803250.0000000009 6953135.0000000009 7513800.0000000009 165.50000000000003 177.50000000000003 2.5000000000000004
decision_type=2 2 2 2 2 2 2 2 2 2 2 2 2 2 2 2 2 2 2 2 2 2 2 2 2 2 2 2 2 2
left_child=8 4 3 -3 -2 -4 -5 -6 10 -10 19 27 13 14 -11 -15 17 18 25 21 24 -1 -8 -14 -16 -17 -20 -12 -22 -23
right_child=1 2 5 6 7 -7 22 -9 9 12 11 -13 23 15 20 16 -18 -19 26 -21 28 29 -24 -25 -26 -27 -28 -29 -30 -31
leaf_value=29702.652392578126 -70288.310624999998 -44519.733750000007 192988.71448863632 109641.66924715909 -27730.507226562502 81648.702592329544 -11564.012286931815 44632.100859375001 75700.758333333346 78504.743874289779 -72360.701772836546 -127559.47945312499 59128.073193359363 -75093.720271381593 -640.80046874999982 20679.843637319715 -77000.5419921875 59333.838749999995 -79726.066943359358 47214.712174479173 -11441.841225961536 -16907.994839242787 74286.207070312506 -16203.96515625 -73949.79798177084 -30999.299965533093 -13551.766152343751 -18117.782060546877 47062.746289062503 -63858.887454044125
leaf_weight=11.999999999999998 14.999999999999998 9.9999999999999982 11.000000000000002 10.999999999999998 15.999999999999998 10.999999999999998 11.000000000000002 20 14.999999999999998 10.999999999999998 12.999999999999998 9.9999999999999982 16.000000000000004 19 10.000000000000002 26 11.999999999999998 9.9999999999999982 16.000000000000004 11.999999999999998 13.000000000000002 26 9.9999999999999982 9.9999999999999982 11.999999999999998 17 9.9999999999999982 20 13.999999999999998 17
leaf_count=12 15 10 11 11 16 11 11 20 15 11 13 10 16 19 10 26 12 10 16 12 13 26 10 10 12 17 10 20 14 17
internal_value=-337.555 32975.3 68711.4 32774.3 -11870 137319 56928.6 12470.9 -12272.1 -3594.76 -28916.7 -59968.4 -9663.29 -15753 7998.02 -28708.1 -19023.2 -10216.6 -20296.3 -8988.07 -7830.02 -21250.5 29317 30154.2 -40627.5 248.554 -54274.4 -39486.2 18893.9 -35470
internal_weight=436 115 64 42 51 22 32 36 321 211 110 43 196 170 60 110 91 79 69 67 49 55 21 26 22 43 26 33 27 43
internal_count=436 115 64 42 51 22 32 36 321 211 110 43 196 170 60 110 91 79 69 67 49 55 21 26 22 43 26 33 27 43
is_linear=0
shrinkage=0.05


Tree=30
num_leaves=31
num_cat=0
split_feature=4 11 6 2 10 9 10 7 2 1 5 11 2 3 7 5 1 2 10 10 2 8 6 6 2 10 11 2 5 6
split_gain=9.62489e+13 9.34896e+13 5.89784e+13 5.09786e+13 3.71199e+13 2.58338e+13 2.80001e+13 2.09819e+13 4.69561e+13 2.27574e+13 2.21394e+13 1.66362e+13 2.2019e+13 1.22424e+13 1.17833e+13 1.04464e+13 1.23942e+13 1.90392e+13 2.44971e+13 2.13956e+13 1.36441e+13 1.03141e+13 6.68374e+12 5.93264e+12 5.53205e+12 7.28497e+12 6.26182e+12 5.35054e+12 4.69067e+12 6.41523e+12
threshold=1.0000000180025095e-35 8405544.333333334 8752250.0000000019 36.500000000000007 9331893.2142857164 9368578.5714285728 11577390.000000002 9994100.0000000019 327.50000000000006 7.5000000000000009 13798750.000000002 7399793.166666667 207.50000000000003 1.0000000180025095e-35 9414250.0000000019 4905425.0000000009 5.5000000000000009 239.50000000000003 6902208.2142857155 7976223.8095238106 275.50000000000006 7039250.0000000009 5640500.0000000009 5211500.0000000009 102.50000000000001 6595270.3571428582 7372632.8333333349 193.50000000000003 4062500.0000000005 5767650.0000000009
decision_type=2 2 2 2 2 2 2 2 2 2 2 2 2 2 2 2 2 2 2 2 2 2 2 2 2 2 2 2 2 2
left_child=2 -2 7 -4 11 -6 13 10 9 -9 15 12 -5 -7 27 28 24 18 -18 23 21 -19 -22 -20 25 -17 -27 -13 -1 -30
right_child=1 -3 3 4 5 6 -8 8 -10 -11 -12 14 -14 -15 -16 16 17 20 19 -21 22 -23 -24 -25 -26 26 -28 -29 29 -31
leaf_value=-18291.000812499999 2948.2499999999991 219153.65375000003 120335.34355844351 64096.848995535693 111195.81048177084 -40522.485576923071 73572.438445723688 3292.5483203125 -75945.760624999995 87788.532812500009 43854.190384615387 -35665.718892045443 -28203.052351888022 31148.101846590907 -66863.261607142849 -447.66686789772734 72505.747656250009 -106841.35374999997 -53809.140380859375 51554.932343749999 -39650.987500000003 -40355.777427455359 6140.4792154947918 -13794.92157315341 -66410.283966619332 -16231.763259055399 -62098.66504755435 10933.500055803572 -14024.566959635413 36672.614691631614
leaf_weight=25 10.000000000000002 9.9999999999999982 12.999999999999998 14.000000000000002 11.999999999999998 13 19 14.999999999999998 9.9999999999999982 17 12.999999999999998 11.000000000000002 11.999999999999998 11 13.999999999999998 10.999999999999998 9.9999999999999982 10.000000000000002 15.999999999999998 9.9999999999999982 17 13.999999999999998 14.999999999999998 22 22 10.999999999999998 23 13.999999999999998 12.000000000000002 12.999999999999998
leaf_count=25 10 10 13 14 12 13 19 15 10 17 13 11 12 11 14 11 10 10 16 10 17 14 15 22 22 11 23 14 12 13
internal_value=3892.22 111051 -1222.76 26285.7 16097 46328.4 28225.9 -14015.2 18627 48181 -19633.9 -9483.39 21496.9 -7673.47 -30136.9 -23206.8 -28795.3 -18764.8 1313.32 -13518.4 -39559.9 -68058.1 -18186.2 -30643 -45862.2 -35816.5 -47259.4 -9570.16 -2976.52 12338
internal_weight=439 20 419 133 120 55 43 286 42 32 244 65 26 24 39 231 181 114 58 48 56 24 32 38 67 45 34 25 50 25
internal_count=439 20 419 133 120 55 43 286 42 32 244 65 26 24 39 231 181 114 58 48 56 24 32 38 67 45 34 25 50 25
is_linear=0
shrinkage=0.05


Tree=31
num_leaves=31
num_cat=0
split_feature=4 0 6 6 0 7 2 1 5 9 11 11 11 5 5 5 9 9 9 6 5 7 11 2 2 9 5 11 5 2
split_gain=8.68646e+13 8.4568e+13 5.3228e+13 4.69958e+13 1.9917e+13 1.89361e+13 4.23779e+13 2.05385e+13 2.02771e+13 1.36104e+13 1.83248e+13 1.62248e+13 1.90739e+13 1.7798e+13 1.21768e+13 1.10993e+13 1.0359e+13 8.37703e+12 1.62985e+13 1.92863e+13 1.0775e+13 1.38503e+13 1.10819e+13 1.44295e+13 9.02438e+12 8.84476e+12 7.71868e+12 7.53954e+12 5.64219e+12 4.56758e+12
threshold=1.0000000180025095e-35 2.5000000000000004 8752250.0000000019 8955000.0000000019 5.5000000000000009 9994100.0000000019 327.50000000000006 7.5000000000000009 10909000.000000002 8136885.7142857155 7550486.8750000009 11751770.16666667 8522154.1666666698 10615300.000000002 7198000.0000000009 4905425.0000000009 9498485.7142857164 6498422.8571428573 5794608.5714285728 5948085.0000000009 5803250.0000000009 8066500.0000000009 7223619.6666666679 209.50000000000003 237.50000000000003 7833676.42857143 6575025.0000000009 8652095.0000000019 6812825.0000000009 141.50000000000003
decision_type=2 2 2 2 2 2 2 2 2 2 2 2 2 2 2 2 2 2 2 2 2 2 2 2 2 2 2 2 2 2
left_child=2 -2 5 -4 9 8 7 -7 15 10 -5 12 14 26 -11 29 -10 18 -17 24 -19 22 -22 25 -20 -24 -14 -6 -21 -1
right_child=1 -3 3 4 27 6 -8 -9 16 11 -12 -13 13 -15 -16 17 -18 20 19 28 21 -23 23 -25 -26 -27 -28 -29 -30 -31
leaf_value=27396.738906250001 2683.0637499999993 208313.74656250002 129209.46261718751 11802.424967447914 29336.453515624995 3127.9213411458336 -72148.472617187508 83399.105974264719 52537.953794642846 25786.232091346148 -66102.059675480778 -39711.491992187504 43080.767187499987 -173.25893998579545 -47602.336875000008 -60197.184375000004 -12301.263636363637 -75420.326177978524 71012.974257812471 -3997.5129760742175 -49453.137169471156 -72196.035403262867 -6382.6200407608703 30145.25418701172 3840.1332031250004 -54791.108691406254 100596.04553571429 85385.3125 -55890.334712357959 -10383.798437500001
leaf_weight=9.9999999999999982 10.000000000000002 9.9999999999999982 9.9999999999999982 18.000000000000004 12.000000000000002 14.999999999999998 9.9999999999999982 17 14.000000000000002 13.000000000000002 12.999999999999998 9.9999999999999982 10.000000000000002 10.999999999999998 9.9999999999999982 13.999999999999998 10.999999999999998 15.999999999999998 10.000000000000002 10.000000000000002 26 17 23 15.999999999999998 9.9999999999999982 15.999999999999998 13.999999999999998 11.999999999999998 10.999999999999998 40
leaf_count=10 10 10 10 18 12 15 10 17 14 13 13 10 10 11 10 14 11 16 10 10 26 17 23 16 10 16 14 12 11 40
internal_value=3697.61 105498 -1161.62 24971.4 16496.8 -13314.4 17695.7 45772 -18652.2 6590.36 -20867.2 19107.8 29249 52492.8 -6121.84 -23522.2 24008.7 -29644.8 -13618.2 2286.88 -37377 -31165.8 -22554.5 -9838.8 37426.6 -26242.5 76631.3 57360.9 -31179.5 -2827.69
internal_weight=439 20 419 133 123 286 42 32 244 99 31 68 58 35 23 219 25 169 55 41 114 98 81 55 20 39 24 24 21 50
internal_count=439 20 419 133 123 286 42 32 244 99 31 68 58 35 23 219 25 169 55 41 114 98 81 55 20 39 24 24 21 50
is_linear=0
shrinkage=0.05


Tree=32
num_leaves=31
num_cat=0
split_feature=4 11 6 2 10 9 10 7 2 2 5 11 2 5 7 11 2 10 7 7 9 5 9 2 11 11 8 5 8 8
split_gain=7.83953e+13 8.10293e+13 4.80383e+13 4.6433e+13 3.21809e+13 2.20274e+13 2.35232e+13 1.70899e+13 3.8246e+13 1.8536e+13 1.84779e+13 1.395e+13 1.92389e+13 1.23151e+13 1.06976e+13 8.79894e+12 3.82049e+13 1.52081e+13 1.10115e+13 2.09392e+13 1.61097e+13 7.57798e+12 6.2667e+12 5.34326e+12 5.66674e+12 4.55915e+12 4.4049e+12 9.77693e+12 8.4217e+12 5.54075e+12
threshold=1.0000000180025095e-35 8405544.333333334 8752250.0000000019 33.500000000000007 9125650.0000000019 9368578.5714285728 11577390.000000002 9994100.0000000019 327.50000000000006 213.50000000000003 13798750.000000002 7399793.166666667 207.50000000000003 9954500.0000000019 9414250.0000000019 6641296.166666667 249.50000000000003 7489605.3571428582 8066500.0000000009 7264200.0000000009 8601428.5714285728 5898500.0000000009 7540357.1428571437 191.50000000000003 7671406.1666666679 8280714.166666667 5408200.0000000009 5321500.0000000009 6500200.0000000009 7445700.0000000009
decision_type=2 2 2 2 2 2 2 2 2 2 2 2 2 2 2 2 2 2 2 2 2 2 2 2 2 2 2 2 2 2
left_child=2 -2 7 -4 11 -6 13 10 9 -9 15 12 -5 -7 25 16 -1 22 19 20 23 -18 26 24 -19 -13 27 -17 -28 -30
right_child=1 -3 3 4 5 6 -8 8 -10 -11 -12 14 -14 -15 -16 17 21 18 -20 -21 -22 -23 -24 -25 -26 -27 28 -29 29 -31
leaf_value=67771.91064453125 -417.77781249999992 200864.74906250002 117535.11809895834 58674.294789341504 102246.87298177084 -42573.92858072916 67758.942750950868 2971.5251953125003 -68541.048398437502 79229.150459558819 40281.491346153845 -26265.13973958333 -27602.195572916669 27668.015745192308 -63420.95669642857 -10968.402109374998 -8512.1335049715908 19989.500781249997 -47335.597253417975 58574.652604166666 -51375.912171052631 -52257.211859809031 -70627.939508928568 34871.143616832385 -30973.790787760419 17319.762265624999 10790.972379557294 -72629.888791232646 -63846.751757812504 -24766.597526652022
leaf_weight=13.999999999999998 10.000000000000002 9.9999999999999982 11.999999999999998 14.000000000000002 11.999999999999998 12.000000000000002 19 14.999999999999998 9.9999999999999982 17 12.999999999999998 15.000000000000002 11.999999999999998 12.999999999999998 13.999999999999998 10.000000000000002 22 10.000000000000002 15.999999999999998 11.999999999999998 19 18 13.999999999999998 10.999999999999998 11.999999999999998 9.9999999999999982 11.999999999999998 18 12.999999999999998 30
leaf_count=14 10 10 12 14 12 12 19 15 10 17 13 15 12 13 14 10 22 10 16 12 19 18 14 11 12 10 12 18 13 30
internal_value=3512.73 100223 -1103.54 23722.9 14419.2 42199.6 25823.1 -12648.7 16810.9 43483.4 -17719.6 -9514.76 18854.4 -6048.12 -28427.5 -20983.7 -3316.48 -26373.7 -10235.3 -960.225 -14699 -28197.4 -39683.8 6417.94 -7808.66 -8831.18 -34464.3 -50607.9 -26245.7 -36581.5
internal_weight=439 20 419 133 121 56 44 286 42 32 244 65 26 25 39 231 54 177 80 64 52 40 97 33 22 25 83 28 55 43
internal_count=439 20 419 133 121 56 44 286 42 32 244 65 26 25 39 231 54 177 80 64 52 40 97 33 22 25 83 28 55 43
is_linear=0
shrinkage=0.05


Tree=33
num_leaves=31
num_cat=0
split_feature=4 11 6 2 10 9 10 7 2 5 1 10 10 11 3 3 11 2 7 10 9 1 1 2 6 10 8 11 11 5
split_gain=7.07518e+13 7.31289e+13 4.33545e+13 4.197e+13 2.82884e+13 2.02645e+13 2.25789e+13 1.54236e+13 3.4517e+13 1.73379e+13 1.67288e+13 1.32619e+13 1.3203e+13 2.6236e+13 1.12405e+13 1.03789e+13 9.48192e+12 3.44799e+13 9.99081e+12 1.0738e+13 1.45646e+13 7.85194e+12 7.69416e+12 7.2601e+12 7.15023e+12 4.98895e+12 4.72294e+12 4.58822e+12 4.13993e+12 5.97132e+12
threshold=1.0000000180025095e-35 8405544.333333334 8752250.0000000019 36.500000000000007 9331893.2142857164 9368578.5714285728 11577390.000000002 9994100.0000000019 327.50000000000006 10909000.000000002 7.5000000000000009 8293206.7857142864 6675886.42857143 7142707.3333333349 1.0000000180025095e-35 1.0000000180025095e-35 6641296.166666667 249.50000000000003 8066500.0000000009 7489605.3571428582 7833676.42857143 7.5000000000000009 7.5000000000000009 275.50000000000006 5457485.0000000009 7089067.8571428573 5948085.0000000009 7883338.3333333349 6832008.5000000009 7453500.0000000009
decision_type=2 2 2 2 2 2 2 2 2 2 2 2 2 2 2 2 2 2 2 2 2 2 2 2 2 2 2 2 2 2
left_child=2 -2 7 -4 12 -6 15 9 10 16 -9 -11 -5 -14 21 -7 17 -1 19 25 -21 -15 27 -19 -20 28 -25 -22 -18 -30
right_child=1 -3 3 4 5 6 -8 8 -10 11 -12 -13 13 14 -16 -17 18 23 24 20 22 -23 -24 26 -26 -27 -28 -29 29 -31
leaf_value=64383.315150669652 -396.88874999999985 190821.5090625 107872.80997596156 -61887.402578125002 97134.52796223959 -38832.83209134615 64370.995034950662 2822.9483984375001 -65113.99660156251 52348.673020833325 75267.692555147063 -21986.927812500002 65940.180761718759 -68530.424609374983 12454.381510416668 27157.988387784091 -46482.687741815476 -49182.19067639803 -83284.430305989576 22605.062586388223 -22664.616249999985 -12442.926066706732 5448.8570312500005 16082.681392045452 -33457.551540798617 -63199.16028645834 -31394.977500000005 -70561.507656250003 -30580.193350497164 10607.165104166668
leaf_weight=13.999999999999998 10.000000000000002 9.9999999999999982 12.999999999999998 9.9999999999999982 11.999999999999998 13 19 14.999999999999998 9.9999999999999982 15.000000000000002 17 9.9999999999999982 11.999999999999998 12.000000000000002 18 11 21 19 12.000000000000002 26 10.000000000000005 12.999999999999998 10.999999999999998 11.000000000000002 18 11.999999999999998 9.9999999999999982 9.9999999999999982 33 11.999999999999998
leaf_count=14 10 10 13 10 12 13 19 15 10 15 17 10 12 12 18 11 21 19 12 26 10 13 11 11 18 12 10 10 33 12
internal_value=3337.09 95212.3 -1048.36 22536.7 13292 39683.2 23650.2 -12016.3 15970.4 -16833.6 41309.2 22614.4 -9039.02 569.78 -17673.1 -8587.04 -21336.8 -3150.66 -27288.7 -21488.7 -4992.85 -39364.9 -28139.5 -26787.5 -53388.3 -33543.4 -6525.73 -46613.1 -28151.5 -19596.9
internal_weight=439 20 419 133 120 55 43 286 42 244 32 25 65 55 43 24 219 54 165 135 57 25 31 40 30 78 21 20 66 45
internal_count=439 20 419 133 120 55 43 286 42 244 32 25 65 55 43 24 219 54 165 135 57 25 31 40 30 78 21 20 66 45
is_linear=0
shrinkage=0.05


Tree=34
num_leaves=31
num_cat=0
split_feature=4 0 6 6 1 8 8 10 7 2 5 1 10 8 0 10 5 6 6 5 5 5 5 5 11 7 0 6 8 8
split_gain=6.38535e+13 7.03119e+13 3.91275e+13 4.21403e+13 1.68088e+13 1.52052e+13 1.97488e+13 1.56986e+13 1.39198e+13 3.11516e+13 1.56475e+13 1.50977e+13 1.19688e+13 1.03885e+13 8.86357e+12 8.83229e+12 8.97734e+12 7.95729e+12 6.89813e+12 6.77147e+12 5.8409e+12 3.9847e+12 1.13816e+13 7.2741e+12 8.01212e+12 8.17769e+12 1.15344e+13 5.69889e+12 5.69661e+12 3.07215e+12
threshold=1.0000000180025095e-35 2.5000000000000004 8752250.0000000019 8955000.0000000019 3.5000000000000004 5344000.0000000009 6108500.0000000009 11577390.000000002 9994100.0000000019 327.50000000000006 10909000.000000002 7.5000000000000009 8293206.7857142864 7494200.0000000009 4.5000000000000009 5742630.3571428582 4905425.0000000009 3207800.0000000005 10060700.000000002 4460000.0000000009 7995510.0000000009 7453500.0000000009 7791050.0000000009 7017600.0000000009 7883338.3333333349 7791050.0000000009 1.5000000000000002 6975000.0000000009 5457485.0000000009 5211500.0000000009
decision_type=2 2 2 2 2 2 2 2 2 2 2 2 2 2 2 2 2 2 2 2 2 2 2 2 2 2 2 2 2 2
left_child=2 -2 8 -4 -5 20 -7 13 10 11 15 -10 -12 -8 18 -1 19 -18 -15 29 -6 23 -23 24 25 26 -19 -28 -24 -17
right_child=1 -3 3 4 5 6 7 -9 9 -11 12 -13 -14 14 -16 16 17 21 -20 -21 -22 22 28 -25 -26 -27 27 -29 -30 -31
leaf_value=25634.7727734375 -3297.8756249999992 184201.26093750002 120116.3709765625 -31257.046137152778 -34069.175446428562 97621.100937500014 -19468.661386718752 64147.666888786764 2681.8017447916668 -61858.296640625005 49731.23874999999 71504.309466911756 -20887.581250000003 35448.902187499989 60440.063509114589 9707.9587695312493 11216.956282552084 3861.9290736607145 -23279.819531250003 31259.646768465915 13468.943229166667 27209.576562500002 -58324.791741071436 -78365.081875000003 -72304.129332386365 11081.124348958334 -65624.086363636365 -25656.39135416667 -21603.544668650073 -23083.0815625
leaf_weight=9.9999999999999982 10.000000000000002 9.9999999999999982 9.9999999999999982 18 14.000000000000002 9.9999999999999982 20 17 14.999999999999998 9.9999999999999982 15.000000000000002 17 9.9999999999999982 10.000000000000002 11.999999999999998 9.9999999999999982 11.999999999999998 13.999999999999998 9.9999999999999982 10.999999999999998 11.999999999999998 9.9999999999999982 13.999999999999998 9.9999999999999982 10.999999999999998 11.999999999999998 22 14.999999999999998 43 25
leaf_count=10 10 10 10 18 14 10 20 17 15 10 15 17 10 10 12 10 12 14 10 11 12 10 14 10 11 12 22 15 43 25
internal_value=3170.24 90451.7 -995.942 21409.9 13385 21037.9 31953.4 22436.4 -11415.4 15171.8 -15991.9 39243.8 21483.7 8799.97 26467.9 -20270 -22466.4 -27971.4 6084.54 -2959.59 -12128.5 -31085.7 -21991.1 -38339.7 -32930.8 -26056.1 -34794.3 -49421 -30622.8 -13714.2
internal_weight=439 20 419 133 123 105 79 69 286 42 244 32 25 52 32 219 209 163 20 46 26 151 67 84 74 63 51 37 57 35
internal_count=439 20 419 133 123 105 79 69 286 42 244 32 25 52 32 219 209 163 20 46 26 151 67 84 74 63 51 37 57 35
is_linear=0
shrinkage=0.05


Tree=35
num_leaves=31
num_cat=0
split_feature=4 0 0 9 8 5 11 8 9 9 8 10 11 5 1 10 6 6 5 7 9 10 1 6 6 6 1 7 6 1
split_gain=8.96882e+13 8.8285e+13 3.43509e+13 3.44656e+13 1.9578e+13 1.93967e+13 1.39648e+13 1.85573e+13 1.50406e+13 2.3068e+13 1.42362e+13 1.10129e+13 1.78151e+13 1.24311e+13 1.04142e+13 1.76632e+13 9.47022e+12 9.82793e+12 8.79801e+12 8.29776e+12 7.67575e+12 1.13683e+13 1.04906e+13 8.35699e+12 1.13278e+13 6.44457e+12 6.30216e+12 7.17248e+12 5.86543e+12 6.2182e+12
threshold=1.0000000180025095e-35 2.5000000000000004 4.5000000000000009 11082285.714285716 13279250.000000002 9802500.0000000019 6303717.8333333349 8556500.0000000019 8568614.2857142892 7676582.1428571446 12068035.000000002 12090222.85714286 9169415.0000000019 7254200.0000000009 10.500000000000002 9643228.2142857164 10142500.000000002 9157335.0000000019 5767650.0000000009 10820000.000000002 6452928.5714285718 6505904.2857142864 6.5000000000000009 5803250.0000000009 7137200.0000000009 6369800.0000000009 6.5000000000000009 7596300.0000000009 5100500.0000000009 6.5000000000000009
decision_type=2 2 2 2 2 2 2 2 2 2 2 2 2 2 2 2 2 2 2 2 2 2 2 2 2 2 2 2 2 2
left_child=2 -2 4 6 11 -6 -4 8 9 19 -9 12 14 -14 15 16 17 20 -16 26 25 -22 -23 -24 -25 28 -8 -28 29 -1
right_child=1 -3 3 -5 5 -7 7 10 -10 -11 -12 -13 13 -15 18 -17 -18 -19 -20 -21 21 22 23 24 -26 -27 27 -29 -30 -31
leaf_value=-67901.350078125004 -15494.561289062494 185662.02154947919 58617.282626065346 101937.66796875 -19815.813847656245 78664.44875000001 -56962.354380580357 70194.051116071409 -55979.609472656251 52330.846458333341 -5817.0753373579546 29762.88234375 -106445.37687499996 -36189.6330882353 -15750.799544270829 40795.843389423077 -60607.637259615389 29376.324627130685 -72386.541210937503 18807.921875 30271.879129464287 -31497.796337076827 -23411.981231398811 54643.485107421868 -11559.013058035714 -62396.17749348958 14207.46019176136 -44300.8994140625 7174.0530007102279 -20673.81355298913
leaf_weight=9.9999999999999982 10.000000000000002 11.999999999999998 10.999999999999998 9.9999999999999982 10.000000000000002 9.9999999999999982 13.999999999999998 14.000000000000002 15.999999999999998 14.999999999999998 10.999999999999998 9.9999999999999982 10.000000000000002 17 12.000000000000002 12.999999999999998 12.999999999999998 10.999999999999998 15.999999999999998 10.999999999999998 13.999999999999998 60 21 12.000000000000002 13.999999999999998 14.999999999999998 11.000000000000002 9.9999999999999982 10.999999999999998 23
leaf_count=10 10 12 11 10 10 10 14 14 16 15 11 10 10 17 12 13 13 11 16 11 14 60 21 12 14 15 11 10 11 23
internal_value=-4211.76 94227.2 -9307.42 12966.4 -18379.2 29424.3 5092.88 -679.362 -12831.5 -1513.94 36749.2 -21769.6 -23664.1 -62210.3 -19416.2 -15713.2 -19314.3 -16503.8 -48114.1 -19072 -19307.5 -12097.7 -17641.3 47.7454 18996 -34093.9 -30977.1 -13653.7 -24445.4 -34985.2
internal_weight=447 22 425 123 302 20 113 102 77 61 25 282 272 27 245 217 204 191 28 46 180 121 107 47 26 59 35 21 44 33
internal_count=447 22 425 123 302 20 113 102 77 61 25 282 272 27 245 217 204 191 28 46 180 121 107 47 26 59 35 21 44 33
is_linear=0
shrinkage=0.05


Tree=36
num_leaves=31
num_cat=0
split_feature=4 7 0 9 8 5 11 11 8 9 1 8 10 11 7 1 10 6 6 5 11 7 5 1 8 10 5 7 5 6
split_gain=8.09436e+13 8.26921e+13 3.10017e+13 3.11052e+13 1.76691e+13 1.75055e+13 1.26032e+13 1.80484e+13 1.38558e+13 1.45287e+13 1.76323e+13 1.10943e+13 9.93914e+12 1.60781e+13 1.18969e+13 9.39879e+12 1.5941e+13 8.54688e+12 8.8697e+12 7.9402e+12 7.06303e+12 1.1642e+13 1.13335e+13 8.12559e+12 8.00702e+12 1.03295e+13 7.92628e+12 9.32758e+12 7.33889e+12 7.00606e+12
threshold=1.0000000180025095e-35 7210000.0000000009 4.5000000000000009 11082285.714285716 13279250.000000002 9802500.0000000019 6303717.8333333349 6923072.3333333349 8556500.0000000019 8785471.428571431 7.5000000000000009 12068035.000000002 12090222.85714286 9169415.0000000019 9523725.0000000019 10.500000000000002 9643228.2142857164 10142500.000000002 9157335.0000000019 5767650.0000000009 7142707.3333333349 3432750.0000000005 5580500.0000000009 5.5000000000000009 3744200.0000000005 7652819.6428571437 5640500.0000000009 5368200.0000000009 4613000.0000000009 9157335.0000000019
decision_type=2 2 2 2 2 2 2 2 2 2 2 2 2 2 2 2 2 2 2 2 2 2 2 2 2 2 2 2 2 2
left_child=2 -2 4 6 12 -6 -4 -8 9 10 29 -10 13 15 -15 16 17 18 20 -17 21 -1 28 -24 -25 -26 27 -23 -22 -9
right_child=1 -3 3 -5 5 -7 7 8 11 -11 -12 -13 -14 14 -16 19 -18 -19 -20 -21 22 26 23 24 25 -27 -28 -29 -30 -31
leaf_value=17825.446875000001 -16673.576914062494 178007.04228515626 55686.414577414776 96840.783750000002 -18825.022285156243 74731.225625000006 -47675.252527573532 -30753.172224506576 72361.596367938677 -46378.968072916672 52766.921777343756 2310.9787499999998 28274.739375000001 -31580.263916015621 -99128.127272727274 -14963.259863281244 38756.053365384614 -57577.255048076928 27907.508913352271 -68767.213183593747 -15459.94154829545 -96144.045937499963 -38132.417216222428 -43632.913437500007 -17626.949931066174 41580.318160306488 -21916.834016927085 -37001.493945312504 36378.456716579865 18046.888802083336
leaf_weight=10.999999999999998 10.000000000000002 11.999999999999998 10.999999999999998 9.9999999999999982 10.000000000000002 9.9999999999999982 17 19.000000000000004 13.000000000000002 14.999999999999998 15.999999999999998 9.9999999999999982 9.9999999999999982 16.000000000000004 10.999999999999998 12.000000000000002 12.999999999999998 12.999999999999998 10.999999999999998 15.999999999999998 11.000000000000002 10.000000000000002 34 9.9999999999999982 17.000000000000004 12.999999999999998 36 20 18 11.999999999999998
leaf_count=11 10 12 11 10 10 10 17 19 13 15 16 10 10 16 11 12 13 13 11 16 11 10 34 10 17 13 36 20 18 12
internal_value=-4001.17 89515.9 -8842.05 12318.1 -17460.3 27953.1 4838.23 -645.393 8760.58 -3534.86 10138.8 41904.8 -20681.1 -22480.9 -59099.8 -18445.4 -14927.6 -18348.6 -15678.6 -45708.4 -18342.2 -29797.4 -9778.57 -20161.4 -4886.08 8029.53 -37734.5 -56715.7 16715.6 -11862.8
internal_weight=447 22 425 123 302 20 113 102 85 62 47 23 282 272 27 245 217 204 191 28 180 77 103 74 40 30 66 30 29 31
internal_count=447 22 425 123 302 20 113 102 85 62 47 23 282 272 27 245 217 204 191 28 180 77 103 74 40 30 66 30 29 31
is_linear=0
shrinkage=0.05


Tree=37
num_leaves=31
num_cat=0
split_feature=4 0 0 9 8 5 11 11 8 9 1 8 10 11 5 1 10 6 6 2 5 6 8 10 10 6 2 6 2 6
split_gain=7.30516e+13 7.60664e+13 2.7979e+13 2.80724e+13 1.59464e+13 1.57988e+13 1.13744e+13 1.62886e+13 1.25048e+13 1.31122e+13 1.59131e+13 1.00126e+13 8.97007e+12 1.45105e+13 1.08744e+13 8.4824e+12 1.43868e+13 7.71356e+12 8.05921e+12 1.39799e+13 7.16603e+12 7.14563e+12 7.02691e+12 7.16158e+12 1.27084e+13 6.32297e+12 5.22531e+12 1.58153e+13 1.31455e+13 5.82543e+12
threshold=1.0000000180025095e-35 2.5000000000000004 4.5000000000000009 11082285.714285716 13279250.000000002 9802500.0000000019 6303717.8333333349 6923072.3333333349 8556500.0000000019 8785471.428571431 7.5000000000000009 12068035.000000002 12090222.85714286 9169415.0000000019 7254200.0000000009 10.500000000000002 9643228.2142857164 10142500.000000002 8530000.0000000019 197.50000000000003 5767650.0000000009 7900200.0000000009 3106550.0000000005 7840821.42857143 8104560.7142857155 9157335.0000000019 197.50000000000003 5873000.0000000009 215.50000000000003 5708800.0000000009
decision_type=2 2 2 2 2 2 2 2 2 2 2 2 2 2 2 2 2 2 2 2 2 2 2 2 2 2 2 2 2 2
left_child=2 -2 4 6 12 -6 -4 -8 9 10 25 -10 13 15 -15 16 17 18 21 -20 -17 22 -1 26 -25 -9 27 -24 -28 -30
right_child=1 -3 3 -5 5 -7 7 8 11 -11 -12 -13 -14 14 -16 20 -18 -19 19 -21 -22 -23 23 24 -26 -27 28 -29 29 -31
leaf_value=15402.080810546875 -16806.363710937494 169912.07962239583 52902.097514204543 91998.744414062501 -17883.771699218745 70994.663749999992 -45291.490016084565 -29215.514576480258 68743.516736778824 -44060.01953125 50128.574755859379 2195.4290234374998 26861.001640625003 -97517.656249999971 -31807.787683823532 -14215.097037760414 36818.250510817306 -54698.392548076925 49956.48606770832 -30090.067031250001 -65328.852929687506 -59596.697148437495 -61348.321928879319 32967.760131835938 -25596.826926491478 17144.543619791668 32880.717045454548 -609.75046817555153 -15401.811767578125 -52352.268896484376
leaf_weight=15.999999999999998 10.000000000000002 11.999999999999998 10.999999999999998 9.9999999999999982 10.000000000000002 9.9999999999999982 17 19.000000000000004 13.000000000000002 14.999999999999998 15.999999999999998 9.9999999999999982 9.9999999999999982 10.000000000000002 17 12.000000000000002 12.999999999999998 12.999999999999998 12.000000000000002 9.9999999999999982 15.999999999999998 9.9999999999999982 29 15.999999999999998 22 11.999999999999998 10.999999999999998 17 32 15.999999999999998
leaf_count=16 10 12 11 10 10 10 17 19 13 15 16 10 10 10 17 12 13 13 12 10 16 10 29 16 22 12 11 17 32 16
internal_value=-3801.11 85040.1 -8399.95 11702.2 -16587.3 26555.4 4596.32 -613.124 8322.55 -3358.12 9631.85 39809.6 -19647 -21356.9 -56144.8 -17523.1 -14181.2 -17431.2 -14894.6 13571.7 -43423 -18600.3 -16021.9 -19537.9 -938.053 -11269.7 -26269.3 -38901.5 -16420.4 -27718.6
internal_weight=447 22 425 123 302 20 113 102 85 62 47 23 282 272 27 245 217 204 191 22 28 169 159 143 38 31 105 46 59 48
internal_count=447 22 425 123 302 20 113 102 85 62 47 23 282 272 27 245 217 204 191 22 28 169 159 143 38 31 105 46 59 48
is_linear=0
shrinkage=0.05


Tree=38
num_leaves=31
num_cat=0
split_feature=4 7 0 9 8 5 11 11 11 11 9 6 10 11 7 11 9 2 5 7 5 5 8 6 5 9 6 2 11 0
split_gain=6.59291e+13 7.12776e+13 2.52511e+13 2.54724e+13 1.43916e+13 1.42584e+13 1.09465e+13 1.36154e+13 1.21234e+13 1.38061e+13 1.88383e+13 1.3464e+13 8.09549e+12 1.30957e+13 1.04145e+13 7.75942e+12 1.61125e+13 9.3109e+12 8.67358e+12 7.69158e+12 6.62787e+12 1.22276e+13 1.37983e+13 1.04899e+13 1.57633e+13 7.66439e+12 9.25986e+12 5.57223e+12 1.2009e+13 4.05247e+12
threshold=1.0000000180025095e-35 7210000.0000000009 4.5000000000000009 10869274.285714289 13279250.000000002 9802500.0000000019 6303717.8333333349 6923072.3333333349 7361479.8333333349 7665548.0000000009 9723144.2857142892 10482500.000000002 12090222.85714286 9169415.0000000019 9523725.0000000019 8389421.6666666679 9436694.2857142892 279.50000000000006 6975000.0000000009 8787500.0000000019 8418000.0000000019 9306250.0000000019 6196000.0000000009 3904000.0000000005 7791050.0000000009 7641240.7142857155 6754300.0000000009 207.50000000000003 7417112.3571428582 2.5000000000000004
decision_type=2 2 2 2 2 2 2 2 2 2 2 2 2 2 2 2 2 2 2 2 2 2 2 2 2 2 2 2 2 2
left_child=2 -2 4 6 12 -6 -4 -8 -9 19 11 -11 13 15 -15 17 -17 20 -19 -10 23 -22 -23 -1 25 26 -25 28 -28 -27
right_child=1 -3 3 -5 5 -7 7 8 9 10 -12 -13 -14 14 -16 16 -18 18 -20 -21 21 22 -24 24 -26 29 27 -29 -30 -31
leaf_value=-59360.348333333328 -17800.356289062496 162945.06679687501 50256.991832386368 74606.498250252858 -16989.583385620113 67444.929843750011 -43026.915176930146 45180.442529296881 -8633.0244791666646 3880.3657997532896 -47041.890351562499 68501.249274553571 25517.950976562501 -27589.488574218747 -90789.244602272738 55141.434374999983 -24528.791106770834 -23487.197406250001 -71580.373750000013 -68007.331289062495 51153.702421875001 21843.561049107138 -48355.959695870537 -14700.664662320007 -61499.420266723639 -13378.863581730766 70876.609659090886 -8421.3428385416682 -3005.8821732954548 -53672.602962239587
leaf_weight=14.999999999999998 10.000000000000002 11.999999999999998 10.999999999999998 13.999999999999998 10.000000000000002 9.9999999999999982 17 15.999999999999998 12.000000000000002 19 9.9999999999999982 13.999999999999998 9.9999999999999982 16.000000000000004 10.999999999999998 11.000000000000002 14.999999999999998 25 14.999999999999998 9.9999999999999982 9.9999999999999982 14.000000000000002 13.999999999999998 51 15.999999999999998 13.000000000000002 11.000000000000002 11.999999999999998 10.999999999999998 11.999999999999998
leaf_count=15 10 12 11 14 10 10 17 16 12 19 10 14 10 16 11 11 15 25 15 10 10 14 14 51 16 13 11 12 11 12
internal_value=-3611.06 80788.1 -7979.95 11117.1 -15757.9 25227.7 2962.5 -2346.07 6191.89 -3405.29 13077.3 31295.3 -18664.7 -20289 -53337.5 -16646.9 9177.84 -19712.9 -41522.1 -35621.3 -14839.3 3693.77 -13256.2 -19834.1 -15128.6 -8383.71 -1226.02 18985.9 33935.4 -32719.9
internal_weight=447 22 425 123 302 20 109 98 81 65 43 33 282 272 27 245 26 219 40 22 179 38 28 141 126 110 85 34 22 25
internal_count=447 22 425 123 302 20 109 98 81 65 43 33 282 272 27 245 26 219 40 22 179 38 28 141 126 110 85 34 22 25
is_linear=0
shrinkage=0.05


Tree=39
num_leaves=31
num_cat=0
split_feature=5 8 5 0 6 1 0 7 11 1 8 2 10 11 10 7 7 2 8 8 5 11 6 7 8 7 6 2 6 6
split_gain=6.23878e+13 5.58105e+13 4.35089e+13 2.91619e+13 2.14222e+13 2.92675e+13 2.85277e+13 2.44895e+13 2.05016e+13 1.46759e+13 2.07879e+13 1.78997e+13 1.50477e+13 2.1226e+13 2.68677e+13 1.71482e+13 1.95834e+13 1.10824e+13 1.02176e+13 1.00729e+13 8.14858e+12 7.73217e+12 7.10466e+12 9.10291e+12 7.80461e+12 8.96025e+12 6.66827e+12 6.64336e+12 6.52406e+12 6.21708e+12
threshold=18678800.000000004 13906500.000000002 9467800.0000000019 3.5000000000000004 4560000.0000000009 1.5000000000000002 2.5000000000000004 12001950.000000002 9930848.333333334 5.5000000000000009 7835950.0000000009 185.50000000000003 6819388.2142857155 7361479.8333333349 8339706.0714285718 7651000.0000000009 10459500.000000002 111.50000000000001 7234500.0000000009 7494200.0000000009 7503200.0000000009 6969908.6666666679 5100500.0000000009 5142500.0000000009 8247000.0000000009 4202500.0000000009 3744200.0000000005 207.50000000000003 6953135.0000000009 7137200.0000000009
decision_type=2 2 2 2 2 2 2 2 2 2 2 2 2 2 2 2 2 2 2 2 2 2 2 2 2 2 2 2 2 2
left_child=1 3 -3 4 6 -6 21 8 17 10 20 -11 28 -14 27 -16 -17 19 -18 -7 -5 -1 -19 24 25 -24 -23 -15 -13 -25
right_child=-2 2 -4 9 5 7 -8 -9 -10 11 -12 12 13 14 15 16 18 22 -20 -21 -22 26 23 29 -26 -27 -28 -29 -30 -31
leaf_value=-45578.174427083337 109035.22005208333 6875.8743489583321 148090.549375 -16502.016861979166 -90354.877777777787 -19299.370159040172 62080.217944335942 -92202.635416666672 47728.494744318188 72290.010221354169 46235.211337890629 -54526.62721502129 70076.208447265628 -14364.124035644529 82140.452556818185 -48654.286015625003 67535.32884114582 -58085.70206163195 4660.4247209821433 46404.318632812501 -63479.757578125005 -28126.534062499992 -1866.6805288461533 2385.2364231109618 -82544.471367187507 -63181.801207386365 28287.848583984378 -69544.512734375006 -3830.6241145833333 -27182.936308593751
leaf_weight=14.999999999999998 11.999999999999998 12.000000000000002 9.9999999999999982 24 18 14.000000000000002 15.999999999999998 11.999999999999998 10.999999999999998 11.999999999999998 9.9999999999999982 11.000000000000002 15.999999999999998 12.000000000000002 10.999999999999998 9.9999999999999982 12.000000000000002 18 13.999999999999998 9.9999999999999982 14.999999999999998 10.000000000000002 13.000000000000002 32 9.9999999999999982 10.999999999999998 10.999999999999998 9.9999999999999982 14.999999999999998 40
leaf_count=15 12 12 10 24 18 14 16 12 11 12 10 11 16 12 11 10 12 18 14 10 15 10 13 32 10 11 11 10 15 40
internal_value=-3430.5 -6533.01 71064.4 -10666.5 -21890.8 -29710 6529.07 -23326.4 -18128.2 5060.53 -18079.4 14278.9 8007.43 18189.1 6157.35 27503.7 10809.1 -23022.9 33679.6 8077.17 -34570.4 -18160.3 -29042.3 -24110.4 -45432.7 -29969.4 1423.86 -39446.1 -25278.9 -14041.5
internal_weight=447 435 22 413 241 189 52 171 159 172 49 123 111 85 69 47 36 148 26 24 39 36 124 106 34 24 21 22 26 72
internal_count=447 435 22 413 241 189 52 171 159 172 49 123 111 85 69 47 36 148 26 24 39 36 124 106 34 24 21 22 26 72
is_linear=0
shrinkage=0.05


Tree=40
num_leaves=31
num_cat=0
split_feature=4 2 1 11 7 6 2 5 5 6 8 11 6 6 7 5 11 7 11 2 11 10 5 8 8 2 8 6 10 11
split_gain=9.7607e+13 5.34167e+13 1.67317e+13 3.95997e+13 2.05011e+13 1.50298e+13 9.34968e+12 7.77314e+12 1.43864e+13 1.07889e+13 1.04204e+13 1.43069e+13 1.29977e+13 1.29349e+13 1.36234e+13 1.44586e+13 1.26329e+13 8.32231e+12 7.93905e+12 1.14465e+13 3.67206e+13 8.80222e+12 7.70778e+12 6.92099e+12 6.00452e+12 4.10299e+12 4.07541e+12 3.75436e+12 2.82989e+12 3.31054e+12
threshold=1.0000000180025095e-35 316.50000000000006 1.5000000000000002 8058263.0000000009 12335000.000000002 10482500.000000002 263.50000000000006 12832500.000000002 10384350.000000002 5838300.0000000009 4345500.0000000009 6547841.666666667 12335000.000000002 8998160.0000000019 6369800.0000000009 7254200.0000000009 8772851.833333334 7264200.0000000009 7940908.0000000009 249.50000000000003 6641296.166666667 6239529.2857142864 6051000.0000000009 3392550.0000000005 5408200.0000000009 193.50000000000003 6145050.0000000009 5520450.0000000009 7976223.8095238106 7503036.666666667
decision_type=2 2 2 2 2 2 2 2 2 2 2 2 2 2 2 2 2 2 2 2 2 2 2 2 2 2 2 2 2 2
left_child=2 -2 3 -1 7 6 -6 8 10 -9 11 -4 13 16 -15 -16 18 -10 19 20 -12 27 23 -13 -22 -24 -26 -21 29 -28
right_child=1 -3 4 -5 5 -7 -8 9 17 -11 12 22 -14 14 15 -17 -18 -19 -20 21 24 -23 25 -25 26 -27 28 -29 -30 -31
leaf_value=-14700.557927389702 185612.35681818178 29790.98650568182 58774.312207031253 101225.37067307693 32014.558118489578 63678.166666666664 -25918.981219951922 564.17124999999976 -6319.9593039772708 -71193.945738636365 77281.503480113635 46065.274431818165 -55803.966561351102 47026.525000000001 24721.196093749997 -47322.352764423078 -66294.533203125 48882.476780870231 17228.120723684213 -5758.3377604166653 -46256.99124540441 -79392.930397727279 -47306.250546874988 -11408.208046875001 16390.443554687499 -3941.0824218750004 -16428.988448486329 -47240.265234375001 3877.3201171875003 -47401.642649147732
leaf_weight=17.000000000000004 11.000000000000002 10.999999999999998 11.999999999999998 12.999999999999998 15.000000000000002 18 12.999999999999998 10.000000000000002 11.000000000000002 10.999999999999998 10.999999999999998 11.000000000000002 17 18 15.000000000000002 12.999999999999998 11.999999999999998 18 19 12.000000000000002 17 10.999999999999998 10.000000000000002 9.9999999999999982 9.9999999999999982 11.999999999999998 40 9.9999999999999982 11.999999999999998 10.999999999999998
leaf_count=17 11 11 12 13 15 18 13 10 11 11 11 11 17 18 15 13 12 18 19 12 17 11 10 10 10 12 40 10 12 11
internal_value=5107.6 107702 -410.907 35534 -3256.15 28032.1 5116.84 -7578.26 -5596.37 -37023.4 -9033.33 10501.3 -13745.6 -10357.1 13089.2 -8727.59 -16893.6 27943.6 -13019 -17307.8 -8954.63 -42873.5 -2970.22 18696.9 -19494.6 -23652.5 -13262.3 -24613.8 -17969 -23109.4
internal_weight=431 22 409 30 379 46 28 333 312 21 283 55 228 211 46 28 165 29 153 134 101 33 43 21 90 22 73 22 63 51
internal_count=431 22 409 30 379 46 28 333 312 21 283 55 228 211 46 28 165 29 153 134 101 33 43 21 90 22 73 22 63 51
is_linear=0
shrinkage=0.05


Tree=41
num_leaves=31
num_cat=0
split_feature=4 9 0 11 2 11 11 7 8 7 2 0 2 6 6 9 10 7 6 9 1 6 2 2 11 7 2 10 10 9
split_gain=8.80903e+13 6.69135e+13 1.59747e+13 2.25848e+13 1.89251e+13 3.93128e+13 1.23765e+13 1.14622e+13 1.07603e+13 2.6994e+13 1.49668e+13 1.78019e+13 9.34804e+12 8.45545e+12 2.26626e+13 1.16246e+13 1.37685e+13 7.52249e+12 8.60163e+12 1.08855e+13 9.10254e+12 8.51031e+12 6.90927e+12 8.24841e+12 9.81521e+12 6.85023e+12 1.30713e+13 1.43217e+13 6.20427e+12 6.14745e+12
threshold=1.0000000180025095e-35 9559564.2857142892 4.5000000000000009 11382190.66666667 42.500000000000007 8058263.0000000009 6674366.5000000009 6431300.0000000009 12415000.000000002 8606400.0000000019 261.50000000000006 1.0000000180025095e-35 275.50000000000006 10678300.000000002 9157335.0000000019 8972485.7142857164 6488922.8571428582 7181000.0000000009 9435000.0000000019 8439714.2857142892 7.5000000000000009 7791050.0000000009 174.50000000000003 217.50000000000003 7423742.333333334 5014550.0000000009 330.50000000000006 8679777.1428571437 6169757.5000000009 7313132.1428571437
decision_type=2 2 2 2 2 2 2 2 2 2 2 2 2 2 2 2 2 2 2 2 2 2 2 2 2 2 2 2 2 2
left_child=2 -2 4 6 5 -1 -4 -8 10 -10 13 -12 -13 14 15 16 28 -9 20 -20 21 -19 29 24 -24 -14 27 -27 -6 -18
right_child=1 -3 3 -5 8 -7 7 17 9 -11 11 12 25 -15 -16 -17 22 18 19 -21 -22 -23 23 -25 -26 26 -28 -29 -30 -31
leaf_value=-32339.02031249999 181918.78437499996 6793.9477343750004 47631.45923713236 87078.648359375016 -4600.0820638020823 90991.006640625012 44540.634465144234 -40893.299008413465 -32586.952602914658 67470.631082589287 -74909.401649305553 -63636.851875000008 17801.192648111981 -41661.282589285722 71618.572031250005 38320.335306490386 -24059.463404947921 -35195.306328124992 -55368.665006510404 5459.8953279194084 51163.436072716344 30036.250078125002 36073.746145833335 -37696.577124023439 -18031.188363486843 -41739.293233816956 -65749.55286458334 26551.10336626838 45256.567608173078 -67756.550994318182
leaf_weight=12.000000000000002 12.000000000000002 9.9999999999999982 17 9.9999999999999982 12.000000000000002 13.999999999999998 12.999999999999998 12.999999999999998 13.000000000000002 13.999999999999998 18 9.9999999999999982 14.999999999999998 13.999999999999998 9.9999999999999982 12.999999999999998 30 10.000000000000002 12.000000000000002 19 12.999999999999998 9.9999999999999982 14.999999999999998 15.999999999999998 19 14.000000000000002 11.999999999999998 17 12.999999999999998 10.999999999999998
leaf_count=12 12 10 17 10 12 14 13 13 13 14 18 10 15 14 10 13 30 10 12 19 13 10 15 16 19 14 12 17 13 11
internal_value=4852.22 102317 -390.361 15220.4 -6645.35 34069.5 8504.66 1114.04 -10625 19294.8 -14005 -30694.1 -18990.1 -4624.26 -893.907 -6515.03 -11539.7 -6217.72 825.752 -18086.6 18591.9 -2579.53 -20568.5 -8092.63 5838.64 -11292.4 -21441.3 -4289.72 21325.4 -35783.1
internal_weight=431 22 409 117 292 26 107 90 266 27 239 86 68 153 139 129 116 77 64 31 33 20 91 50 34 58 43 31 25 41
internal_count=431 22 409 117 292 26 107 90 266 27 239 86 68 153 139 129 116 77 64 31 33 20 91 50 34 58 43 31 25 41
is_linear=0
shrinkage=0.05


Tree=42
num_leaves=31
num_cat=0
split_feature=4 9 5 0 11 11 7 9 11 7 8 11 9 5 2 5 11 9 10 5 2 7 10 0 10 1 7 5 10 9
split_gain=7.95015e+13 6.03895e+13 1.47016e+13 1.80179e+13 2.03827e+13 1.11698e+13 1.03446e+13 8.61149e+12 1.26253e+13 1.04543e+13 1.28725e+13 1.52527e+13 1.45687e+13 1.15133e+13 1.01748e+13 8.97397e+12 8.40553e+12 1.27143e+13 1.27838e+13 6.93563e+12 1.96376e+13 6.78904e+12 8.16979e+12 1.37331e+13 1.28549e+13 1.06337e+13 6.4655e+12 5.21722e+12 7.65829e+12 1.4085e+13
threshold=1.0000000180025095e-35 9559564.2857142892 3207800.0000000005 4.5000000000000009 11382190.66666667 6674366.5000000009 6431300.0000000009 12052012.142857144 11250280.666666668 10969500.000000002 5100500.0000000009 8652095.0000000019 8229339.2857142864 5109300.0000000009 263.50000000000006 6145050.0000000009 6160131.0000000009 7025512.1428571446 7976223.8095238106 9422500.0000000019 177.50000000000003 7181000.0000000009 7840821.42857143 5.5000000000000009 9670582.1428571437 7.5000000000000009 8787500.0000000019 4613000.0000000009 6223298.92857143 6564144.2857142864
decision_type=2 2 2 2 2 2 2 2 2 2 2 2 2 2 2 2 2 2 2 2 2 2 2 2 2 2 2 2 2 2
left_child=2 -2 -1 7 5 -5 -7 8 9 10 12 16 13 -4 -11 -15 -12 18 27 -19 -21 -8 23 -23 25 -24 -13 -18 -29 -30
right_child=1 -3 3 4 -6 6 21 -9 -10 14 11 26 -14 15 -16 -17 17 19 -20 20 -22 22 24 -25 -26 -27 -28 28 29 -31
leaf_value=54154.052652994789 172822.84166666662 6454.2586718749999 36742.402473958333 45249.887316176471 82724.715312500004 42313.603425480775 -38848.634254807694 -48643.269801682698 39250.449351283482 57438.897478693165 -57687.105239257813 -78204.61093749998 57128.193131510416 -48874.604479166672 -12247.077656250001 4185.3991268382351 -29044.047291666666 -34558.114558293273 57558.506796875008 -48307.261115056805 46171.125248579548 64989.625355113625 -6088.1547014508915 -12355.13546142578 22400.747918319703 -71781.48423295455 -25565.002578125001 -30786.83757102273 48734.355147058828 -17739.86623046875
leaf_weight=11.999999999999998 12.000000000000002 9.9999999999999982 11.999999999999998 17 9.9999999999999982 12.999999999999998 12.999999999999998 12.999999999999998 13.999999999999998 11.000000000000002 9.9999999999999982 14.000000000000002 11.999999999999998 14.999999999999998 9.9999999999999982 17 14.999999999999998 52 9.9999999999999982 11.000000000000002 10.999999999999998 11 14.000000000000002 12 15.999999999999998 10.999999999999998 9.9999999999999982 10.999999999999998 17 14.999999999999998
leaf_count=12 12 10 12 17 10 13 13 13 14 11 10 14 12 15 10 17 15 52 10 11 11 11 14 12 16 11 10 11 17 15
internal_value=4609.61 97200.8 -370.843 -2018.95 14459.4 8079.42 1058.34 -8904.53 -6969.69 -9527.32 -12585.2 -19228.7 8294.28 -5024.06 24255.1 -20686.5 -13379.8 -10259.6 5347.87 -24601.6 -1068.07 -5906.84 784.464 24635.8 -12595.6 -34993.2 -56271.4 -3653.96 5203.04 17574.6
internal_weight=431 22 409 397 117 107 90 280 267 253 232 176 56 44 21 32 152 142 68 74 22 77 64 23 41 25 24 58 43 32
internal_count=431 22 409 397 117 107 90 280 267 253 232 176 56 44 21 32 152 142 68 74 22 77 64 23 41 25 24 58 43 32
is_linear=0
shrinkage=0.05


Tree=43
num_leaves=31
num_cat=0
split_feature=4 9 1 9 7 0 7 8 5 5 5 9 9 9 9 9 9 0 1 5 7 0 5 5 9 11 11 5 8 8
split_gain=7.17501e+13 5.45015e+13 1.40968e+13 4.32962e+13 1.60304e+13 1.22242e+13 1.6346e+13 8.65302e+12 7.24755e+12 7.38074e+12 1.10347e+13 1.4759e+13 9.71174e+12 8.99073e+12 2.38432e+13 9.38996e+12 9.19328e+12 1.03982e+13 1.27442e+13 9.47796e+12 8.98781e+12 7.00573e+12 6.7505e+12 1.40286e+13 7.22201e+12 2.16896e+13 1.22366e+13 7.19065e+12 5.4797e+12 4.83351e+12
threshold=1.0000000180025095e-35 9559564.2857142892 1.5000000000000002 8268489.2857142864 12335000.000000002 2.5000000000000004 14005000.000000002 6303000.0000000009 3341800.0000000005 12832500.000000002 10384350.000000002 10354842.85714286 9498485.7142857164 6885646.42857143 6755505.0000000009 6686014.2857142864 5794608.5714285728 2.5000000000000004 6.5000000000000009 5130500.0000000009 10125000.000000002 1.0000000180025095e-35 5109300.0000000009 5640500.0000000009 10294855.000000002 8729134.5000000019 8227103.0000000009 6431300.0000000009 8927750.0000000019 5457485.0000000009
decision_type=2 2 2 2 2 2 2 2 2 2 2 2 2 2 2 2 2 2 2 2 2 2 2 2 2 2 2 2 2 2
left_child=2 -2 3 -1 8 -6 -7 -8 -4 10 13 -12 -11 14 15 16 19 21 -19 -10 22 -18 -15 -24 25 26 27 -25 29 -29
right_child=1 -3 4 -5 5 6 7 -9 9 12 11 -13 -14 20 -16 -17 17 18 -20 -21 -22 -23 23 24 -26 -27 -28 28 -30 -31
leaf_value=111584.28322088065 164181.70208333328 6131.5410937500001 -41996.543896484378 -13062.810464638158 -21273.556676136366 78608.979166666672 -23326.763212890619 42449.454375000001 5944.4368815104153 1771.5289062499994 63003.625446428559 -8378.3301725260426 -66310.388352272726 11675.917540799655 67396.916887019222 -50338.75421875 22574.784277343751 69774.295377604169 8187.6924944196435 -55677.467998798078 -54701.501682692317 -23087.450481305805 -73107.616250000006 22983.327876420459 27263.853764204548 -75088.032692307694 46480.473613281254 -31856.107622931988 -52810.057102272731 4842.6318307976971
leaf_weight=11.000000000000002 12.000000000000002 9.9999999999999982 13.999999999999998 19 10.999999999999998 14.999999999999998 10.000000000000002 9.9999999999999982 12.000000000000002 10.000000000000002 14.000000000000002 14.999999999999998 10.999999999999998 26 12.999999999999998 9.9999999999999982 11.999999999999998 11.999999999999998 28 12.999999999999998 12.999999999999998 28 9.9999999999999982 10.999999999999998 10.999999999999998 12.999999999999998 9.9999999999999982 17 10.999999999999998 19
leaf_count=11 12 10 14 19 11 15 10 10 12 10 14 15 11 26 13 10 12 12 28 13 13 28 10 11 11 13 10 17 11 19
internal_value=4379.13 92340.7 -352.301 32641.1 -2963.92 24703.3 39153.2 9561.35 -6785.82 -5240.52 -3221.57 26081.9 -33890.4 -6380.68 3213.24 -4042.31 366.875 8637.45 26663.7 -26099 -15090 -9388.78 -11067 -16864.2 -10750.8 -15913.3 -4600.49 -13407.5 -21924.6 -12487.3
internal_weight=431 22 409 30 379 46 35 20 333 319 298 29 21 269 128 115 105 80 40 25 141 40 128 102 92 81 68 58 47 36
internal_count=431 22 409 30 379 46 35 20 333 319 298 29 21 269 128 115 105 80 40 25 141 40 128 102 92 81 68 58 47 36
is_linear=0
shrinkage=0.05


Tree=44
num_leaves=31
num_cat=0
split_feature=4 9 5 0 11 11 1 7 6 6 6 1 8 7 5 5 11 9 9 9 5 5 6 10 5 7 5 8 6 5
split_gain=6.47545e+13 4.91876e+13 1.39719e+13 1.52576e+13 1.80145e+13 9.9216e+12 9.51598e+12 1.17756e+13 1.33934e+13 1.27246e+13 9.6352e+12 8.55648e+12 7.59639e+12 1.92521e+13 1.05909e+13 1.27785e+13 1.22491e+13 7.40305e+12 1.24615e+13 8.63218e+12 7.55851e+12 7.35839e+12 6.73754e+12 8.62034e+12 6.04256e+12 5.7823e+12 5.73037e+12 4.56019e+12 3.76777e+12 3.07212e+12
threshold=1.0000000180025095e-35 9559564.2857142892 3207800.0000000005 4.5000000000000009 11382190.66666667 6674366.5000000009 5.5000000000000009 7545000.0000000009 8210075.0000000009 9435000.0000000019 7323000.0000000009 9.5000000000000018 12415000.000000002 8606400.0000000019 11504000.000000002 10384350.000000002 9322129.1666666679 6594828.5714285718 6452928.5714285718 9166200.0000000019 5211500.0000000009 4371750.0000000009 8399300.0000000019 8111428.5714285718 7254200.0000000009 6609500.0000000009 5898500.0000000009 7651000.0000000009 6021300.0000000009 5142500.0000000009
decision_type=2 2 2 2 2 2 2 2 2 2 2 2 2 2 2 2 2 2 2 2 2 2 2 2 2 2 2 2 2 2
left_child=2 -2 -1 12 5 -5 10 8 -8 -9 -7 -11 14 -14 15 17 -16 18 26 20 21 -19 25 -24 -21 -22 29 -26 -27 -4
right_child=1 -3 3 4 -6 6 7 9 -10 11 -12 -13 13 -15 16 -17 -18 19 -20 24 22 -23 23 -25 27 28 -28 -29 -30 -31
leaf_value=52819.912711588542 155972.61458333328 5824.9702343750005 -6665.861897786458 42256.467371323532 77399.429419555672 -59839.934303977265 2354.4156249999992 31292.52649536133 84187.840234375006 -1926.110170898437 -442.61156684027776 -61635.393120117187 -31444.837955729159 52334.655102539065 -11363.896874999999 36837.922421875002 -84970.071562500001 -27680.508124999993 39630.093267463235 -17585.784046052631 -26981.369330357145 32975.84734375 -35340.071394230756 26408.15578125 45664.417343749985 -40488.431808035704 -30693.278281250005 -2085.9020898437498 -78669.171875 26319.646596679686
leaf_weight=11.999999999999998 12.000000000000002 9.9999999999999982 24 17 9.9999999999999982 11.000000000000002 10.000000000000002 15.999999999999998 9.9999999999999982 15.000000000000002 18 9.9999999999999982 12.000000000000002 15.999999999999998 13.000000000000002 14.999999999999998 9.9999999999999982 10.000000000000002 17 19 35 9.9999999999999982 13.000000000000002 9.9999999999999982 10.000000000000002 14.000000000000002 20 9.9999999999999982 11.999999999999998 9.9999999999999982
leaf_count=12 12 10 24 17 10 11 10 16 10 15 18 10 12 16 13 15 10 10 17 19 35 10 13 10 10 14 20 10 12 10
internal_value=4160.17 87723.7 -334.686 -1941.37 13222.3 7224.4 607.235 11817.3 43271.1 -3525.98 -22972.6 -25809.8 -8277.61 16429.2 -11022.8 -7774.31 -43366.6 -10901.3 2296.65 -17454.2 -24976.9 2647.67 -31554.2 -8493.02 2606.55 -40249.4 -9456.48 21789.3 -58110.3 3035.76
internal_weight=431 22 409 397 117 107 90 61 20 41 29 25 280 28 252 229 23 214 71 143 104 20 84 23 39 61 54 20 26 34
internal_count=431 22 409 397 117 107 90 61 20 41 29 25 280 28 252 229 23 214 71 143 104 20 84 23 39 61 54 20 26 34
is_linear=0
shrinkage=0.05


Tree=45
num_leaves=31
num_cat=0
split_feature=4 6 5 0 9 9 6 7 7 2 1 8 1 11 0 6 2 9 11 5 6 0 8 10 5 2 2 2 5 7
split_gain=3.93881e+13 7.75213e+13 1.47896e+13 1.68786e+13 2.62692e+13 1.93846e+13 1.05536e+13 1.004e+13 1.20296e+13 1.7367e+13 1.49786e+13 1.02747e+13 2.60346e+13 1.07335e+13 1.00067e+13 1.56837e+13 1.31667e+13 1.27666e+13 1.71204e+13 2.12924e+13 1.59915e+13 1.45805e+13 8.3527e+12 7.88277e+12 9.11511e+12 7.50308e+12 5.77713e+12 1.04087e+13 6.33624e+12 5.08501e+12
threshold=1.0000000180025095e-35 6975000.0000000009 3207800.0000000005 4.5000000000000009 11063742.142857144 11827571.428571431 12695000.000000002 13302250.000000002 7900200.0000000009 293.50000000000006 6.5000000000000009 6168000.0000000009 5.5000000000000009 6855970.666666667 1.0000000180025095e-35 8955000.0000000019 168.50000000000003 8136885.7142857155 9243590.0000000019 9491225.0000000019 4371750.0000000009 2.5000000000000004 9271250.0000000019 8281153.2142857155 6847850.0000000009 141.50000000000003 219.50000000000003 287.50000000000006 6754300.0000000009 10727235.000000002
decision_type=2 2 2 2 2 2 2 2 2 2 2 2 2 2 2 2 2 2 2 2 2 2 2 2 2 2 2 2 2 2
left_child=2 -2 -1 5 7 6 14 8 11 10 -10 12 -5 -13 15 23 25 20 19 -19 21 -18 26 24 -4 -16 28 -28 -22 -12
right_child=1 -3 3 4 -6 -7 -8 -9 9 -11 29 13 -14 -15 16 -17 17 18 -20 -21 22 -23 -24 -25 -26 -27 27 -29 -30 -31
leaf_value=58560.401406249999 160855.87954545452 -26859.173579545455 11258.157386363637 -48906.412890624983 89968.543066406259 -66900.036941964281 34181.729687500003 -37767.157013448079 49405.198901367192 80514.403385416663 -32501.410323660704 -65540.554119318171 51714.40225694445 -2153.8572954963233 -13605.612181599936 -84185.385292968756 -12349.466477272725 17655.921435546872 -9013.762818667763 110661.39511718751 18005.415264423074 65866.224158653858 22859.387073863636 19739.546044921877 -43037.96076847957 -55504.635272686304 -61262.718613281257 -6164.0957682291664 -32378.703271484377 14181.467968750001
leaf_weight=9.9999999999999982 11.000000000000002 10.999999999999998 10.999999999999998 10.000000000000002 9.9999999999999982 13.999999999999998 14.999999999999998 11.999999999999998 15.999999999999998 11.999999999999998 14.000000000000002 11.000000000000002 18 17 60 9.9999999999999982 11.000000000000002 16.000000000000004 19 9.9999999999999982 13.000000000000002 12.999999999999998 10.999999999999998 11.999999999999998 26 12.999999999999998 20 14.999999999999998 11.999999999999998 9.9999999999999982
leaf_count=10 11 11 11 10 10 14 15 12 16 12 14 11 18 17 60 10 11 16 19 10 13 13 11 12 26 13 20 15 12 10
internal_value=1704.88 66998.4 -1552.39 -2947.12 12109 -9449.74 -6647.28 5620.65 10441.5 27758.7 11932 -5638.69 15778.4 -27055.8 -8898.88 -27120.8 -3851.5 5125.2 27063.3 53427.3 -5266.52 30017.4 -17193.5 -15475 -26895.9 -21067.1 -24536.5 -37649 -6178.96 -13050.2
internal_weight=463 22 441 431 130 301 287 120 108 52 40 56 28 28 272 59 213 140 45 26 95 24 71 49 37 73 60 35 25 24
internal_count=463 22 441 431 130 301 287 120 108 52 40 56 28 28 272 59 213 140 45 26 95 24 71 49 37 73 60 35 25 24
is_linear=0
shrinkage=0.05


Tree=46
num_leaves=31
num_cat=0
split_feature=4 6 5 0 9 9 6 7 7 11 11 8 8 1 11 0 11 6 11 10 11 1 7 9 1 9 6 7 11 8
split_gain=3.55477e+13 6.99629e+13 1.33476e+13 1.5233e+13 2.37079e+13 1.74946e+13 9.52465e+12 9.06111e+12 1.08567e+13 1.05987e+13 2.22827e+13 1.58253e+13 9.27291e+12 2.34962e+13 9.68695e+12 9.03101e+12 1.52012e+13 2.14142e+13 1.64566e+13 1.11777e+13 1.48286e+13 1.70046e+13 1.6682e+13 1.75703e+13 8.12095e+12 1.03991e+13 9.61921e+12 8.07881e+12 5.9864e+12 1.47309e+13
threshold=1.0000000180025095e-35 6975000.0000000009 3207800.0000000005 4.5000000000000009 11063742.142857144 11827571.428571431 12695000.000000002 13302250.000000002 7900200.0000000009 7005973.666666667 7665548.0000000009 8288800.0000000009 6168000.0000000009 5.5000000000000009 6855970.666666667 1.0000000180025095e-35 7640314.8717948729 6575025.0000000009 7332356.7222222229 8045782.1428571437 8621354.1666666679 6.5000000000000009 7596300.0000000009 9107221.428571431 9.5000000000000018 7720171.42857143 6369800.0000000009 7432700.0000000009 7399793.166666667 4371750.0000000009
decision_type=2 2 2 2 2 2 2 2 2 2 2 2 2 2 2 2 2 2 2 2 2 2 2 2 2 2 2 2 2 2
left_child=2 -2 -1 5 7 6 15 8 12 -10 -11 -12 13 -5 -14 16 18 -18 -4 24 21 -21 -22 -24 25 28 -26 -23 29 -17
right_child=1 -3 3 4 -6 -7 -8 -9 9 10 11 -13 14 -15 -16 19 17 -19 -20 20 22 27 23 -25 26 -27 -28 -29 -30 -31
leaf_value=55632.383437500001 152813.08409090905 -25516.219602272729 -26783.656584821427 -46461.090156249986 85470.112929687501 -63555.035379464287 32472.643541666668 -35878.798388671879 72632.267910156253 -33505.311093750002 13142.452757352941 92411.366875000007 -62263.527201704535 49128.684809027778 -2046.1639648437501 52198.668750000004 -14601.243737792967 -102959.9748046875 51147.619707031256 -676.48405633223683 -56665.719170673081 97154.763769531215 -36371.328657670441 45717.799438476562 33339.474522569442 -54613.01755514706 -27822.631562499999 33598.461171875002 -31585.689081488716 -14065.615598707933
leaf_weight=9.9999999999999982 11.000000000000002 10.999999999999998 21.000000000000004 10.000000000000002 9.9999999999999982 13.999999999999998 14.999999999999998 11.999999999999998 9.9999999999999982 14.999999999999998 17.000000000000004 9.9999999999999982 11.000000000000002 18 17 9.9999999999999982 16.000000000000004 11.999999999999998 9.9999999999999982 19 12.999999999999998 10.000000000000002 11.000000000000002 15.999999999999998 18.000000000000004 17 9.9999999999999982 9.9999999999999982 27 52
leaf_count=10 11 11 21 10 10 14 15 12 10 15 17 10 11 18 17 10 16 12 10 19 13 10 11 16 18 17 10 10 27 52
internal_value=1619.64 63648.4 -1474.77 -2799.76 11503.5 -8977.25 -6314.92 5339.62 9919.45 26370.7 15356.1 42501.3 -5356.75 14989.5 -25703 -8453.94 -25764.7 -52469.3 -1644.54 -3658.93 11258.5 33196.9 -10131.4 12274.1 -12453.6 -18779.8 11495.9 65376.6 -11935.3 -3377.83
internal_weight=463 22 441 431 130 301 287 120 108 52 42 27 56 28 28 272 59 28 31 213 79 39 40 27 134 106 28 20 89 62
internal_count=463 22 441 431 130 301 287 120 108 52 42 27 56 28 28 272 59 28 31 213 79 39 40 27 134 106 28 20 89 62
is_linear=0
shrinkage=0.05


Tree=47
num_leaves=31
num_cat=0
split_feature=4 0 5 0 9 9 6 9 10 10 11 8 0 11 8 11 7 6 9 10 1 11 10 10 11 5 9 9 9 11
split_gain=3.20818e+13 6.43665e+13 1.20462e+13 1.37478e+13 2.13964e+13 1.57889e+13 8.596e+12 8.57997e+12 9.70098e+12 3.95901e+13 1.18644e+13 1.24162e+13 8.15048e+12 1.37191e+13 2.00805e+13 1.48521e+13 1.01103e+13 1.00743e+13 7.90072e+12 1.11999e+13 7.4731e+12 1.02656e+13 3.14302e+13 7.46054e+12 6.48899e+12 5.86799e+12 1.5207e+13 6.12461e+12 8.19275e+12 5.15382e+12
threshold=1.0000000180025095e-35 2.5000000000000004 3207800.0000000005 4.5000000000000009 11063742.142857144 11827571.428571431 12695000.000000002 5884290.7142857155 6718863.2142857155 6973041.7857142864 7211026.3333333349 4613000.0000000009 1.0000000180025095e-35 7640314.8717948729 11657300.000000002 7332356.7222222229 11657300.000000002 5990000.0000000009 7261046.42857143 7998637.5000000009 1.5000000000000002 9243590.0000000019 8267596.0714285718 9331893.2142857164 8389421.6666666679 8418000.0000000019 7685035.7142857155 6755505.0000000009 5507169.2857142864 6611980.8333333349
decision_type=2 2 2 2 2 2 2 2 2 2 2 2 2 2 2 2 2 2 2 2 2 2 2 2 2 2 2 2 2 2
left_child=2 -2 -1 5 7 6 12 -5 -9 -10 -11 -12 13 15 -15 -4 20 -18 -13 -20 -14 22 25 -21 -24 26 27 28 -22 -30
right_child=1 -3 3 4 -6 -7 -8 8 9 10 11 18 16 14 -16 -17 17 -19 19 23 21 -23 24 -25 -26 -27 -28 -29 29 -31
leaf_value=52850.766718750005 -33220.944374999985 138538.47682291668 -25444.473549107141 47158.79723011364 81196.609296875016 -60377.283677455358 30849.011770833338 -28837.428018465915 101920.54808593751 -54631.245312500003 -36322.084973958335 -18442.813641826924 -39795.070605468754 -81406.188981119776 6962.8765625000005 48590.239726562504 -6859.0864550781234 62482.069087357959 69315.426038707388 -20029.917187499996 20732.114843750001 -43666.027447916669 26872.818756510413 32123.605615234377 76202.02819010416 12065.176676432293 -63904.205022321432 10609.064088541667 -45906.912458881583 -13560.909441964286
leaf_weight=9.9999999999999982 10.000000000000002 11.999999999999998 21.000000000000004 10.999999999999998 9.9999999999999982 13.999999999999998 14.999999999999998 22 9.9999999999999982 9.9999999999999982 14.999999999999998 12.999999999999998 15.999999999999998 18.000000000000004 9.9999999999999982 9.9999999999999982 10.000000000000002 10.999999999999998 10.999999999999998 12.000000000000002 11.999999999999998 14.999999999999998 15.000000000000002 15.999999999999998 11.999999999999998 24 13.999999999999998 30 19 35
leaf_count=10 10 12 21 11 10 14 15 22 10 10 15 13 16 18 10 10 10 11 11 12 12 15 15 16 12 24 14 30 19 35
internal_value=1538.66 60466 -1401.03 -2659.77 10928.3 -8528.39 -5999.17 5072.64 825.414 8326.36 -3828.73 3753.74 -8031.24 -24476.5 -49845.8 -1562.31 -3475.98 29462.5 15314.1 26566.4 -7078.62 -4104.4 -418.533 9772.1 48796.9 -10335.1 -15222.4 -8122.98 -16637.5 -24941.9
internal_weight=463 22 441 431 130 301 287 120 109 87 77 67 272 59 28 31 213 21 52 39 192 176 161 28 27 134 110 96 66 54
internal_count=463 22 441 431 130 301 287 120 109 87 77 67 272 59 28 31 213 21 52 39 192 176 161 28 27 134 110 96 66 54
is_linear=0
shrinkage=0.05


Tree=48
num_leaves=31
num_cat=0
split_feature=4 6 5 0 9 9 6 2 2 11 5 2 2 6 0 11 6 11 2 9 6 11 0 5 5 8 2 2 2 5
split_gain=2.89538e+13 6.66816e+13 1.08717e+13 1.24073e+13 1.93103e+13 1.42495e+13 8.04546e+12 1.3377e+13 1.61169e+13 1.65206e+13 1.23982e+13 1.21319e+13 1.07017e+13 7.75789e+12 7.35581e+12 1.23815e+13 1.92416e+13 1.3404e+13 1.04874e+13 1.05457e+13 1.3849e+13 1.38334e+13 1.29112e+13 1.11625e+13 7.69389e+12 7.95076e+12 6.55072e+12 5.12449e+12 8.30619e+12 4.75907e+12
threshold=1.0000000180025095e-35 6975000.0000000009 3207800.0000000005 4.5000000000000009 11063742.142857144 11827571.428571431 9402950.0000000019 293.50000000000006 235.50000000000003 7092248.0000000009 7383700.0000000009 171.50000000000003 81.500000000000014 12695000.000000002 1.0000000180025095e-35 7640314.8717948729 6575025.0000000009 7332356.7222222229 168.50000000000003 8136885.7142857155 4371750.0000000009 8621354.1666666679 2.5000000000000004 7662375.0000000009 7791050.0000000009 8403800.0000000019 141.50000000000003 217.50000000000003 287.50000000000006 7107500.0000000009
decision_type=2 2 2 2 2 2 2 2 2 2 2 2 2 2 2 2 2 2 2 2 2 2 2 2 2 2 2 2 2 2
left_child=2 -2 -1 5 6 13 7 8 9 -5 -8 -12 -11 14 15 17 -17 29 26 20 22 -21 -20 -23 25 27 -16 -22 -29 -4
right_child=1 -3 3 4 -6 -7 10 -9 -10 12 11 -13 -14 -15 18 16 -18 -19 19 21 24 23 -24 -25 -26 -27 -28 28 -30 -31
leaf_value=50208.219218750004 144491.30568181814 -29605.877556818185 791.95023437499947 73632.778586647735 77136.778984374992 -57358.421044921881 28789.627403846156 58814.158593750006 -36774.185914522059 46595.915312500001 -71560.33860085225 -6186.5401660156249 -14968.597778320312 29306.561979166669 -11694.720927734375 -11457.791018676755 -95214.486588541666 46160.727265624999 -11768.035653409088 60226.130030733002 5417.9614746093757 42293.393749999988 61834.196153846155 -22347.61732536765 -47637.243359375003 28759.682552083334 -50844.451021634617 -57286.582617187494 -2821.0184430803574 -46866.978125000001
leaf_weight=9.9999999999999982 11.000000000000002 10.999999999999998 10.000000000000005 10.999999999999998 9.9999999999999982 13.999999999999998 12.999999999999998 13.999999999999998 17 9.9999999999999982 11.000000000000002 20 24 14.999999999999998 60 16.000000000000004 11.999999999999998 9.9999999999999982 11.000000000000002 17 15.999999999999998 11.000000000000002 12.999999999999998 17 14.999999999999998 11.999999999999998 12.999999999999998 14.000000000000002 13.999999999999998 10.999999999999998
leaf_count=10 11 11 10 11 10 14 13 14 17 10 11 20 24 15 60 16 12 10 11 17 16 11 13 17 15 12 13 14 14 11
internal_value=1461.72 57442.7 -1330.98 -2526.78 10381.9 -8101.97 4819.01 14669.9 4701.81 20370.5 -12196.1 -29383.7 3138.61 -5699.21 -7629.68 -23252.7 -47353.5 -1484.19 -3302.18 4709.26 -4735.42 24648 28099.8 3047.07 -15834.7 -7316.12 -18666.6 -17155 -30053.8 -24172.3
internal_weight=463 22 441 431 130 301 120 76 62 45 44 31 34 287 272 59 28 31 213 140 95 45 24 28 71 56 73 44 28 21
internal_count=463 22 441 431 130 301 120 76 62 45 44 31 34 287 272 59 28 31 213 140 95 45 24 28 71 56 73 44 28 21
is_linear=0
shrinkage=0.05


Tree=49
num_leaves=31
num_cat=0
split_feature=4 0 10 6 2 9 5 6 8 2 0 2 7 2 10 9 6 6 10 8 10 5 8 6 10 9 6 8 6 0
split_gain=2.61308e+13 6.15497e+13 1.00975e+13 1.22998e+13 1.31377e+13 4.94537e+13 1.566e+13 1.54066e+13 1.26031e+13 6.72731e+12 6.37407e+12 1.14749e+13 1.57933e+13 1.28331e+13 8.90633e+12 7.33902e+12 1.00282e+13 7.261e+12 4.8708e+12 1.56208e+13 1.68872e+13 2.22304e+13 1.26454e+13 9.69439e+12 9.54671e+12 8.68415e+12 5.59477e+12 9.80466e+12 5.3832e+12 4.86825e+12
threshold=1.0000000180025095e-35 2.5000000000000004 12652509.642857146 13249685.000000002 30.500000000000004 8284692.8571428582 3341800.0000000005 11568950.000000002 6533000.0000000009 227.50000000000003 1.0000000180025095e-35 337.50000000000006 10373750.000000002 281.50000000000006 5764964.2857142864 6840778.5714285728 7453500.0000000009 5100500.0000000009 7449907.8571428582 6500200.0000000009 8293206.7857142864 9725500.0000000019 6168000.0000000009 8955000.0000000019 8253410.7142857155 6226628.5714285718 4876250.0000000009 5368200.0000000009 6953135.0000000009 1.5000000000000002
decision_type=2 2 2 2 2 2 2 2 2 2 2 2 2 2 2 2 2 2 2 2 2 2 2 2 2 2 2 2 2 2
left_child=2 -2 3 4 5 -1 -6 10 -9 -5 15 12 14 -14 -12 17 -17 -8 22 23 -21 -22 26 24 -20 -24 -16 28 -28 -27
right_child=1 -3 -4 9 6 -7 7 8 -10 -11 11 -13 13 -15 18 16 -18 -19 19 20 21 -23 25 -25 -26 29 27 -29 -30 -31
leaf_value=110288.12136942543 -37043.492499999986 130915.63567708334 46039.325710227276 -60428.730528846143 -54610.091071428571 -20751.642000325523 -28067.487019230764 6417.4401442307681 81079.594687500008 -12647.74273897059 43281.882343750003 -44430.434709821428 12990.956382812501 77797.880255681826 36445.943815104169 -12848.587612017462 -74117.457386363632 22986.517552083333 -8923.4487458881558 61148.577004523031 50046.753574218739 -52958.025184215199 4152.4155170641452 23661.317471590912 -65888.739794921872 -9774.0797991071431 -37434.63728027344 32249.885937500003 1928.3073036595395 -44031.850769042969
leaf_weight=12.000000000000002 10.000000000000002 11.999999999999998 10.999999999999998 13.000000000000002 13.999999999999998 18 13.000000000000002 13.000000000000002 9.9999999999999982 17 9.9999999999999982 13.999999999999998 25 10.999999999999998 11.999999999999998 17.000000000000004 10.999999999999998 14.999999999999998 19.000000000000004 19 10.000000000000002 10.999999999999998 19 10.999999999999998 11.999999999999998 13.999999999999998 15.999999999999998 14.999999999999998 19 40
leaf_count=12 10 12 11 13 14 18 13 13 10 17 10 14 25 11 12 17 11 15 19 19 10 11 19 11 12 14 16 15 19 40
internal_value=1388.64 54570.6 -1264.43 -2474.53 -158.652 31664.3 -2738.89 -699.009 38879.2 -33352.8 -3432.64 -322.283 2025.68 32793.1 -2853.73 -18817.8 -36918.5 -717.127 -4979.8 4631.91 26993.8 -3908.13 -10818 -16665.1 -30974.5 -24920.8 5786.83 -1571.36 -16066.2 -35150.2
internal_weight=463 22 441 430 400 30 370 356 23 30 333 277 263 36 227 56 28 28 217 82 40 21 135 42 31 73 62 50 35 54
internal_count=463 22 441 430 400 30 370 356 23 30 333 277 263 36 227 56 28 28 217 82 40 21 135 42 31 73 62 50 35 54
is_linear=0
shrinkage=0.05


Tree=50
num_leaves=31
num_cat=0
split_feature=8 6 2 9 7 2 2 7 10 6 11 2 7 10 8 8 11 6 7 7 7 11 9 9 2 7 7 9 2 6
split_gain=2.45725e+13 2.45949e+13 1.25044e+13 5.19271e+13 6.13447e+13 4.24024e+13 2.15089e+13 1.87454e+13 2.06759e+13 1.69151e+13 1.50047e+13 1.80403e+13 2.76429e+13 1.4792e+13 1.35577e+13 1.2636e+13 1.24756e+13 1.23685e+13 1.0073e+13 9.45637e+12 1.76712e+13 8.00287e+12 1.8281e+13 1.21338e+13 7.72871e+12 7.55492e+12 2.33117e+13 9.72948e+12 5.40184e+12 4.54731e+12
threshold=13906500.000000002 7287800.0000000009 168.50000000000003 8568614.2857142892 5838300.0000000009 39.500000000000007 185.50000000000003 8022050.0000000009 10893166.428571431 12440250.000000002 6819473.1666666679 333.50000000000006 7210000.0000000009 6950032.8571428582 7545000.0000000009 11657300.000000002 6943682.3333333349 11568950.000000002 8247000.0000000009 10034000.000000002 12335000.000000002 6906949.666666667 6594828.5714285718 6377196.4285714291 293.50000000000006 5109300.0000000009 6120285.0000000009 7814531.4285714291 215.50000000000003 5948085.0000000009
decision_type=2 2 2 2 2 2 2 2 2 2 2 2 2 2 2 2 2 2 2 2 2 2 2 2 2 2 2 2 2 2
left_child=2 -2 3 5 -5 -1 -4 10 15 -10 29 12 17 21 -6 19 -15 25 -18 24 -21 22 -7 -23 -9 27 -27 28 -12 -8
right_child=1 -3 6 4 14 13 7 8 9 -11 11 -13 -14 16 -16 -17 18 -19 -20 20 -22 23 -24 -25 -26 26 -28 -29 -30 -31
leaf_value=66792.840275493421 -8103.5953725961517 85858.919374999998 58294.703994140626 -175743.94207031251 -70754.756822620722 69669.232208806803 -2016.7265024038461 -37974.814806676797 66543.548863636344 -21141.652556818182 34813.147656249981 -30360.036488970592 90469.23325892858 -88344.337968749998 3422.9242745535721 17612.383522727276 5503.6437499999993 61465.402604166666 -60200.343593750003 -99508.53416666665 -22759.620208333334 -46876.57515258788 -16465.647767857143 15718.985481770835 11745.878520063921 65337.962500000001 -11876.550518002718 -49716.293821022729 -17157.211398925781 -32903.319371448866
leaf_weight=19 13.000000000000002 14.999999999999998 14.999999999999998 9.9999999999999982 11.000000000000002 11.000000000000002 26 27 11.000000000000002 10.999999999999998 10.000000000000005 17 13.999999999999998 9.9999999999999982 13.999999999999998 10.999999999999998 14.000000000000002 11.999999999999998 9.9999999999999982 15.000000000000002 14.999999999999998 16.000000000000004 13.999999999999998 14.999999999999998 10.999999999999998 17 23 10.999999999999998 9.9999999999999982 22
leaf_count=19 13 15 15 10 11 11 26 27 11 11 10 17 14 10 14 11 14 12 10 15 15 16 14 15 11 17 23 11 10 22
internal_value=-3125.74 42233.5 -6135.36 -18094.1 -71080.6 -1080.09 59.1021 -3262.32 -20168.1 22700.9 7277.72 17151.7 25478.5 -15408.8 -29215.3 -32106.3 -41423.4 14516.3 -21873 -40149.1 -61134.1 385.751 21433.7 -16588.4 -23582 6581.19 20939.6 -11945.8 8827.97 -16173.1
internal_weight=450 28 422 144 35 109 278 263 101 22 162 114 97 90 25 79 34 83 24 68 30 56 25 31 38 71 40 31 20 48
internal_count=450 28 422 144 35 109 278 263 101 22 162 114 97 90 25 79 34 83 24 68 30 56 25 31 38 71 40 31 20 48
is_linear=0
shrinkage=0.05


Tree=51
num_leaves=31
num_cat=0
split_feature=8 6 2 11 1 5 2 5 2 11 5 5 5 6 10 0 1 8 9 11 11 6 2 5 9 5 6 5 9 8
split_gain=2.21767e+13 2.21969e+13 1.12852e+13 4.8334e+13 3.4763e+13 2.94439e+13 1.94117e+13 2.07128e+13 1.59466e+13 1.2079e+13 1.44391e+13 1.90006e+13 1.62609e+13 1.12021e+13 9.44474e+12 8.61441e+12 7.96712e+12 1.15234e+13 1.08911e+13 3.50007e+13 1.06223e+13 5.21813e+12 5.82837e+12 6.14613e+12 5.80837e+12 6.57127e+12 5.5465e+12 5.14723e+12 4.90449e+12 4.62789e+12
threshold=13906500.000000002 7287800.0000000009 168.50000000000003 8162894.8333333349 1.5000000000000002 3432750.0000000005 185.50000000000003 14885500.000000002 153.50000000000003 7773976.3333333349 6575025.0000000009 7453500.0000000009 9637750.0000000019 4292800.0000000009 12652509.642857146 2.5000000000000004 10.500000000000002 8995750.0000000019 8972485.7142857164 9243590.0000000019 8496010.6666666679 7995510.0000000009 269.50000000000006 7039250.0000000009 6701426.42857143 6975000.0000000009 7001700.0000000009 5929500.0000000009 6377196.4285714291 6196000.0000000009
decision_type=2 2 2 2 2 2 2 2 2 2 2 2 2 2 2 2 2 2 2 2 2 2 2 2 2 2 2 2 2 2
left_child=2 -2 3 5 -5 -1 -4 13 9 10 28 -12 29 15 16 -8 18 20 21 -20 27 24 23 -23 25 -15 -26 -18 -7 -13
right_child=1 -3 6 4 -6 8 7 -9 -10 -11 11 12 -14 14 -16 -17 17 -19 19 -21 -22 22 -24 -25 26 -27 -28 -29 -30 -31
leaf_value=77908.963828125008 -7698.4165264423054 81565.972812500011 55379.967500000006 -153164.48496093749 -31105.286495535711 -48938.278715376422 59.758032226562491 48668.367708333331 -68814.470845170465 -48390.654547991078 74797.467431640631 -44856.288932291653 48434.988216145837 -6845.2657696759261 34481.510156249999 57538.6403409091 -19234.847474888389 -75144.258380681829 68500.473805147063 -32960.451999080884 10252.288569078948 4141.4397940635681 -61674.124609375001 -39034.653768382355 -4877.0959585336541 -52691.991122159096 37477.178764204546 -64940.124289772735 -9535.7538643973221 1199.268828125
leaf_weight=9.9999999999999982 13.000000000000002 14.999999999999998 14.999999999999998 10 14 10.999999999999998 16.000000000000004 18 10.999999999999998 13.999999999999998 11.999999999999998 12.000000000000002 11.999999999999998 27 10.999999999999998 10.999999999999998 14.000000000000002 10.999999999999998 17 17 19 15.999999999999998 9.9999999999999982 17 26 10.999999999999998 10.999999999999998 10.999999999999998 28 9.9999999999999982
leaf_count=10 13 15 15 10 14 11 16 18 11 14 12 12 12 27 11 11 14 11 17 17 19 16 10 17 26 11 11 11 28 10
internal_value=-2969.45 40121.8 -5828.59 -17189.4 -81963.3 -4234.62 56.1466 -3099.2 -11702.2 -5356.41 1731.58 20706.7 1615.8 -6902.54 -10665.1 23477.1 -13064.2 -29371.3 -7163.66 17770 -17928.1 -14347.9 -28234.1 -18100.8 -6386.53 -20116.7 7714.72 -39345.2 -20649.3 -23921.9
internal_weight=450 28 422 144 24 120 278 263 110 99 85 46 34 245 218 27 207 55 152 34 44 118 43 33 75 38 37 25 39 22
internal_count=450 28 422 144 24 120 278 263 110 99 85 46 34 245 218 27 207 55 152 34 44 118 43 33 75 38 37 25 39 22
is_linear=0
shrinkage=0.05


Tree=52
num_leaves=31
num_cat=0
split_feature=8 6 2 11 1 11 10 11 5 2 2 7 10 11 5 5 11 7 6 11 2 6 10 10 5 5 6 2 10 8
split_gain=2.00144e+13 2.00327e+13 1.01849e+13 4.36214e+13 3.13736e+13 2.93091e+13 5.58359e+13 1.76136e+13 3.14935e+13 3.27568e+13 1.96936e+13 1.65726e+13 1.115e+13 1.70595e+13 1.25104e+13 1.84996e+13 1.02705e+13 1.17698e+13 1.25733e+13 8.60122e+12 7.74038e+12 8.13937e+12 8.36224e+12 8.32916e+12 6.20505e+12 1.30416e+13 6.10026e+12 5.38928e+12 4.585e+12 4.47531e+12
threshold=13906500.000000002 7287800.0000000009 168.50000000000003 8162894.8333333349 1.5000000000000002 7665548.0000000009 7792694.444444445 11904506.500000002 13497000.000000002 316.50000000000006 185.50000000000003 8022050.0000000009 6950032.8571428582 6943682.3333333349 6575025.0000000009 7693150.0000000009 7231684.9022988519 7107500.0000000009 11568950.000000002 7263020.0000000009 332.50000000000006 7995510.0000000009 10013842.85714286 8498984.2857142892 5321500.0000000009 4460000.0000000009 8280800.0000000009 281.50000000000006 8303889.2857142864 9187935.0000000019
decision_type=2 2 2 2 2 2 2 2 2 2 2 2 2 2 2 2 2 2 2 2 2 2 2 2 2 2 2 2 2 2
left_child=2 -2 3 5 -5 12 -7 8 10 -10 -4 16 14 -14 -1 -16 24 18 26 -15 21 27 23 -23 25 -12 29 -13 -21 -18
right_child=1 -3 7 4 -6 6 -8 -9 9 -11 11 20 13 19 15 -17 17 -19 -20 28 -22 22 -24 -25 -26 -27 -28 -29 -30 -31
leaf_value=-20869.990755208335 -7313.4952223557675 77487.673802083344 52610.96888020834 -145506.26015624998 -29550.021121651786 127785.89364346588 -31524.97332208807 -65100.402187500003 106504.63526785711 -11980.097187500001 -19513.608968577664 -27025.0912016369 -82175.524466646646 21549.017791193182 78996.628066406236 -13084.740104166667 -6401.8727716619323 49924.301768092111 48658.265865384616 -55426.990767045441 8144.1089583333342 -56145.037109374993 -83915.981107954547 1136.5887073863637 -24210.793893914477 52446.667187500003 -30858.539424402577 17572.003872070312 -9775.163707386364 33939.0075
leaf_weight=30 13.000000000000002 14.999999999999998 14.999999999999998 10 14 11.000000000000002 10.999999999999998 9.9999999999999982 14.000000000000002 9.9999999999999982 17.000000000000004 21.000000000000004 12.999999999999998 10.999999999999998 10.000000000000002 11.999999999999998 22 19 12.999999999999998 11.000000000000002 14.999999999999998 15.000000000000002 10.999999999999998 10.999999999999998 38 9.9999999999999982 17 9.9999999999999982 10.999999999999998 9.9999999999999982
leaf_count=30 13 15 15 10 14 11 11 10 14 10 17 21 13 11 10 12 22 19 13 11 15 15 11 11 38 10 17 10 11 10
internal_value=-2820.98 38115.7 -5537.16 -16329.9 -77865.1 -4022.89 48130.5 53.3394 2484.45 57136 -2891.11 -6526.62 -15730.8 -33662.3 131.725 28770.4 3615.06 15494.7 4943.73 -14551 -24366.2 -31537.6 -47371.6 -31910.5 -11188.8 7138.35 -6654.01 -12638.9 -32601.1 6204.65
internal_weight=450 28 422 144 24 120 22 278 268 24 244 229 98 46 52 22 146 81 62 33 83 68 37 26 65 27 49 31 22 32
internal_count=450 28 422 144 24 120 22 278 268 24 244 229 98 46 52 22 146 81 62 33 83 68 37 26 65 27 49 31 22 32
is_linear=0
shrinkage=0.05


Tree=53
num_leaves=31
num_cat=0
split_feature=8 1 2 11 0 6 10 5 7 11 11 10 8 6 7 10 2 7 0 10 0 11 5 6 6 2 5 8 11 6
split_gain=1.8063e+13 1.82513e+13 9.32211e+12 3.8965e+13 3.08336e+13 2.97568e+13 5.36885e+13 1.64964e+13 1.50431e+13 1.01543e+13 9.61547e+12 1.4976e+13 1.03569e+13 1.00303e+13 1.7953e+13 1.21092e+13 7.54087e+12 9.25236e+12 1.01075e+13 6.65856e+12 8.32284e+12 6.65286e+12 6.01431e+12 5.61205e+12 6.72563e+12 5.60719e+12 6.39472e+12 5.27078e+12 4.41011e+12 3.42919e+12
threshold=13906500.000000002 10.500000000000002 147.50000000000003 8162894.8333333349 3.5000000000000004 8575200.0000000019 7817585.7142857155 14885500.000000002 8022050.0000000009 11566941.833333334 6819473.1666666679 5951671.0714285728 5321500.0000000009 13026200.000000002 7210000.0000000009 7089067.8571428573 330.50000000000006 11568950.000000002 4.5000000000000009 9729565.0000000019 3.5000000000000004 8729134.5000000019 9725500.0000000019 5803250.0000000009 5211500.0000000009 247.50000000000003 5838300.0000000009 7567500.0000000009 7322764.7380952388 8783500.0000000019
decision_type=2 2 2 2 2 2 2 2 2 2 2 2 2 2 2 2 2 2 2 2 2 2 2 2 2 2 2 2 2 2
left_child=2 -2 3 5 -5 22 -7 8 10 16 11 -4 -13 14 15 -12 17 21 -19 20 -17 27 23 24 -1 -14 -27 29 -25 -10
right_child=1 -3 7 4 -6 6 -8 -9 9 -11 13 12 25 -15 -16 19 -18 18 -20 -21 -22 -23 -24 28 -26 26 -28 -29 -30 -31
leaf_value=-13620.732331730767 -10403.161621093748 71169.7255859375 43039.665198863637 -130644.90364583331 -17298.822786458335 108726.41049107141 -42961.944140625004 44657.632730263162 9250.3766322544616 22059.423798076925 27318.754892202527 9999.3270833333336 -68269.918398437498 55316.092307692314 55440.930595128681 -20379.838067626955 -58929.397488839284 45129.205585937481 -21733.406610576923 -50905.648125000007 24757.306503906249 -63455.129817708337 16122.008238636365 -27286.922460937501 -62038.377294921876 4742.5975852272713 -45448.339036458339 -46253.368509615393 6827.2664727105039 -29085.653984375003
leaf_weight=13.000000000000002 12.000000000000002 15.999999999999998 10.999999999999998 12.000000000000002 11.999999999999998 14.000000000000002 9.9999999999999982 19 14.000000000000002 12.999999999999998 26 18 9.9999999999999982 12.999999999999998 17 32 13.999999999999998 10.000000000000002 12.999999999999998 9.9999999999999982 14.999999999999998 11.999999999999998 10.999999999999998 20 15.999999999999998 11.000000000000002 14.999999999999998 12.999999999999998 18 9.9999999999999982
leaf_count=13 12 16 11 12 12 14 10 19 14 13 26 18 10 13 17 32 14 10 13 10 15 12 11 20 16 11 15 13 18 10
internal_value=-2679.93 36209.9 -5260.3 -16650.5 -73971.9 -3163.13 45522.9 -411.768 -3503.17 -19127.2 5186.57 -10135.9 -20967.9 14000.4 8629.32 -958.603 -25353 -18824.3 7337.29 -13857 -5974.37 -31104.2 -18143.5 -23769.1 -40333.9 -36451.5 -24213.7 -20612 -11127.6 -6722.97
internal_weight=450 28 422 126 24 102 24 296 277 99 178 65 54 113 100 83 86 72 23 57 47 49 78 67 29 36 26 37 38 24
internal_count=450 28 422 126 24 102 24 296 277 99 178 65 54 113 100 83 86 72 23 57 47 49 78 67 29 36 26 37 38 24
is_linear=0
shrinkage=0.05


Tree=54
num_leaves=31
num_cat=0
split_feature=7 4 2 7 10 10 6 11 11 11 11 11 2 2 7 6 6 5 2 9 9 10 6 10 0 7 11 11 6 3
split_gain=1.39504e+13 6.20914e+13 4.00035e+13 1.76437e+13 3.77839e+13 1.41756e+13 1.10689e+13 1.03852e+13 1.03414e+13 1.57966e+13 1.3204e+13 1.20848e+13 7.37582e+12 9.93124e+12 7.14263e+12 6.99203e+12 7.53939e+12 1.08344e+13 1.01045e+13 6.53544e+12 6.07576e+12 9.34916e+12 5.15844e+12 4.74052e+12 4.28904e+12 4.83218e+12 1.04767e+13 9.45173e+12 4.16884e+12 4.00396e+12
threshold=5838300.0000000009 1.0000000180025095e-35 45.500000000000007 6303000.0000000009 7817585.7142857155 12652509.642857146 9237500.0000000019 8621354.1666666679 7665548.0000000009 7794323.3333333349 6368958.666666667 8389421.6666666679 279.50000000000006 334.50000000000006 8787500.0000000019 11568950.000000002 4292800.0000000009 8418000.0000000019 265.50000000000006 7142030.0000000009 7296381.42857143 8184475.0000000009 13798750.000000002 9518564.2857142873 1.0000000180025095e-35 8458500.0000000019 7193478.333333334 7407550.3333333349 8399300.0000000019 1.0000000180025095e-35
decision_type=2 2 2 2 2 2 2 2 2 2 2 2 2 2 2 2 2 2 2 2 2 2 2 2 2 2 2 2 2 2
left_child=2 3 -1 4 -2 6 8 20 10 -10 -5 -11 23 -14 -9 16 17 -4 28 -20 -8 -22 29 -13 -12 26 -26 -28 -18 -16
right_child=1 -3 15 5 -6 -7 7 14 9 11 24 12 13 -15 22 -17 18 -19 19 -21 21 -23 -24 -25 25 -27 27 -29 -30 -31
leaf_value=-111728.04015625 78561.321340460534 99447.70703125 -11964.896093749998 32524.564676339287 -29691.530691964286 49290.869815340913 -37024.260761718753 -78398.642812499995 67865.534943181832 -29094.917615356448 10668.721562500001 -27760.902734374991 71793.042471590888 2946.0507150268554 -66774.458906249973 28318.366145833334 -13099.397703269677 52945.662265625004 -25940.032310267852 -75051.003984374998 46288.06232055663 -17011.085072544643 -244.73933593749999 20924.412187500002 -36808.761284722226 -43804.335014204553 45658.792578124987 -18998.557361778847 19481.431998697917 -23059.69122869318
leaf_weight=9.9999999999999982 19 15.999999999999998 18.000000000000004 13.999999999999998 13.999999999999998 10.999999999999998 9.9999999999999982 9.9999999999999982 10.999999999999998 20 9.9999999999999982 10.000000000000002 11.000000000000002 9.9999999999999982 10.000000000000004 11.999999999999998 54 9.9999999999999982 21.000000000000004 9.9999999999999982 10.000000000000002 13.999999999999998 9.9999999999999982 9.9999999999999982 27 22 10.000000000000002 12.999999999999998 11.999999999999998 11
leaf_count=10 19 16 18 14 14 11 10 10 11 20 10 10 11 10 10 12 54 10 21 10 10 14 10 10 27 22 10 13 12 11
internal_value=-2545.93 3585.95 -15185.1 -1758.26 32635.9 -6226.79 -8739.94 -24711.4 -1609.84 12714.5 -12353.1 2769.19 18312.7 39008.8 -41654.5 -8138.19 -11638 11217.4 -18235.5 -41782.3 -4279.92 9363.56 -29801.6 -3418.25 -20015.1 -24276.7 -15684.6 9113.33 -7175.61 -43876.2
internal_weight=450 303 147 287 33 254 243 75 168 72 96 61 41 21 41 137 125 28 97 31 34 24 31 20 82 72 50 23 66 21
internal_count=450 303 147 287 33 254 243 75 168 72 96 61 41 21 41 137 125 28 97 31 34 24 31 20 82 72 50 23 66 21
is_linear=0
shrinkage=0.05


Tree=55
num_leaves=31
num_cat=0
split_feature=4 10 5 0 1 6 10 11 11 2 5 7 6 8 10 5 8 5 6 11 5 7 0 7 5 7 0 8 11 8
split_gain=3.38795e+13 2.7661e+13 2.36056e+13 1.05568e+13 7.07827e+12 9.57842e+12 8.63404e+12 7.37263e+12 3.61604e+13 1.59084e+13 1.51816e+13 1.34929e+13 9.93402e+12 1.06726e+13 8.26067e+12 1.01485e+13 1.88373e+13 8.58743e+12 5.92933e+12 7.56819e+12 5.59565e+12 5.30699e+12 4.9866e+12 6.86572e+12 4.60465e+12 4.50323e+12 4.21467e+12 3.93855e+12 3.87533e+12 2.8653e+12
threshold=1.0000000180025095e-35 11577390.000000002 3207800.0000000005 2.5000000000000004 10.500000000000002 3207800.0000000005 5764964.2857142864 7665548.0000000009 7773976.3333333349 281.50000000000006 5708800.0000000009 9075200.0000000019 10189250.000000002 8822475.0000000019 7990031.7857142864 8678000.0000000019 7234500.0000000009 10189250.000000002 6754300.0000000009 7361479.8333333349 5559700.0000000009 12203975.000000002 1.5000000000000002 4876250.0000000009 6812825.0000000009 7039250.0000000009 4.5000000000000009 10671075.000000002 7193478.333333334 7234500.0000000009
decision_type=2 2 2 2 2 2 2 2 2 2 2 2 2 2 2 2 2 2 2 2 2 2 2 2 2 2 2 2 2 2
left_child=1 2 -1 -3 5 -4 -7 10 -9 14 11 22 13 18 -10 16 -16 -17 26 24 -6 -19 -8 -24 -20 -25 28 29 -12 -22
right_child=-2 3 4 -5 20 6 7 8 9 -11 12 -13 -14 -15 15 17 -18 21 19 -21 27 -23 23 25 -26 -27 -28 -29 -30 -31
leaf_value=70853.952031249995 68195.943750000006 85854.3521306818 -52367.651093749999 20398.954882812501 801.93938060087316 43053.608515625005 23653.991964285713 81209.116603306378 -43804.733436414936 36882.001562500001 -13035.809436677633 52353.553599330364 -65878.053657670462 18096.688691149258 -27242.22447916666 -52970.56704799107 58128.960212053571 -22257.72280273437 1084.554150390625 17124.662207031251 -30818.259461805552 24174.630214843753 -47025.521093750001 19405.277001953127 -36848.996297200523 -17051.268858506945 -64961.038413085946 -7966.7619318181823 -47032.866979166669 -63209.054125976567
leaf_weight=9.9999999999999982 18 11.000000000000002 9.9999999999999982 13.999999999999998 17 9.9999999999999982 13.999999999999998 13.999999999999998 18 19 19 13.999999999999998 10.999999999999998 19 12.000000000000002 13.999999999999998 13.999999999999998 16.000000000000004 11.999999999999998 15.999999999999998 18.000000000000004 9.9999999999999982 9.9999999999999982 15.999999999999998 24 18 9.9999999999999982 10.999999999999998 14.999999999999998 10.999999999999998
leaf_count=10 18 11 10 14 17 10 14 14 18 19 19 14 11 19 12 14 14 16 12 16 18 10 10 16 24 18 10 11 15 11
internal_value=1001.02 -1831.55 -5005.12 49199.3 -6940.3 -4168.85 -2685.81 -4137.86 5813.11 -4434.89 -10018 8297.39 -20483.9 -16141.9 -13780.4 -5591.92 18726.9 -21399.1 -22918.2 -11487.8 -23228.6 -4399.13 -2336.86 -10606.7 -24204.5 104.753 -36426.9 -33441.6 -28034.5 -43104.4
internal_weight=445 427 402 25 392 335 325 315 117 103 198 72 126 115 84 66 26 40 96 52 57 26 58 44 36 34 44 40 34 29
internal_count=445 427 402 25 392 335 325 315 117 103 198 72 126 115 84 66 26 40 96 52 57 26 58 44 36 34 44 40 34 29
is_linear=0
shrinkage=0.05


Tree=56
num_leaves=31
num_cat=0
split_feature=4 10 2 9 9 10 6 10 9 2 2 7 9 9 8 8 7 5 8 5 7 7 8 6 8 6 0 2 5 8
split_gain=3.05763e+13 2.49641e+13 2.16337e+13 4.36357e+13 9.62846e+12 7.88048e+12 7.35519e+12 6.68246e+12 7.57282e+12 2.05772e+13 1.30723e+13 1.16957e+13 9.09101e+12 1.21117e+13 8.3823e+12 1.17787e+13 7.32277e+12 8.5621e+12 5.60235e+12 7.4053e+12 6.69696e+12 6.48359e+12 5.58807e+12 4.75471e+12 3.80793e+12 3.66994e+12 3.17781e+12 3.406e+12 3.05484e+12 2.704e+12
threshold=1.0000000180025095e-35 11577390.000000002 30.500000000000004 8268489.2857142864 12997603.571428573 10425942.85714286 14885500.000000002 5742630.3571428582 7972730.9523809534 299.50000000000006 281.50000000000006 13110000.000000002 6854957.1428571437 6755505.0000000009 7181000.0000000009 10727235.000000002 6120285.0000000009 5368200.0000000009 8403800.0000000019 6812825.0000000009 9187935.0000000019 7471500.0000000009 5838300.0000000009 7995510.0000000009 7693150.0000000009 8530000.0000000019 1.5000000000000002 261.50000000000006 5109300.0000000009 7545000.0000000009
decision_type=2 2 2 2 2 2 2 2 2 2 2 2 2 2 2 2 2 2 2 2 2 2 2 2 2 2 2 2 2 2
left_child=1 2 3 -1 -3 6 7 -4 12 10 11 14 13 18 22 -16 29 23 19 20 26 -20 25 -18 -19 -10 -9 28 -28 -14
right_child=-2 4 5 -5 -6 -7 -8 8 9 -11 -12 -13 16 -15 15 -17 17 24 21 -21 -22 -23 -24 -25 -26 -27 27 -29 -30 -31
leaf_value=115341.65456321019 64786.145486111112 72075.057395833312 34882.60009765625 -9793.2080694901324 8735.8257666015616 -49738.782386363637 -43704.354086538464 7274.106848958334 -22478.214843749996 -45677.749814022289 60708.020913461543 53914.104865056826 -13211.073854758524 42738.396153846159 44557.401056985284 -20142.243229166666 19292.953046874994 -36279.199164496524 -6330.9931423611106 -35984.322750289357 28874.164274088544 43882.509052734378 -46252.839322916669 -29465.166660156254 -69892.844460227279 18534.679902343749 13895.423046874996 -35842.090690104167 -23522.945572916666 18146.129375
leaf_weight=11.000000000000002 18 15.000000000000002 9.9999999999999982 19 9.9999999999999982 10.999999999999998 12.999999999999998 14.999999999999998 12.000000000000002 17 12.999999999999998 10.999999999999998 22 12.999999999999998 17.000000000000004 11.999999999999998 10.000000000000002 36 18.000000000000004 27 11.999999999999998 9.9999999999999982 11.999999999999998 9.9999999999999982 10.999999999999998 9.9999999999999982 10.000000000000002 18 11.999999999999998 9.9999999999999982
leaf_count=11 18 15 10 19 10 11 13 15 12 17 13 11 22 13 17 12 10 36 18 27 12 10 12 10 11 10 10 18 12 10
internal_value=950.969 -1739.98 -4754.86 36089.6 46739.4 -8048.77 -6778.43 -5399.02 -6590.78 4635.39 14466.7 6343.22 -11580.2 -3140.65 -1962.81 17785.1 -23088.7 -32486.5 -8029.4 -13877.2 -4968.32 11602.4 -18806.6 -5086.11 -44146.2 -3835.99 -12352.1 -19712 -6514.6 -3411.95
internal_weight=445 427 402 30 25 372 361 348 338 104 87 74 234 135 63 29 99 67 122 94 67 28 34 20 47 22 55 40 22 32
internal_count=445 427 402 30 25 372 361 348 338 104 87 74 234 135 63 29 99 67 122 94 67 28 34 20 47 22 55 40 22 32
is_linear=0
shrinkage=0.05


Tree=57
num_leaves=31
num_cat=0
split_feature=11 7 2 2 7 9 7 11 11 10 2 0 8 9 6 10 6 5 5 8 6 6 8 5 11 8 8 5 11 2
split_gain=2.03334e+13 2.18224e+13 1.40518e+13 1.35119e+13 1.69979e+13 2.31827e+13 1.26989e+13 1.18936e+13 1.62819e+13 4.83964e+13 3.17357e+13 9.99376e+12 9.06874e+12 9.82335e+12 8.98659e+12 7.87792e+12 6.81754e+12 5.68266e+12 9.82718e+12 4.61455e+12 4.45834e+12 7.65925e+12 5.81667e+12 5.73023e+12 5.86536e+12 4.40149e+12 4.3291e+12 3.97701e+12 3.38982e+12 2.66275e+12
threshold=9690329.1666666698 12440250.000000002 341.50000000000006 333.50000000000006 10727235.000000002 6788658.5714285718 15770850.000000002 9243590.0000000019 7665548.0000000009 7690664.2857142864 39.500000000000007 2.5000000000000004 7181000.0000000009 9763335.7142857164 9954500.0000000019 5742630.3571428582 7995510.0000000009 5708800.0000000009 4405000.0000000009 5368200.0000000009 10189250.000000002 7791050.0000000009 9187935.0000000019 10615300.000000002 6303717.8333333349 6168000.0000000009 7445700.0000000009 8280800.0000000009 7477574.0000000009 185.50000000000003
decision_type=2 2 2 2 2 2 2 2 2 2 2 2 2 2 2 2 2 2 2 2 2 2 2 2 2 2 2 2 2 2
left_child=3 2 11 4 7 -6 -3 8 15 -10 -11 -2 27 -14 -7 -1 -5 18 25 -20 21 22 23 24 -19 -17 -21 -12 -26 -23
right_child=1 6 -4 16 5 14 -8 -9 9 10 12 -13 13 -15 -16 17 -18 20 19 26 -22 29 -24 -25 28 -27 -28 -29 -30 -31
leaf_value=33138.473037109376 71665.704374999972 -38660.338411407465 98283.953977272729 -15135.91325520833 84321.024849759619 -19547.787454044115 32068.628657670455 -50028.48325892858 88473.32235243055 -67958.001666666678 -25490.090519831723 9324.2030707465292 66370.740624999977 3636.0857421875003 35676.722596153842 -8651.0285342261905 -65698.510221354169 -56426.197088068177 -5262.0340049342112 49192.46067708332 -47905.382552083334 22511.603948102675 5145.2991406250003 -64204.747812500005 -9589.2979541015629 -46611.052124023438 8266.3386439732149 14426.731770833336 -42136.459843750003 -8913.8533954326922
leaf_weight=9.9999999999999982 10.000000000000002 15.000000000000002 10.999999999999998 15.000000000000002 12.999999999999998 17.000000000000004 10.999999999999998 13.999999999999998 18 14.999999999999998 13.000000000000002 18 13.000000000000002 11.999999999999998 12.999999999999998 21 11.999999999999998 10.999999999999998 19 12.000000000000002 11.999999999999998 14.000000000000002 14.999999999999998 9.9999999999999982 40 11.999999999999998 13.999999999999998 11.999999999999998 9.9999999999999982 12.999999999999998
leaf_count=10 10 15 11 15 13 17 11 14 18 15 13 18 13 12 13 21 12 11 19 12 12 14 15 10 40 12 14 12 10 13
internal_value=903.42 26745.6 50400.4 -3516.96 -909.414 28550.2 -8736.54 -4995.75 -2865.82 15919.9 -4171.81 31589 14964 36258.1 4382.83 -10186.1 -37608.2 -12320.3 -1730.06 13468 -18928.6 -15851.4 -23145.3 -29122.1 -23370.9 -22454.7 27155.3 -6330.02 -16098.7 7380.83
internal_weight=445 65 39 380 353 43 26 310 296 83 65 28 50 25 30 213 27 203 78 45 125 113 86 71 61 33 26 25 50 27
internal_count=445 65 39 380 353 43 26 310 296 83 65 28 50 25 30 213 27 203 78 45 125 113 86 71 61 33 26 25 50 27
is_linear=0
shrinkage=0.05


Tree=58
num_leaves=31
num_cat=0
split_feature=4 10 5 0 9 9 2 1 2 2 10 2 7 10 6 6 5 9 9 8 2 5 8 5 10 6 0 7 10 0
split_gain=2.65859e+13 2.07275e+13 2.06322e+13 8.99487e+12 5.98466e+12 8.1141e+12 1.56644e+13 5.76807e+12 8.3785e+12 9.01275e+12 8.08478e+12 1.0573e+13 1.16e+13 1.30253e+13 8.99127e+12 1.20046e+13 7.5356e+12 6.68329e+12 6.46703e+12 6.13164e+12 5.66404e+12 5.48759e+12 5.11615e+12 8.47303e+12 4.79069e+12 4.02042e+12 3.92994e+12 3.63725e+12 4.09289e+12 3.24567e+12
threshold=1.0000000180025095e-35 11577390.000000002 3207800.0000000005 2.5000000000000004 6202457.1428571437 5794608.5714285728 241.50000000000003 10.500000000000002 281.50000000000006 261.50000000000006 8045782.1428571437 123.50000000000001 10727235.000000002 9729565.0000000019 5898500.0000000009 10189250.000000002 7651000.0000000009 7142030.0000000009 9407089.2857142873 7181000.0000000009 15.500000000000002 8238500.0000000009 8556500.0000000019 5538185.0000000009 6031524.6428571446 6051000.0000000009 2.5000000000000004 6243000.0000000009 7210500.0000000009 3.5000000000000004
decision_type=2 2 2 2 2 2 2 2 2 2 2 2 2 2 2 2 2 2 2 2 2 2 2 2 2 2 2 2 2 2
left_child=1 2 -1 -3 5 24 -7 8 9 10 14 20 13 19 26 22 -11 -9 -10 -13 -12 -22 23 -16 -4 -19 -6 -25 -29 -27
right_child=-2 3 4 -5 7 6 -8 17 18 16 11 12 -14 -15 15 -17 -18 25 -20 -21 21 -23 -24 27 -26 29 -28 28 -30 -31
leaf_value=66522.469218750004 60382.388194444451 76358.524573863615 -29243.823307291659 15939.036969866072 -17488.372095788043 78100.481718749972 50.95192057291667 1220.2351996527777 46061.46778846153 -9951.5867897727239 13846.482194010416 3241.6584073153399 61965.470695612981 -30963.831808035717 25264.376182154607 -43307.000114889706 -68477.418252840915 -63036.7037890625 -2912.8782924107145 54923.168619791664 -6232.2818209134603 -54216.49364346591 27226.656318933827 1690.6473501032049 14198.551935369318 -11765.315527343748 -47405.197116815478 -40154.752365451386 -2456.6909993489585 -48077.209921875008
leaf_weight=9.9999999999999982 18 11.000000000000002 15.000000000000002 13.999999999999998 23 10.000000000000002 18 18 13.000000000000002 11.000000000000002 11.999999999999998 11.000000000000002 12.999999999999998 13.999999999999998 19 17 10.999999999999998 9.9999999999999982 13.999999999999998 11.999999999999998 13.000000000000002 10.999999999999998 17 22 10.999999999999998 16.000000000000004 21 18.000000000000004 11.999999999999998 9.9999999999999982
leaf_count=10 18 11 15 14 23 10 18 18 13 11 12 11 13 14 19 17 11 10 14 12 13 11 17 22 11 16 21 18 12 10
internal_value=858.249 -1650.97 -4398.14 42523.6 -6207.34 9249.05 27925.8 -8676.7 -5828.54 -8612.16 -5747.26 6459.89 21335.9 7060.61 -12793 -4842.04 -39214.5 -23655.9 20667.4 30205.9 -14201.2 -28225 2588.69 -3310.54 -10864.4 -36094 -31766.9 -13751.4 -25075.5 -25731.4
internal_weight=445 427 402 25 392 54 28 338 284 257 235 86 50 37 149 105 22 54 27 23 36 24 88 71 26 36 44 52 30 26
internal_count=445 427 402 25 392 54 28 338 284 257 235 86 50 37 149 105 22 54 27 23 36 24 88 71 26 36 44 52 30 26
is_linear=0
shrinkage=0.05


Tree=59
num_leaves=31
num_cat=0
split_feature=11 7 2 2 7 9 7 8 1 2 6 8 11 11 2 8 6 6 6 10 7 7 2 0 9 10 6 1 0 10
split_gain=1.68125e+13 1.9738e+13 1.21392e+13 1.2033e+13 1.45335e+13 2.04824e+13 1.09874e+13 9.98969e+12 4.2517e+13 1.43634e+13 1.37314e+13 1.32947e+13 1.54911e+13 1.63211e+13 2.89403e+13 9.57529e+12 9.54401e+12 8.04138e+12 6.25697e+12 6.23416e+12 6.19923e+12 5.56413e+12 9.30264e+12 4.48074e+12 4.00514e+12 6.14e+12 3.16292e+12 2.96192e+12 3.57358e+12 2.81994e+12
threshold=9690329.1666666698 12440250.000000002 341.50000000000006 333.50000000000006 10727235.000000002 6788658.5714285718 15770850.000000002 5873000.0000000009 1.5000000000000002 42.500000000000007 11657300.000000002 6120285.0000000009 7665548.0000000009 8621354.1666666679 193.50000000000003 10576250.000000002 9157335.0000000019 9954500.0000000019 7995510.0000000009 6889463.2142857155 9075200.0000000019 6754300.0000000009 207.50000000000003 3.5000000000000004 8284692.8571428582 7217052.1428571437 6575025.0000000009 9.5000000000000018 3.5000000000000004 7551463.2142857155
decision_type=2 2 2 2 2 2 2 2 2 2 2 2 2 2 2 2 2 2 2 2 2 2 2 2 2 2 2 2 2 2
left_child=3 2 15 4 7 -6 -3 9 -9 -1 11 -10 16 14 -14 -2 19 -7 -5 23 21 24 26 -13 25 27 -23 28 -11 -21
right_child=1 6 -4 18 5 17 -8 8 10 20 -12 12 13 -15 -16 -17 -18 -19 -20 29 -22 22 -24 -25 -26 -27 -28 -29 -30 -31
leaf_value=-73079.223125000004 7532.5921223958321 -37265.539446614574 91316.380113636376 -13847.011614583331 78919.213251201931 -18856.412775735291 28524.758682528412 93770.682552083337 51669.555598958337 -23552.105836397055 -46211.822403492646 5103.9739815848225 3188.7067522321422 -13391.299283854167 114557.3597265625 68554.904453125011 20967.049040670958 33383.170192307698 -62286.271354166667 -43745.91767216436 25107.012606534092 -28895.990390624993 -62153.675195312506 -25882.450261230471 21523.180198530717 -36554.271725643383 10871.5840625 21437.115696022727 13022.539888139205 -15401.567548076922
leaf_weight=9.9999999999999982 18.000000000000004 15.000000000000002 10.999999999999998 15.000000000000002 12.999999999999998 17.000000000000004 10.999999999999998 11.999999999999998 11.999999999999998 17.000000000000004 17 28 14.000000000000002 18 9.9999999999999982 9.9999999999999982 17 12.999999999999998 11.999999999999998 27 10.999999999999998 10.000000000000002 13.999999999999998 20 10.999999999999998 17 9.9999999999999982 10.999999999999998 10.999999999999998 12.999999999999998
leaf_count=10 18 15 11 15 13 17 11 12 12 17 17 28 14 18 10 10 17 13 12 27 11 10 14 20 11 17 10 11 11 13
internal_value=815.337 24313.9 46810.7 -3204.16 -743.456 26497 -9431.18 -4521.97 2708.49 -15664 -3500.3 1066.34 -3064.53 22599.3 49592.3 29326.3 -13330.1 3780.74 -35375.6 -19955.7 -10537.6 -14419.7 -30894 -7807.04 -6059.66 -11477.7 -9012.2 -546.913 -9183.5 -34534
internal_weight=445 65 39 380 353 43 26 310 188 122 176 159 147 42 24 28 105 30 27 88 112 101 34 48 67 56 20 39 28 40
internal_count=445 65 39 380 353 43 26 310 188 122 176 159 147 42 24 28 105 30 27 88 112 101 34 48 67 56 20 39 28 40
is_linear=0
shrinkage=0.05


Tree=60
num_leaves=31
num_cat=0
split_feature=5 9 5 4 7 5 5 7 10 10 0 9 9 6 2 7 7 7 9 6 8 8 2 2 8 8 10 5 8 5
split_gain=3.76888e+13 1.3211e+13 1.73831e+13 2.15324e+13 9.23713e+12 8.18658e+12 1.04838e+13 5.27788e+12 4.37881e+12 1.69405e+13 2.18844e+13 1.33366e+13 8.936e+12 9.73803e+12 8.758e+12 8.0642e+12 1.71047e+13 6.56035e+12 9.547e+12 8.23203e+12 6.22804e+12 5.09563e+12 5.47334e+12 1.10037e+13 1.32412e+13 7.42054e+12 6.94974e+12 9.88363e+12 5.82947e+12 5.31115e+12
threshold=3207800.0000000005 14527964.285714289 16181750.000000002 1.0000000180025095e-35 3341800.0000000005 13798750.000000002 12440250.000000002 2572085.0000000005 6694463.92857143 6973041.7857142864 4.5000000000000009 6594828.5714285718 6572471.42857143 4371750.0000000009 60.500000000000007 7181000.0000000009 6533000.0000000009 5130500.0000000009 8090142.8571428573 14885500.000000002 9187935.0000000019 3744200.0000000005 261.50000000000006 215.50000000000003 7234500.0000000009 9037500.0000000019 8303889.2857142864 9637750.0000000019 5929500.0000000009 6500200.0000000009
decision_type=2 2 2 2 2 2 2 2 2 2 2 2 2 2 2 2 2 2 2 2 2 2 2 2 2 2 2 2 2 2
left_child=-1 2 3 4 7 6 8 -2 14 10 11 -10 -11 -14 -6 16 20 18 -15 21 -16 -19 23 25 -25 28 -24 29 -23 -28
right_child=1 -3 -4 -5 5 -7 -8 -9 9 12 -12 -13 13 17 15 -17 -18 19 -20 -21 -22 22 26 24 -26 -27 27 -29 -30 -31
leaf_value=-101422.21312500001 5409.4513221153829 53546.800859374998 -52691.435503472225 66518.965340909097 -59328.03273437501 31338.623577008926 -47202.761242675784 53725.557343750006 48209.819992897712 -35658.090294471156 83513.112174479174 -20332.892895507815 39183.485253906249 -16393.030827026359 -22810.030289273651 -33628.438117187499 53534.994856770842 25722.358664772728 51108.983069957387 -44783.531640625006 21662.712197265628 -24700.532695855036 -57765.810795454541 -9278.9142368861594 60798.89272836539 -44488.941822916669 -15779.828207632207 -44976.447187500002 13290.076520040762 30348.94635416667
leaf_weight=9.9999999999999982 13.000000000000002 9.9999999999999982 18 10.999999999999998 9.9999999999999982 13.999999999999998 15.999999999999998 9.9999999999999982 11.000000000000002 26 11.999999999999998 20 11.999999999999998 10.000000000000002 37 25 11.999999999999998 10.999999999999998 10.999999999999998 15.999999999999998 9.9999999999999982 18 10.999999999999998 14.000000000000002 12.999999999999998 14.999999999999998 13.000000000000002 14.999999999999998 23 11.999999999999998
leaf_count=10 13 10 18 11 10 14 16 10 11 26 12 20 12 10 37 25 12 11 11 16 10 18 11 14 13 15 13 15 23 12
internal_value=-5417.36 -3279.16 -4573.61 -2516.31 -4368.48 -6198.07 -7606.96 26416.5 -5832.35 -2521.81 26181.6 3988.71 -8132.01 -4442.95 -15094.8 -9828.99 255.524 -7319.42 18965.2 -10747.8 -13347.7 -6992.18 -9677.7 -1756.52 24462.3 -14397.7 -22569 -12889.9 -3388.73 6361.98
internal_weight=459 449 439 421 410 387 373 23 357 263 43 31 220 194 94 84 59 182 21 161 47 145 134 83 27 56 51 40 41 25
internal_count=459 449 439 421 410 387 373 23 357 263 43 31 220 194 94 84 59 182 21 161 47 145 134 83 27 56 51 40 41 25
is_linear=0
shrinkage=0.05


Tree=61
num_leaves=31
num_cat=0
split_feature=5 9 5 4 7 5 5 10 10 10 3 9 11 6 2 7 7 9 11 5 5 6 5 8 6 10 8 10 11 8
split_gain=3.40142e+13 1.19229e+13 1.56882e+13 1.9433e+13 8.33651e+12 7.38838e+12 9.46163e+12 5.05272e+12 3.95187e+12 1.52888e+13 1.97507e+13 1.20362e+13 9.06025e+12 8.27424e+12 7.9041e+12 7.27794e+12 1.54895e+13 6.74303e+12 7.26944e+12 1.46278e+13 8.32995e+12 7.40091e+12 8.54101e+12 2.3602e+13 1.33656e+13 7.10026e+12 6.01164e+12 5.91806e+12 5.08212e+12 4.59386e+12
threshold=3207800.0000000005 14527964.285714289 16181750.000000002 1.0000000180025095e-35 3341800.0000000005 13798750.000000002 12440250.000000002 7792694.444444445 6694463.92857143 6973041.7857142864 1.0000000180025095e-35 6594828.5714285718 7033363.8333333349 4371750.0000000009 60.500000000000007 7181000.0000000009 6609500.0000000009 7013892.1428571437 8004808.3333333349 8418000.0000000019 6145050.0000000009 5838300.0000000009 8530000.0000000019 9673050.0000000019 12001950.000000002 9670582.1428571437 9187935.0000000019 7876025.0000000009 6280299.0000000009 8787500.0000000019
decision_type=2 2 2 2 2 2 2 2 2 2 2 2 2 2 2 2 2 2 2 2 2 2 2 2 2 2 2 2 2 2
left_child=-1 2 3 4 7 6 8 -2 14 10 11 -10 -11 -14 -6 16 26 -15 19 20 -19 -20 23 25 29 -23 28 -22 -16 -24
right_child=1 -3 -4 -5 5 -7 -8 -9 9 12 -12 -13 13 17 15 -17 -18 18 21 -21 27 22 24 -25 -26 -27 -28 -29 -30 -31
leaf_value=-96351.099062499998 49572.905255681806 50869.459335937507 -50056.864583333336 63193.018181818181 -56361.631640625004 29771.691657366075 -44842.623266601564 2658.1313151041668 45799.32903053976 -43956.700238037112 79337.45618489584 -19316.248383789061 33714.181347656253 -25764.034167480469 -37844.438560267859 -31947.016250000001 53759.217329545463 26897.134063720703 -49293.394460227275 63659.81869673296 8140.5857466264179 10529.174511718751 -20614.261874999997 76910.537656250002 11448.8265625 -33421.813100298714 20431.212111594461 -40867.693401227676 -439.95981445312503 -64985.387388392854
leaf_weight=9.9999999999999982 11.000000000000002 9.9999999999999982 18 10.999999999999998 9.9999999999999982 13.999999999999998 15.999999999999998 11.999999999999998 11.000000000000002 15.999999999999998 11.999999999999998 20 12.999999999999998 40 21 25 10.999999999999998 15.999999999999998 10.999999999999998 10.999999999999998 11.000000000000002 20 10.000000000000002 9.9999999999999982 17 17 10.999999999999998 13.999999999999998 15.999999999999998 13.999999999999998
leaf_count=10 11 10 18 11 10 14 16 12 11 16 12 20 13 40 21 25 11 16 11 11 11 20 10 10 17 17 11 14 16 14
internal_value=-5146.49 -3115.21 -4344.93 -2390.5 -4150.05 -5888.17 -7226.61 25095.6 -5540.74 -2395.72 24872.5 3789.28 -7725.41 -4883.74 -14340.1 -9337.54 242.748 -7510.83 -2675.54 12461.7 -1274.32 -10626.4 -5793.07 8755.7 -22470.9 -9664.52 -12021.4 -19304.1 -21669.5 -46497.4
internal_weight=459 449 439 421 410 387 373 23 357 263 43 31 220 204 94 84 59 191 151 52 41 99 88 47 41 37 48 25 37 24
internal_count=459 449 439 421 410 387 373 23 357 263 43 31 220 204 94 84 59 191 151 52 41 99 88 47 41 37 48 25 37 24
is_linear=0
shrinkage=0.05


Tree=62
num_leaves=31
num_cat=0
split_feature=5 2 5 2 4 6 5 2 6 5 5 5 5 6 10 8 10 8 6 8 0 6 5 5 7 7 7 7 8 5
split_gain=3.06978e+13 1.07874e+13 1.45295e+13 1.32748e+13 6.24989e+13 2.4575e+13 9.11285e+12 1.90608e+13 9.05274e+12 8.01836e+12 7.18569e+12 6.67943e+12 6.71333e+12 5.96278e+12 5.38542e+12 1.06889e+13 9.42234e+12 1.26878e+13 9.10024e+12 8.94596e+12 9.56838e+12 5.97464e+12 5.61963e+12 7.71891e+12 6.17942e+12 4.97562e+12 8.00545e+12 6.73015e+12 4.40482e+12 3.27525e+12
threshold=3207800.0000000005 66.500000000000014 10727235.000000002 345.50000000000006 1.0000000180025095e-35 9435000.0000000019 13798750.000000002 291.50000000000006 8998160.0000000019 11504000.000000002 6975000.0000000009 10384350.000000002 9983000.0000000019 7740500.0000000009 8281153.2142857155 9673050.0000000019 7217052.1428571437 8896500.0000000019 9157335.0000000019 6500200.0000000009 5.5000000000000009 5109300.0000000009 5321500.0000000009 4697500.0000000009 7181000.0000000009 5838300.0000000009 8606400.0000000019 12335000.000000002 4697500.0000000009 5767650.0000000009
decision_type=2 2 2 2 2 2 2 2 2 2 2 2 2 2 2 2 2 2 2 2 2 2 2 2 2 2 2 2 2 2
left_child=-1 2 8 4 6 -5 9 -8 10 11 29 12 14 -11 16 25 18 -18 19 20 22 -21 23 -3 28 -16 -27 -28 -24 -2
right_child=1 3 -4 5 -6 -7 7 -9 -10 13 -12 -13 -14 -15 15 -17 17 -19 -20 21 -22 -23 24 -25 -26 26 27 -29 -30 -31
leaf_value=-91533.544218750001 7588.8488281249975 -1722.1510937499997 -74716.503728693177 -71736.436747472413 120107.33522727274 17719.48426339286 80634.882998046858 -16988.799999999999 -48616.738964843753 -59679.917499999981 33120.866796875001 35952.338020833333 -37231.121724759614 -11022.176711856619 -32134.050156250003 43694.678248355267 -9121.7552124023441 -64243.873137019225 37172.612186207487 11825.806926618305 55355.506162109377 -25780.869867369187 25795.804451497388 54989.521093750001 -41138.797478693188 45666.605236816409 -28448.421041666661 24506.552851562501 -15486.694754464288 -29876.827190290176
leaf_weight=9.9999999999999982 10.000000000000002 15.000000000000002 10.999999999999998 17.000000000000004 10.999999999999998 13.999999999999998 10.000000000000002 9.9999999999999982 11.999999999999998 10.000000000000002 11.999999999999998 11.999999999999998 12.999999999999998 17 9.9999999999999982 19 53 12.999999999999998 17 13.999999999999998 9.9999999999999982 43 12.000000000000002 9.9999999999999982 10.999999999999998 9.9999999999999982 15.000000000000002 9.9999999999999982 13.999999999999998 13.999999999999998
leaf_count=10 10 15 11 17 11 14 10 10 12 10 12 12 13 17 10 19 53 13 17 14 10 43 12 10 11 10 15 10 14 14
internal_value=-4889.16 -2959.45 -22885.1 54.9433 2765.67 -31337 -943.408 31823 -11007 -2941.36 1529.54 -599.969 -2117.71 -29043.6 -463.82 12247.9 -4301.31 -19979.1 2785.93 -1745.65 9969.82 -16544.1 2649.55 20962.5 -9724.08 -1029.67 7857.29 -7266.43 3566.77 -14266.1
internal_weight=459 449 59 390 359 31 348 20 48 328 36 301 289 27 276 64 212 66 146 129 72 57 62 25 37 45 35 25 26 24
internal_count=459 449 59 390 359 31 348 20 48 328 36 301 289 27 276 64 212 66 146 129 72 57 62 25 37 45 35 25 26 24
is_linear=0
shrinkage=0.05


Tree=63
num_leaves=31
num_cat=0
split_feature=5 9 5 4 7 9 5 5 7 10 10 7 11 6 6 9 7 11 7 7 8 11 11 6 6 5 8 6 5 11
split_gain=2.77048e+13 1.02987e+13 1.45249e+13 1.57878e+13 7.37455e+12 6.31974e+12 1.08662e+13 8.26186e+12 4.73727e+12 4.35333e+12 1.19598e+13 1.84668e+13 8.66939e+12 7.04499e+12 6.6369e+12 7.06988e+12 6.62783e+12 6.113e+12 6.89394e+12 1.35296e+13 6.90756e+12 4.70324e+12 4.28717e+12 8.23912e+12 6.98032e+12 8.29749e+12 1.04351e+13 8.14461e+12 6.51128e+12 5.83177e+12
threshold=3207800.0000000005 14527964.285714289 16181750.000000002 1.0000000180025095e-35 3341800.0000000005 11827571.428571431 13798750.000000002 12440250.000000002 2572085.0000000005 6694463.92857143 6973041.7857142864 7995510.0000000009 7033363.8333333349 8022050.0000000009 4371750.0000000009 7158260.7142857155 5130500.0000000009 7550486.8750000009 7181000.0000000009 6609500.0000000009 9187935.0000000019 6280299.0000000009 8033114.166666667 6609500.0000000009 5838300.0000000009 8678000.0000000019 9523725.0000000019 12001950.000000002 6168000.0000000009 9080778.3333333358
decision_type=2 2 2 2 2 2 2 2 2 2 2 2 2 2 2 2 2 2 2 2 2 2 2 2 2 2 2 2 2 2
left_child=-1 2 3 4 8 6 7 9 -2 17 11 13 -12 -11 -14 -16 -17 18 19 20 21 -6 23 -18 -24 26 29 -27 -25 -26
right_child=1 -3 -4 -5 5 -7 -8 -9 -10 10 12 -13 14 -15 15 16 22 -19 -20 -21 -22 -23 24 28 25 27 -28 -29 -30 -31
leaf_value=-86956.870312500003 3944.7810096153839 47361.660820312507 -47938.796180555561 57039.445454545465 -36236.871391369052 -42650.653746448865 42612.250895182297 -40875.76868286133 49719.571562500001 -16699.716452508223 -41007.454077148439 73082.077013221147 33299.709303792319 33580.571972656253 -21802.085077293887 33276.61172746931 49847.241435546879 -45150.113311298075 -31378.225917119569 50888.647727272735 26159.490049743654 -253.68977050781251 -46481.228409090916 29324.537031249987 -26054.599686104906 -38742.135122282612 56265.93328125 12072.002962239583 -20996.086892361112 19582.840066964287
leaf_weight=9.9999999999999982 13.000000000000002 9.9999999999999982 18 10.999999999999998 21 10.999999999999998 11.999999999999998 15.999999999999998 9.9999999999999982 19.000000000000004 15.999999999999998 12.999999999999998 11.999999999999998 10.999999999999998 47 13.999999999999998 9.9999999999999982 12.999999999999998 23 10.999999999999998 9.9999999999999982 15.999999999999998 10.999999999999998 10.000000000000002 14.000000000000002 23 9.9999999999999982 11.999999999999998 18 13.999999999999998
leaf_count=10 13 10 18 11 21 11 12 16 10 19 16 13 12 11 47 14 10 13 23 11 10 16 11 10 14 23 10 12 18 14
internal_value=-4644.71 -2811.47 -3954.37 -2073.8 -3659.77 -5294.53 -4201.66 -5744.98 23846.9 -4129.77 -727.737 23306 -5625.61 1736.39 -2722.49 -5084.6 692.771 -13322.5 -8214.35 971.322 -10711.5 -20676.6 -3046.36 10889.2 -9350.52 -3755.48 12422.5 -21320.1 -3024.44 -3235.88
internal_weight=459 449 439 421 410 387 376 364 23 348 254 43 211 30 195 183 136 94 81 58 47 37 122 38 84 73 38 35 28 28
internal_count=459 449 439 421 410 387 376 364 23 348 254 43 211 30 195 183 136 94 81 58 47 37 122 38 84 73 38 35 28 28
is_linear=0
shrinkage=0.05


Tree=64
num_leaves=31
num_cat=0
split_feature=5 2 6 4 5 11 11 2 8 10 5 9 9 2 2 7 5 6 6 7 2 6 8 11 2 6 9 7 5 8
split_gain=2.50035e+13 9.49858e+12 2.19539e+13 1.91273e+13 8.11874e+12 9.41581e+12 1.98783e+13 1.7447e+13 7.71447e+12 6.46867e+12 6.63826e+12 7.30829e+12 6.90349e+12 6.00617e+12 5.92294e+12 4.67675e+12 1.25983e+13 8.88404e+12 1.26656e+13 8.76903e+12 8.34172e+12 8.21093e+12 1.02982e+13 5.76718e+12 4.32239e+12 1.36292e+13 5.88252e+12 5.5061e+12 9.20717e+12 4.61185e+12
threshold=3207800.0000000005 345.50000000000006 9435000.0000000019 1.0000000180025095e-35 16455800.000000002 8621354.1666666679 8227103.0000000009 233.50000000000003 12415000.000000002 8281153.2142857155 8806175.0000000019 10648842.85714286 9341762.1428571437 259.50000000000006 319.50000000000006 7017600.0000000009 9306250.0000000019 5408200.0000000009 5838300.0000000009 8886050.0000000019 185.50000000000003 4292800.0000000009 5142500.0000000009 6855970.666666667 171.50000000000003 9340085.0000000019 6594828.5714285718 5344000.0000000009 7503200.0000000009 7137200.0000000009
decision_type=2 2 2 2 2 2 2 2 2 2 2 2 2 2 2 2 2 2 2 2 2 2 2 2 2 2 2 2 2 2
left_child=-1 3 -3 4 5 6 8 -8 15 -7 11 12 -11 -12 -15 21 17 -17 -19 23 -21 22 -2 -20 26 29 -23 -28 -29 -26
right_child=1 2 -4 -5 -6 9 7 -9 -10 10 13 -13 -14 14 -16 16 -18 18 19 20 -22 24 -24 -25 25 -27 27 28 -30 -31
leaf_value=-82609.025468749998 58262.614218749979 -67559.644183349606 16991.327845982141 59008.227403846155 41885.675312500003 -55708.353515625 1187.3224888392854 80124.534542410722 -42771.028352864581 -3909.9000837053559 -4158.6997167968757 -32121.865830078128 50483.458203125003 -59949.427343749994 -13480.040478515626 -32157.57324693468 48763.373229166667 59339.890185546879 -51873.811132812487 40983.682674632357 -8548.6008329503675 2907.5643098958335 -7242.520136718751 -5369.0639941406253 -3677.5136363636361 46694.233948863635 -10853.214687500002 -17792.963245738629 -82485.127840909103 -30925.218619791671
leaf_weight=9.9999999999999982 10.000000000000002 17.000000000000004 13.999999999999998 12.999999999999998 9.9999999999999982 9.9999999999999982 14.000000000000002 13.999999999999998 11.999999999999998 14.000000000000002 20 9.9999999999999982 9.9999999999999982 16.000000000000004 11.999999999999998 18 14.999999999999998 9.9999999999999982 10.000000000000002 17 17 14.999999999999998 14.999999999999998 20 44 10.999999999999998 14.999999999999998 11.000000000000002 10.999999999999998 24
leaf_count=10 10 17 14 13 10 10 14 14 12 14 20 10 10 16 12 18 15 10 10 17 17 15 15 20 44 11 15 11 11 24
internal_value=-4412.47 -2670.9 -29375.3 -690.427 -2606.68 -3733.07 520.69 40655.9 -3565.81 -17742.7 -13112.8 3790.51 18754 -25085.9 -40034 -1776.98 6273.74 -653.918 7009.13 -1167.55 16217.5 -7298.94 18959.5 -20870.6 -12310.1 -4941.51 -23504.7 -34212.4 -50139 -13294.4
internal_weight=459 449 31 418 405 395 303 28 275 92 82 34 24 48 28 263 107 92 74 64 34 156 25 30 131 79 52 37 22 68
internal_count=459 449 31 418 405 395 303 28 275 92 82 34 24 48 28 263 107 92 74 64 34 156 25 30 131 79 52 37 22 68
is_linear=0
shrinkage=0.05


Tree=65
num_leaves=31
num_cat=0
split_feature=5 0 5 5 11 6 11 9 6 2 11 11 6 5 5 9 11 6 5 6 5 5 6 6 6 9 9 8 9 5
split_gain=2.06683e+13 1.55893e+13 4.62062e+13 2.67655e+13 1.73511e+13 1.72891e+13 8.71166e+12 3.53261e+13 8.20902e+12 7.07503e+12 6.433e+12 1.76265e+13 7.23475e+12 5.35547e+12 9.26948e+12 6.0437e+12 7.79049e+12 6.35809e+12 5.25459e+12 4.91424e+12 4.35732e+12 9.62634e+12 4.48482e+12 6.35446e+12 4.19734e+12 3.51016e+12 3.33089e+12 3.03844e+12 2.94763e+12 2.28842e+12
threshold=3207800.0000000005 4.5000000000000009 17430950.000000004 14341000.000000002 6674366.5000000009 7198000.0000000009 11124899.166666668 11426578.571428573 3341800.0000000005 319.50000000000006 7665548.0000000009 8191310.166666667 10678300.000000002 12832500.000000002 10615300.000000002 9166200.0000000019 7516777.1515151532 8841850.0000000019 5929500.0000000009 8066500.0000000009 5109300.0000000009 5408200.0000000009 6021300.0000000009 5100500.0000000009 9340085.0000000019 10869274.285714289 9825575.0000000019 5211500.0000000009 6656307.1428571437 7453500.0000000009
decision_type=2 2 2 2 2 2 2 2 2 2 2 2 2 2 2 2 2 2 2 2 2 2 2 2 2 2 2 2 2 2
left_child=-1 2 6 4 5 -3 8 -8 -2 13 18 -12 19 14 15 16 17 20 -6 -13 27 -22 23 29 -20 -14 -17 -10 -24 -23
right_child=1 3 -4 -5 10 -7 7 -9 9 -11 11 12 25 -15 -16 26 -18 -19 24 -21 21 22 28 -25 -26 -27 -28 -29 -30 -31
leaf_value=72764.511914062503 27122.372450086808 96503.970703124971 -111955.230625 89122.865660511365 16581.6925390625 3527.9273632812506 75570.438385416652 -39526.395963541669 33130.646093749987 -41136.076354166667 70397.904531249995 -567.17004150390608 -794.59825613839268 28354.397727272732 -50111.756250000006 37528.886896306809 -23848.255991908485 29260.8973046875 -39347.798012695312 -50136.537226562505 -57729.589208984376 -24399.586042480452 3578.9917968749987 41337.728867187507 -3651.982770647322 37991.398144531253 3274.2101074218754 -1243.997322591146 -29667.973691406252 8648.8699573863632
leaf_weight=9.9999999999999982 18 10.000000000000002 9.9999999999999982 10.999999999999998 9.9999999999999982 9.9999999999999982 15.000000000000002 11.999999999999998 10.000000000000002 14.999999999999998 9.9999999999999982 10.000000000000002 14.000000000000002 10.999999999999998 11.999999999999998 11.000000000000002 56 14.999999999999998 20 9.9999999999999982 9.9999999999999982 10.000000000000005 10.000000000000002 9.9999999999999982 13.999999999999998 9.9999999999999982 20 18 20 10.999999999999998
leaf_count=10 18 10 10 11 10 10 15 12 10 15 10 10 14 11 12 11 56 15 20 10 10 10 10 10 14 10 20 18 20 11
internal_value=1717.02 37.4062 -6320.79 14528.2 7574.44 50015.9 -2601.27 24416.3 -5439.69 -7892.06 -1087.09 10476.5 -3141.99 -5665.9 -7422.82 -4874.22 -8576.59 -1074.72 -15278.8 -25351.9 -5671.03 -12258.4 -4804.11 8532.87 -24649.5 15366.2 15429.1 11032.7 -18585.7 -7088.49
internal_weight=433 423 294 129 118 20 284 27 257 239 98 54 44 224 213 201 170 114 44 20 99 71 61 31 34 24 31 28 30 21
internal_count=433 423 294 129 118 20 284 27 257 239 98 54 44 224 213 201 170 114 44 20 99 71 61 31 34 24 31 28 30 21
is_linear=0
shrinkage=0.05


Tree=66
num_leaves=31
num_cat=0
split_feature=5 2 8 0 5 5 10 10 2 11 8 7 11 5 7 9 1 8 9 9 8 8 9 0 7 11 7 2 10 10
split_gain=1.86532e+13 1.40987e+13 2.09589e+13 4.1235e+13 2.10268e+13 1.31947e+13 1.31281e+13 1.91266e+13 9.9102e+12 2.5279e+13 9.53043e+12 8.83131e+12 7.45715e+12 6.58406e+12 7.00209e+12 8.32651e+12 7.35035e+12 6.02838e+12 1.04821e+13 6.42722e+12 5.57416e+12 1.31955e+13 4.46981e+12 5.10081e+12 4.37002e+12 4.01952e+12 3.77559e+12 3.29626e+12 4.132e+12 3.9734e+12
threshold=3207800.0000000005 358.50000000000006 12695000.000000002 2.5000000000000004 17430950.000000004 13497000.000000002 6992134.6428571437 6906351.42857143 211.50000000000003 6734466.666666667 8606400.0000000019 6905000.0000000009 11432317.833333334 11504000.000000002 12695000.000000002 6999008.5714285718 7.5000000000000009 9994100.0000000019 7339892.8571428582 9166200.0000000019 2478550.0000000005 4560000.0000000009 11278526.428571431 1.5000000000000002 8458500.0000000019 8833590.0000000019 7662375.0000000009 275.50000000000006 6194044.2857142864 6169757.5000000009
decision_type=2 2 2 2 2 2 2 2 2 2 2 2 2 2 2 2 2 2 2 2 2 2 2 2 2 2 2 2 2 2
left_child=-1 2 4 11 5 6 7 8 9 -2 -11 -4 13 14 15 26 -16 18 -17 -19 -20 -22 23 -23 -15 -25 -8 29 -29 -10
right_child=1 -3 3 -5 -6 -7 12 -9 27 10 -12 -13 -14 24 16 17 -18 19 20 -21 21 22 -24 25 -26 -27 -28 28 -30 -31
leaf_value=69126.289228515627 92566.720019531262 -58627.4375 -31522.241548295449 118720.54950284092 -62000.305580357148 49907.403365384613 -51063.81275177002 69154.259667968756 -37901.120885416669 -12290.919196428571 40967.283129882817 31835.720809659091 25648.977630208334 -13486.545996093744 -11557.061470170453 39323.045884486608 45027.894303385423 -59389.845039062486 -38838.187906901047 -5114.5560139973968 48714.660440340915 3982.9496195475258 21352.842763671877 -16374.956827799479 -59155.920241477274 -52560.455078125 -18098.294921875 23209.572963169638 -18871.971113281248 -4207.5261858258928
leaf_weight=9.9999999999999982 9.9999999999999982 9.9999999999999982 11.000000000000002 10.999999999999998 13.999999999999998 12.999999999999998 15.999999999999998 12.999999999999998 14.999999999999998 28 11.999999999999998 10.999999999999998 14.999999999999998 10.000000000000002 11.000000000000002 13.999999999999998 11.999999999999998 10.000000000000002 11.999999999999998 11.999999999999998 10.999999999999998 24 9.9999999999999982 33 10.999999999999998 9.9999999999999982 19 14.000000000000002 9.9999999999999982 21
leaf_count=10 10 10 11 11 14 13 16 13 15 28 12 11 15 10 11 14 12 10 12 12 11 24 10 33 11 10 19 14 10 21
internal_value=1631.17 35.536 1455.95 39678 -1863.34 436.984 -1384.87 11800.6 5022.44 21462.6 3686.54 156.74 -8436.23 -10814.3 -7935.5 -11419.3 17965.5 -5822.11 -1197.66 -29785.1 -6870.56 -2511.34 -9829.34 -14483.4 -37408.6 -24790.2 -33168.2 -8677.68 5675.6 -18246.5
internal_weight=433 423 413 33 380 366 353 123 110 50 40 22 230 215 194 171 23 136 114 22 100 88 77 67 21 43 35 60 24 36
internal_count=433 423 413 33 380 366 353 123 110 50 40 22 230 215 194 171 23 136 114 22 100 88 77 67 21 43 35 60 24 36
is_linear=0
shrinkage=0.05


Tree=67
num_leaves=31
num_cat=0
split_feature=5 0 5 5 8 1 6 0 8 6 5 9 11 7 5 6 0 10 7 9 11 11 10 5 5 10 6 7 11 8
split_gain=1.68345e+13 1.32662e+13 4.13365e+13 2.79593e+13 1.10344e+13 1.77784e+13 8.26094e+12 7.01375e+12 6.18285e+12 5.3606e+12 8.72543e+12 1.42257e+13 1.24425e+13 1.47876e+13 1.14537e+13 6.65564e+12 5.18195e+12 5.04857e+12 1.6649e+13 6.16808e+12 5.58772e+12 5.02462e+12 4.72719e+12 4.61962e+12 9.41552e+12 4.32832e+12 3.68476e+12 3.54997e+12 2.41576e+12 2.07295e+12
threshold=3207800.0000000005 5.5000000000000009 17430950.000000004 13798750.000000002 7370200.0000000009 5.5000000000000009 4292800.0000000009 2.5000000000000004 5640500.0000000009 5803250.0000000009 10001000.000000002 11426578.571428573 9080778.3333333358 9673050.0000000019 12203975.000000002 6021300.0000000009 1.0000000180025095e-35 7027211.0714285728 7995510.0000000009 8677650.0000000019 6832008.5000000009 7407550.3333333349 8293206.7857142864 5990000.0000000009 4697500.0000000009 8877895.3571428601 8806175.0000000019 8556500.0000000019 7407550.3333333349 9271250.0000000019
decision_type=2 2 2 2 2 2 2 2 2 2 2 2 2 2 2 2 2 2 2 2 2 2 2 2 2 2 2 2 2 2
left_child=-1 2 6 4 5 -3 7 28 -7 16 12 14 15 -14 26 -11 -8 18 20 27 -17 -22 -6 24 -18 -21 -12 -19 -2 -25
right_child=1 3 -4 -5 22 8 9 -9 -10 10 11 -13 13 -15 -16 17 23 19 -20 25 21 -23 -24 29 -26 -27 -28 -29 -30 -31
leaf_value=65669.976601562506 -13627.005533854164 -22871.996175130211 -99224.428409090906 97558.611289062508 -37634.855468749993 24964.358227539054 8926.6959505208342 43387.656754557298 79286.591619318177 34492.380236816411 -43933.554557291653 -69368.900852272738 66876.672509765631 -1102.2729064941407 35485.037630208331 -25442.823356827445 -8788.3957470703099 -11652.154431062587 54390.033523995538 26463.364306640622 22657.008285361837 -21129.842148437499 7375.5696679687508 -1491.724761284722 -77401.5078125 -16606.290390624999 -4750.4386718750002 -37428.734588068182 16471.359641927083 -29884.424560546875
leaf_weight=9.9999999999999982 12.000000000000002 11.999999999999998 10.999999999999998 9.9999999999999982 14.000000000000002 10.000000000000002 14.999999999999998 18 10.999999999999998 11.999999999999998 12.000000000000002 10.999999999999998 15.999999999999998 15.999999999999998 11.999999999999998 23 10.000000000000002 34 13.999999999999998 14.000000000000002 19.000000000000004 9.9999999999999982 9.9999999999999982 18.000000000000004 9.9999999999999982 9.9999999999999982 11.999999999999998 22 14.999999999999998 9.9999999999999982
leaf_count=10 12 12 11 10 14 10 15 18 11 12 12 11 16 16 12 23 10 34 14 14 19 10 10 18 10 10 12 22 15 10
internal_value=1549.61 33.7592 -3807.6 20444.6 6915.79 25676.7 -765.325 19211.6 53418.9 -3761.87 -315.896 -19605.2 4455.67 32887.2 -4399.65 -1302.61 -16725.3 -4244.66 5991.82 -12689.8 -7038.47 7558.09 -18880.5 -24741.5 -43095 8517.67 -24342 -21778.7 3094.31 -11632
internal_weight=433 423 356 67 57 33 345 45 21 300 237 47 190 32 36 158 63 146 66 80 52 29 24 48 20 24 24 56 27 28
internal_count=433 423 356 67 57 33 345 45 21 300 237 47 190 32 36 158 63 146 66 80 52 29 24 48 20 24 24 56 27 28
is_linear=0
shrinkage=0.05


Tree=68
num_leaves=31
num_cat=0
split_feature=5 2 7 0 5 11 2 10 10 5 8 0 8 6 5 8 11 2 9 10 8 8 9 2 8 5 11 5 5 6
split_gain=1.51931e+13 1.24444e+13 1.87774e+13 2.40247e+13 1.60127e+13 1.33813e+13 1.32346e+13 1.02883e+13 1.39815e+13 1.10202e+13 9.01589e+12 8.85559e+12 7.80597e+12 9.72606e+12 8.39983e+12 7.30022e+12 1.118e+13 2.66276e+13 7.25391e+12 1.09252e+13 9.35187e+12 7.69307e+12 7.02785e+12 5.40601e+12 6.86202e+12 5.27821e+12 5.18018e+12 3.88152e+12 4.3884e+12 3.97315e+12
threshold=3207800.0000000005 358.50000000000006 13601500.000000002 5.5000000000000009 17430950.000000004 11124899.166666668 340.50000000000006 7019355.4761904767 6889463.2142857155 7137200.0000000009 13279250.000000002 3.5000000000000004 8066500.0000000009 4202500.0000000009 9983000.0000000019 6369800.0000000009 6693446.3333333349 261.50000000000006 7752142.8571428582 8104560.7142857155 5130500.0000000009 6575025.0000000009 7479177.8571428573 233.50000000000003 9932500.0000000019 7503200.0000000009 7377650.6333333338 5838300.0000000009 7513800.0000000009 7287800.0000000009
decision_type=2 2 2 2 2 2 2 2 2 2 2 2 2 2 2 2 2 2 2 2 2 2 2 2 2 2 2 2 2 2
left_child=-1 2 4 11 5 7 -7 8 15 -10 12 -4 13 -9 22 16 17 -2 25 -20 -21 -22 -14 24 -24 26 -15 -17 -29 -30
right_child=1 -3 3 -5 -6 6 -8 10 9 -11 -12 -13 14 18 -16 27 -18 -19 19 20 21 -23 23 -25 -26 -27 -28 28 29 -31
leaf_value=62386.477500000008 96933.47855113633 -55081.820781249997 39375.220170454544 102578.02938964841 -56210.115625000006 2196.9112680288458 76715.132244318185 34683.95339006697 11544.493261718746 84067.954023437516 32995.613639322917 -25636.572421874997 -46556.309254807697 -35483.955052083336 -56063.428147977946 8793.8905675551487 -10491.309328125 82.163710937500014 36184.980977136955 18891.642925347223 -46634.650421463819 2212.1311427525111 6255.115181790864 23700.880895996095 -48836.855559082032 -47197.555541992188 2621.4133678089493 -41050.615000000005 12137.947705078122 -28691.640198863635
leaf_weight=9.9999999999999982 11.000000000000002 9.9999999999999982 11 10.000000000000002 12.999999999999998 13.000000000000002 10.999999999999998 13.999999999999998 11.000000000000002 9.9999999999999982 11.999999999999998 10 12.999999999999998 14.999999999999998 17 17 25 20 17 18 19 13.999999999999998 13.000000000000002 11.999999999999998 9.9999999999999982 15.999999999999998 22 14.999999999999998 13.000000000000002 10.999999999999998
leaf_count=10 11 10 11 10 13 13 11 14 11 10 12 10 13 15 17 17 25 20 17 18 19 14 13 12 10 16 22 15 13 11
internal_value=1472.13 32.0711 1366.55 38791.7 -1670.57 250.877 36351.1 -2260.44 8640.75 46079.5 -9099.4 8417.22 -11625.1 -4770.87 -25860.8 1620.99 14386.2 34448.8 -9335.9 1472.14 -10098.8 -25911.8 -15164 -3504.04 -17697.9 -23202.8 -12826.7 -11144.2 -19835.2 -6575.61
internal_weight=433 423 413 31 382 369 24 345 133 21 212 21 200 135 65 112 56 31 121 68 51 33 48 35 23 53 37 56 39 24
internal_count=433 423 413 31 382 369 24 345 133 21 212 21 200 135 65 112 56 31 121 68 51 33 48 35 23 53 37 56 39 24
is_linear=0
shrinkage=0.05


Tree=69
num_leaves=31
num_cat=0
split_feature=5 0 5 5 11 6 11 9 6 2 11 11 6 11 10 10 7 6 5 9 6 10 7 7 7 0 7 11 10 9
split_gain=1.37118e+13 1.20521e+13 3.34855e+13 2.17332e+13 1.38614e+13 1.39758e+13 6.60485e+12 2.86705e+13 6.39424e+12 6.22996e+12 5.40659e+12 1.52127e+13 5.91895e+12 5.19109e+12 1.06357e+13 4.77883e+12 4.67883e+12 4.26177e+12 4.16137e+12 3.36007e+12 2.77529e+12 3.24176e+12 3.2741e+12 5.03883e+12 4.15914e+12 6.85251e+12 5.63124e+12 3.88218e+12 5.668e+12 3.71391e+12
threshold=3207800.0000000005 4.5000000000000009 17430950.000000004 14341000.000000002 6674366.5000000009 7198000.0000000009 11124899.166666668 11426578.571428573 3341800.0000000005 319.50000000000006 7665548.0000000009 8191310.166666667 10678300.000000002 9243590.0000000019 9451903.5714285728 9976959.6428571437 6457500.0000000009 8066500.0000000009 6196000.0000000009 10869274.285714289 3960000.0000000005 6004377.5000000009 5803250.0000000009 6145050.0000000009 4202500.0000000009 1.5000000000000002 4905425.0000000009 6718313.0000000009 6992134.6428571437 8852812.1428571437
decision_type=2 2 2 2 2 2 2 2 2 2 2 2 2 2 2 2 2 2 2 2 2 2 2 2 2 2 2 2 2 2
left_child=-1 2 6 4 5 -3 8 -8 -2 13 16 -12 17 14 20 -15 -6 -13 -18 -14 -10 -22 24 -24 -23 -26 -27 -25 -29 -30
right_child=1 3 -4 -5 10 -7 7 -9 9 -11 11 12 19 15 -16 -17 18 -19 -20 -21 21 22 23 27 25 26 -28 28 29 -31
leaf_value=59267.145781250001 23873.129066297744 86236.610668945286 -95485.727500000008 79988.971555397729 13994.133806818183 2642.8755859375001 67215.313020833317 -36473.902213541667 -30204.927858664771 -38225.01666666667 65032.573781738283 -294.90093749999988 -2357.5333984374993 -3589.9308203124988 36633.708270263676 -51347.712500000001 1450.0580921519886 -46456.426718750008 -36214.902112926138 35590.191948242187 23330.356562500001 1221.367982700893 29109.831550480769 -33594.573203125001 -498.42259457236844 -67174.912926136341 -20075.369960937503 24831.722722311581 -16278.027373798079 13743.127050781251
leaf_weight=9.9999999999999982 18 10.000000000000002 9.9999999999999982 10.999999999999998 10.999999999999998 9.9999999999999982 15.000000000000002 11.999999999999998 10.999999999999998 14.999999999999998 9.9999999999999982 10.000000000000002 14.000000000000002 10.000000000000002 15.999999999999998 10.999999999999998 10.999999999999998 9.9999999999999982 22 9.9999999999999982 9.9999999999999982 28 12.999999999999998 9.9999999999999982 19 11.000000000000002 14.999999999999998 17 39 13.999999999999998
leaf_count=10 18 10 10 11 11 10 15 12 11 15 10 10 14 10 16 11 11 10 22 10 10 28 13 10 19 11 15 17 39 14
internal_value=1398.52 30.4674 -5560.04 12771.6 6505.61 44439.7 -2393.65 21131.2 -4865.13 -7029.52 -1236.05 9364.98 -3286.75 -4940.53 -2492.39 -28605.9 -14246.4 -23375.7 -23659.9 13454 -5840.08 -4317.28 -5982.8 238.517 -13908.6 -23322.8 -40002.1 -4453.07 -290 -8347.91
internal_weight=433 423 294 129 118 20 284 27 257 239 98 54 44 224 203 21 44 20 33 24 187 176 166 93 73 45 26 80 70 53
internal_count=433 423 294 129 118 20 284 27 257 239 98 54 44 224 203 21 44 20 33 24 187 176 166 93 73 45 26 80 70 53
is_linear=0
shrinkage=0.05


Tree=70
num_leaves=31
num_cat=0
split_feature=0 4 1 7 11 6 11 10 5 11 10 10 8 7 5 11 7 7 8 11 7 7 5 11 5 5 7 2 5 5
split_gain=1.84162e+13 3.86637e+13 2.97937e+13 1.76049e+13 3.28394e+13 1.5521e+13 2.26881e+13 4.65872e+13 9.31544e+12 9.30361e+12 1.25947e+13 1.09432e+13 7.77133e+12 6.86789e+12 9.10222e+12 6.34315e+12 1.52905e+13 1.18233e+13 7.70798e+12 6.33214e+12 5.98721e+12 1.14575e+13 7.19068e+12 5.69908e+12 5.55819e+12 4.90421e+12 5.05933e+12 3.46302e+12 3.0883e+12 4.44343e+12
threshold=2.5000000000000004 1.0000000180025095e-35 1.5000000000000002 12001950.000000002 9690329.1666666698 12628500.000000002 8058263.0000000009 7690664.2857142864 7415750.0000000009 8697258.333333334 9342578.928571431 9901201.7857142873 6905000.0000000009 5368200.0000000009 5211500.0000000009 7361479.8333333349 9075200.0000000019 7039250.0000000009 6168000.0000000009 7005973.666666667 4832500.0000000009 5211500.0000000009 6120285.0000000009 7291353.0000000009 10384350.000000002 8806175.0000000019 7397150.0000000009 207.50000000000003 8210075.0000000009 4697500.0000000009
decision_type=2 2 2 2 2 2 2 2 2 2 2 2 2 2 2 2 2 2 2 2 2 2 2 2 2 2 2 2 2 2
left_child=2 5 -1 4 20 6 13 -8 -7 -9 -11 -12 -13 14 -2 16 17 18 -15 -19 22 -22 -4 -16 28 26 -17 -24 29 -23
right_child=1 -3 3 -5 -6 8 7 9 -10 10 11 12 -14 15 23 25 -18 19 -20 -21 21 24 27 -25 -26 -27 -28 -29 -30 -31
leaf_value=-87967.248624674481 -56310.961718750004 100434.34630681819 41741.750568181822 -58514.355937499997 68614.464166666672 321.5334903492647 133219.39819824218 50270.905807291667 -51289.802712673612 -44619.316210937504 60153.359321732962 -33479.095390624992 26202.215234375002 53567.630859374993 25462.006186523431 27433.746445312492 60052.475892857154 -38649.963346354161 1734.468017578125 7145.0601562500005 -66169.992304687505 -33178.075781250001 11328.437622070312 -27919.070351562499 18023.717161458331 -42036.413906250003 -16123.666181640625 -21568.277600097659 -34051.280997242648 -2977.0734968596817
leaf_weight=11.999999999999998 11.999999999999998 10.999999999999998 10.999999999999998 14.999999999999998 14.999999999999998 17 9.9999999999999982 14.999999999999998 18 9.9999999999999982 10.999999999999998 10.000000000000002 11.999999999999998 13.000000000000002 10.000000000000002 10.000000000000002 13.999999999999998 18.000000000000004 15.999999999999998 12.999999999999998 9.9999999999999982 15.999999999999998 15.999999999999998 9.9999999999999982 14.999999999999998 9.9999999999999982 20 15.999999999999998 17 51
leaf_count=12 12 11 11 15 15 17 10 15 18 10 11 10 12 13 10 10 14 18 16 13 10 16 16 10 15 10 20 16 17 51
internal_value=-0.0339545 8698.71 -11658.1 -6626.77 -1966.21 4646.13 9694.56 33549.8 -26221.4 16365.4 4537.89 19434 -925.653 -1416.1 -21884.4 4329.4 13000.7 2021.95 24970 -19445.6 -8931.41 -15164.2 6867.95 -1228.53 -10012.1 -11712.5 -1604.53 -5119.92 -15018.5 -10189.3
internal_weight=454 260 194 182 167 249 214 68 35 58 43 33 22 146 32 114 74 60 29 31 152 109 43 20 99 40 30 32 84 67
internal_count=454 260 194 182 167 249 214 68 35 58 43 33 22 146 32 114 74 60 29 31 152 109 43 20 99 40 30 32 84 67
is_linear=0
shrinkage=0.05


Tree=71
num_leaves=31
num_cat=0
split_feature=0 4 4 5 6 6 6 5 5 7 10 7 5 10 10 2 2 8 8 2 5 2 5 5 2 7 5 8 7 5
split_gain=1.66206e+13 3.48939e+13 2.87963e+13 1.52989e+13 1.23643e+13 1.02769e+13 1.3217e+13 1.49777e+13 8.74378e+12 8.5137e+12 1.59664e+13 4.83289e+12 6.60843e+12 4.75815e+12 1.3688e+13 5.16679e+12 1.15912e+13 6.48584e+12 1.42879e+13 8.99899e+12 4.17442e+12 5.06103e+12 5.16687e+12 7.94737e+12 4.72565e+12 4.90239e+12 4.54119e+12 3.98788e+12 3.97861e+12 3.7472e+12
threshold=2.5000000000000004 1.0000000180025095e-35 1.0000000180025095e-35 3341800.0000000005 4371750.0000000009 5803250.0000000009 12628500.000000002 10784000.000000002 7415750.0000000009 12001950.000000002 10302256.071428573 4832500.0000000009 6120285.0000000009 10425942.85714286 9331893.2142857164 293.50000000000006 255.50000000000003 5072500.0000000009 6145050.0000000009 141.50000000000003 6021300.0000000009 81.500000000000014 10437500.000000002 6609500.0000000009 132.50000000000003 6609500.0000000009 5538185.0000000009 7651000.0000000009 7995510.0000000009 6303000.0000000009
decision_type=2 2 2 2 2 2 2 2 2 2 2 2 2 2 2 2 2 2 2 2 2 2 2 2 2 2 2 2 2 2
left_child=2 3 9 -2 -5 29 7 13 -8 10 11 12 -1 14 15 16 17 -7 19 -19 26 -22 23 -23 -25 -26 27 -13 -9 -6
right_child=1 -3 -4 4 5 6 8 28 -10 -11 -12 20 -14 -15 -16 -17 -18 18 -20 -21 21 22 -24 24 25 -27 -28 -29 -30 -31
leaf_value=39654.662500000006 62062.911931818177 95412.629261363647 -93706.905937500007 42839.575476792284 -8799.6464298023911 -18936.871014840264 2074.5731689453128 27687.60984374999 -48725.312928602434 -41435.364453125003 47857.612834821426 -31557.815581597213 -5095.2585715553978 -29613.544843750002 52764.657603236607 32648.451846590913 -39695.902615017367 15136.945561079541 -5551.078125 80672.96730468751 -39083.657109375003 31660.52931640625 28682.115332031251 11068.16005859375 -4815.4733723958325 -47092.284646785265 -55579.966093750001 5653.4962239583338 72289.241523437508 -41112.340254934214
leaf_weight=10.999999999999998 10.999999999999998 10.999999999999998 9.9999999999999982 17 17 21 15.999999999999998 10.000000000000002 18 15.999999999999998 13.999999999999998 18.000000000000004 33 9.9999999999999982 13.999999999999998 10.999999999999998 18 11.000000000000002 36 9.9999999999999982 9.9999999999999982 9.9999999999999982 11.999999999999998 9.9999999999999982 12.000000000000002 15.999999999999998 9.9999999999999982 11.999999999999998 9.9999999999999982 19
leaf_count=11 11 11 10 17 17 21 16 10 18 16 14 18 33 10 14 11 18 11 36 10 10 10 12 10 12 16 10 12 10 19
internal_value=-0.0323476 8263.77 -11075.2 4413.82 1749.37 -1411.42 3344.89 9686.54 -24819.5 -6584.38 -3265.24 -7912.77 6092.22 3533.58 6273.02 189.997 -3529.2 4816.96 13568.4 46344.6 -13514.8 -6151.81 -663.166 -7999.49 -18436.3 -28973.7 -26400 -16673.3 49988.4 -25853.6
internal_weight=454 260 194 249 238 221 185 151 34 184 168 154 44 131 121 107 96 78 57 21 110 70 60 48 38 28 40 30 20 36
internal_count=454 260 194 249 238 221 185 151 34 184 168 154 44 131 121 107 96 78 57 21 110 70 60 48 38 28 40 30 20 36
is_linear=0
shrinkage=0.05


Tree=72
num_leaves=31
num_cat=0
split_feature=0 4 4 5 6 6 6 5 5 2 2 9 10 11 10 10 2 2 6 6 5 10 6 5 10 11 6 2 0 6
split_gain=1.50001e+13 3.14918e+13 2.59887e+13 1.38073e+13 1.11588e+13 9.2749e+12 1.19284e+13 1.35174e+13 7.89126e+12 5.49262e+12 7.84218e+12 7.08588e+12 9.57956e+12 5.38921e+12 4.29423e+12 1.23534e+13 4.66303e+12 1.06018e+13 5.30839e+12 5.93783e+12 5.92325e+12 4.81173e+12 4.23594e+12 3.6365e+12 5.7982e+12 4.40109e+12 3.38675e+12 3.32417e+12 3.00918e+12 2.38458e+12
threshold=2.5000000000000004 1.0000000180025095e-35 1.0000000180025095e-35 3341800.0000000005 4371750.0000000009 5803250.0000000009 12628500.000000002 10784000.000000002 7415750.0000000009 344.50000000000006 334.50000000000006 8816657.1428571437 9378488.928571431 9472830.0000000019 10425942.85714286 9331893.2142857164 293.50000000000006 235.50000000000003 6243000.0000000009 9157335.0000000019 7513800.0000000009 6239529.2857142864 7995510.0000000009 6847850.0000000009 6906351.42857143 6718313.0000000009 5072500.0000000009 147.50000000000003 1.0000000180025095e-35 6145050.0000000009
decision_type=2 2 2 2 2 2 2 2 2 2 2 2 2 2 2 2 2 2 2 2 2 2 2 2 2 2 2 2 2 2
left_child=2 3 9 -2 -5 26 7 14 -8 10 11 23 -13 -14 15 16 17 18 -7 22 -21 -19 -20 27 25 -25 -6 -1 -26 -30
right_child=1 -3 -4 4 5 6 8 -9 -10 -11 -12 12 13 -15 -16 -17 -18 21 19 20 -22 -23 -24 24 28 -27 -28 -29 29 -31
leaf_value=-19806.112313988095 58959.770632102271 90641.999147727271 -89021.560312500005 40697.59761029412 -7414.7922821044922 40045.464453125001 1970.8426147460939 47489.004257812507 -46289.047819010419 22741.541718749999 -51776.888222656249 50046.584505208331 -30237.045352450277 19256.785937500001 -28132.866953125005 50126.423702566972 31016.030397727271 -11538.354402043267 741.77176219019395 50421.644218749985 -3999.1707031250003 -56470.624600497162 -33606.028988882215 -21982.603774414056 -45213.780782470705 24927.345312500001 -38277.76837890625 4372.5464843750005 -521.00703124999984 -35050.588242187507
leaf_weight=21 10.999999999999998 10.999999999999998 9.9999999999999982 17 15.999999999999998 9.9999999999999982 15.999999999999998 20 18 14.999999999999998 9.9999999999999982 11.999999999999998 11.000000000000002 10.999999999999998 9.9999999999999982 13.999999999999998 10.999999999999998 13.000000000000002 29 10.000000000000002 9.9999999999999982 10.999999999999998 12.999999999999998 10.000000000000002 20 9.9999999999999982 20 44 10.000000000000002 9.9999999999999982
leaf_count=21 11 11 10 17 16 10 16 20 18 15 10 12 11 11 10 14 11 13 29 10 10 11 13 10 20 10 20 44 10 10
internal_value=-0.0305583 7850.58 -10521.5 4193.13 1661.9 -1340.85 3177.65 9202.22 -23578.5 -6255.16 -8828.84 -6127.7 14111.1 -5490.13 3356.9 5959.37 180.498 -3352.74 6240.45 788.028 23211.2 -32132.3 -9889.69 -11632.6 -20509.1 1472.37 -24560.9 -3439.02 -31499.8 -17785.8
internal_weight=454 260 194 249 238 221 185 151 34 184 169 159 34 22 131 121 107 96 72 62 20 24 42 125 60 20 36 65 40 20
internal_count=454 260 194 249 238 221 185 151 34 184 169 159 34 22 131 121 107 96 72 62 20 24 42 125 60 20 36 65 40 20
is_linear=0
shrinkage=0.05


Tree=73
num_leaves=31
num_cat=0
split_feature=5 5 0 5 6 1 10 9 10 6 2 7 0 5 7 9 9 9 5 6 1 6 5 5 9 9 5 9 6 2
split_gain=1.39382e+13 2.44834e+13 1.06991e+13 1.82591e+13 1.6385e+13 2.6409e+13 1.4893e+13 1.55729e+13 1.47962e+13 1.30676e+13 9.75677e+12 8.47462e+12 8.34713e+12 8.94213e+12 8.12403e+12 6.30885e+12 1.90529e+13 8.81874e+12 6.39424e+12 5.84156e+12 5.35268e+12 5.18303e+12 4.37528e+12 6.8732e+12 6.29097e+12 6.57775e+12 4.56171e+12 5.51732e+12 3.52201e+12 3.42067e+12
threshold=18678800.000000004 15311000.000000002 2.5000000000000004 3564800.0000000005 11657300.000000002 1.5000000000000002 9331893.2142857164 9723144.2857142892 11577390.000000002 4371750.0000000009 197.50000000000003 5408200.0000000009 3.5000000000000004 7383700.0000000009 12203975.000000002 6138921.42857143 5794608.5714285728 7618515.7142857155 6303000.0000000009 6243000.0000000009 8.5000000000000018 8238500.0000000009 5109300.0000000009 6021300.0000000009 8972485.7142857164 10420605.000000002 9130800.0000000019 7479177.8571428573 8238500.0000000009 259.50000000000006
decision_type=2 2 2 2 2 2 2 2 2 2 2 2 2 2 2 2 2 2 2 2 2 2 2 2 2 2 2 2 2 2
left_child=1 2 3 -1 5 -4 9 -8 14 10 -7 -11 -6 -14 22 16 -13 18 -17 -20 -15 -21 -5 29 26 -26 -25 -28 -19 -24
right_child=-2 -3 4 8 12 6 7 -9 -10 11 -12 15 13 20 -16 17 -18 28 19 21 -22 -23 23 24 25 -27 27 -29 -30 -31
leaf_value=-74489.876250000001 53169.928125000006 -78789.288671875009 85195.192057291672 16958.016611842104 -57799.601136363635 5810.6844921874981 92413.477050781221 14592.42763671875 54033.854687500003 -29519.618115234378 75656.135078125008 -15252.167643229164 27122.191015625001 -53623.670468749981 -48219.168164062503 5783.0284729003906 78195.991425781263 4101.3616122159083 -57269.976328125005 5231.9538200827192 -4966.3933293269238 -35850.292187500003 -48711.012220982135 -3024.5277430380547 41498.175383649548 -10169.414346590909 -5551.5962357954531 -56866.957968750008 43270.318684895836 -11451.675426136364
leaf_weight=9.9999999999999982 11.999999999999998 9.9999999999999982 11.999999999999998 19 10.999999999999998 10.000000000000002 10.000000000000002 18 9.9999999999999982 24 9.9999999999999982 12.000000000000002 11.999999999999998 10.000000000000002 11.999999999999998 32 9.9999999999999982 11.000000000000002 9.9999999999999982 17.000000000000004 12.999999999999998 13.999999999999998 14.000000000000002 62 14.000000000000002 10.999999999999998 11.000000000000002 9.9999999999999982 11.999999999999998 10.999999999999998
leaf_count=10 12 10 12 19 11 10 10 18 10 24 10 12 12 10 12 32 10 11 10 17 13 14 14 62 14 11 11 10 12 11
internal_value=-0.0292 -1443.56 346.853 -8788.36 7124.59 13257.6 8714.13 42385.7 -5012.41 2894.36 40733.4 -2435.08 -19807.2 -7866.67 -8612.79 3073.64 27224.3 -2460.88 -10967.2 -24040.5 -26121.7 -13321.3 -5485.97 -8692.25 -3223.58 18764.4 -9846.48 -29987.5 24537.3 -32316.9
internal_weight=454 442 432 184 248 202 190 28 174 162 20 142 46 35 164 118 22 96 73 41 23 31 152 133 108 25 83 21 23 25
internal_count=454 442 432 184 248 202 190 28 174 162 20 142 46 35 164 118 22 96 73 41 23 31 152 133 108 25 83 21 23 25
is_linear=0
shrinkage=0.05


Tree=74
num_leaves=31
num_cat=0
split_feature=5 5 0 5 6 11 10 7 10 10 9 2 8 7 5 5 7 7 7 5 8 8 5 5 9 9 5 9 10 11
split_gain=1.25792e+13 2.20962e+13 9.65593e+12 1.64788e+13 1.47875e+13 2.44872e+13 5.29606e+13 1.48244e+13 1.33536e+13 1.24669e+13 2.21025e+13 8.04745e+12 7.7143e+12 7.33194e+12 5.84867e+12 1.00417e+13 5.89797e+12 1.00891e+13 9.45692e+12 5.60483e+12 5.01084e+12 4.34128e+12 3.94869e+12 6.20306e+12 5.6776e+12 5.93642e+12 4.11695e+12 4.97938e+12 3.28348e+12 3.54085e+12
threshold=18678800.000000004 15311000.000000002 2.5000000000000004 3564800.0000000005 11657300.000000002 7940908.0000000009 7840821.42857143 10373750.000000002 11577390.000000002 9331893.2142857164 9498485.7142857164 339.50000000000006 7181000.0000000009 12203975.000000002 10142500.000000002 8280800.0000000009 5368200.0000000009 7039250.0000000009 9012660.0000000019 5211500.0000000009 6168000.0000000009 8066500.0000000009 5109300.0000000009 6021300.0000000009 8972485.7142857164 10420605.000000002 9130800.0000000019 7479177.8571428573 6412532.8571428573 7178133.1666666679
decision_type=2 2 2 2 2 2 2 2 2 2 2 2 2 2 2 2 2 2 2 2 2 2 2 2 2 2 2 2 2 2
left_child=1 2 3 -1 5 7 -7 14 13 -8 -11 12 -6 22 15 16 19 20 -19 -4 -18 -12 -5 -24 26 -26 28 -28 -25 -30
right_child=-2 -3 4 8 11 6 9 -9 -10 10 21 -13 -14 -15 -16 -17 17 18 -20 -21 -22 -23 23 24 25 -27 27 -29 29 -31
leaf_value=-70765.381054687503 50511.43072916667 -74849.825859374992 -52692.657682291654 16110.116036184212 -50540.997949218756 138521.45387073865 -17483.216199448532 46614.220672607422 51332.162031250002 97136.256562500013 29696.310947487564 20863.178437499999 -3961.5319091796878 -45808.208203125003 -41167.835507812502 36857.916744791662 44045.716287667397 -31383.024339192711 17240.317591145835 -5305.6954777644241 3651.6589068244489 -14725.618732244318 -30701.0584375 -29112.052802734375 39423.265311104908 -9660.9434659090912 -5274.0164062499989 -54023.6103515625 28911.699414062503 -4193.8369373139885
leaf_weight=9.9999999999999982 11.999999999999998 9.9999999999999982 12.000000000000002 19 20 10.999999999999998 17 15.999999999999998 9.9999999999999982 9.9999999999999982 11.000000000000002 9.9999999999999982 15.999999999999998 11.999999999999998 9.9999999999999982 14.999999999999998 14.000000000000002 30 14.999999999999998 12.999999999999998 17 10.999999999999998 25 9.9999999999999982 14.000000000000002 10.999999999999998 11.000000000000002 9.9999999999999982 9.9999999999999982 42
leaf_count=10 12 10 12 19 20 11 17 16 10 10 11 10 16 12 10 15 14 30 15 13 17 11 25 10 14 11 11 10 10 42
internal_value=-0.0277514 -1371.38 329.51 -8348.94 6768.36 12594.7 39376 1278.62 -4761.79 17118.9 35501.3 -18816.8 -29839 -8182.15 -4478.28 -1315.39 -6984.69 -54.8386 -15175.2 -28051.4 21894.1 7485.35 -5211.67 -8257.64 -3062.4 17826.2 -9354.16 -28488.1 -2873.3 2172.61
internal_weight=454 442 432 184 248 202 60 142 174 49 32 46 36 164 126 116 101 76 45 25 31 22 152 133 108 25 83 21 62 52
internal_count=454 442 432 184 248 202 60 142 174 49 32 46 36 164 126 116 101 76 45 25 31 22 152 133 108 25 83 21 62 52
is_linear=0
shrinkage=0.05


Tree=75
num_leaves=31
num_cat=0
split_feature=9 2 0 2 9 4 8 8 11 5 5 8 9 10 9 7 7 7 11 10 7 7 10 9 5 11 7 9 5 5
split_gain=1.14931e+13 2.81483e+13 1.71144e+13 1.63194e+13 6.8207e+13 2.86811e+13 1.34254e+13 2.03504e+13 1.77762e+13 1.03383e+13 9.25648e+12 7.84196e+12 6.95761e+12 5.53208e+12 5.33583e+12 6.70631e+12 4.12301e+12 3.15807e+12 9.4202e+12 1.73335e+13 5.67714e+12 5.06398e+12 7.03032e+12 6.38718e+12 4.37304e+12 4.16669e+12 3.869e+12 3.66704e+12 3.44553e+12 3.37469e+12
threshold=9498485.7142857164 33.500000000000007 5.5000000000000009 39.500000000000007 7685035.7142857155 1.0000000180025095e-35 8995750.0000000019 7513800.0000000009 11432317.833333334 3280000.0000000005 8066500.0000000009 11568950.000000002 11063742.142857144 9451903.5714285728 8852812.1428571437 3432750.0000000005 1.0000000180025095e-35 8886050.0000000019 7142707.3333333349 6718863.2142857155 6369800.0000000009 6108500.0000000009 7489605.3571428582 6840778.5714285728 6847850.0000000009 9208617.5000000019 4832500.0000000009 6854957.1428571437 7503200.0000000009 7513800.0000000009
decision_type=2 2 2 2 2 2 2 2 2 2 2 2 2 2 2 2 2 2 2 2 2 2 2 2 2 2 2 2 2 2
left_child=3 -2 6 4 -1 9 7 12 11 -5 -6 -8 13 -3 15 16 -11 20 19 -19 21 22 23 26 -22 27 -17 -20 -24 -26
right_child=1 2 -4 5 10 -7 8 -9 -10 14 -12 -13 -14 -15 -16 17 -18 18 25 -21 24 -23 28 -25 29 -27 -28 -29 -30 -31
leaf_value=143770.03749999995 -96814.141855468755 -25612.20339843749 44676.733954326926 -49788.828450520836 -50175.596572265611 74486.006510416672 -40435.114034598206 60000.122833806825 -93037.422727272729 -414.10951704545442 17855.5673828125 17537.655703125001 -45273.565959821426 26980.937968750004 23183.009960937503 11594.052471127718 41965.210677083334 -12717.803018465906 -2899.9082961309523 78237.242480468747 -7570.024743009868 29826.135156250002 34.445667613636353 -35251.377148437503 -56295.185781250002 12890.455664062501 -16821.494109375002 -33215.884256784542 40586.34283691406 -23139.037813683713
leaf_weight=10.000000000000002 9.9999999999999982 10.000000000000002 12.999999999999998 11.999999999999998 10.000000000000002 11.999999999999998 14.000000000000002 10.999999999999998 10.999999999999998 11.000000000000002 9.9999999999999982 9.9999999999999982 13.999999999999998 9.9999999999999982 19 23 11.999999999999998 11.000000000000002 21 9.9999999999999982 38 10.999999999999998 11.000000000000002 23 9.9999999999999982 15.999999999999998 25 19 9.9999999999999982 33
leaf_count=10 10 10 13 12 10 12 14 11 11 11 10 10 14 10 19 23 12 11 21 10 38 11 11 23 10 16 25 19 10 33
internal_value=-2389.23 -17103 -8531.94 1855.93 37150 -1382.06 -17178.3 885.751 -40403.6 -4272.27 -16160 -16279.8 -18239.5 684.367 -2469.63 -4185.83 21696.8 -6466.68 2035.38 30594.1 -10024.6 -2236.17 -6069.71 -13586.7 -19928.4 -8674.15 -3205.71 -17300 19344.9 -30849.8
internal_weight=460 103 93 357 30 327 80 45 35 315 20 24 34 20 303 284 23 261 77 21 184 103 92 71 81 56 48 40 21 43
internal_count=460 103 93 357 30 327 80 45 35 315 20 24 34 20 303 284 23 261 77 21 184 103 92 71 81 56 48 40 21 43
is_linear=0
shrinkage=0.05


Tree=76
num_leaves=31
num_cat=0
split_feature=9 2 0 2 9 4 11 0 11 5 5 6 2 2 2 8 2 9 6 11 6 6 10 5 5 6 0 2 0 8
split_gain=1.03725e+13 2.54038e+13 1.54457e+13 1.47283e+13 6.15568e+13 2.58847e+13 1.27165e+13 1.39597e+13 2.39801e+13 9.34303e+12 8.35397e+12 8.22362e+12 4.92449e+12 9.06859e+12 6.08375e+12 6.06654e+12 6.91837e+12 5.48957e+12 5.14479e+12 4.64837e+12 4.5713e+12 3.45507e+12 3.24363e+12 4.47272e+12 6.82638e+12 4.79137e+12 6.13348e+12 3.89052e+12 3.09219e+12 4.59052e+12
threshold=9498485.7142857164 33.500000000000007 5.5000000000000009 39.500000000000007 7685035.7142857155 1.0000000180025095e-35 11830390.333333334 2.5000000000000004 9930848.333333334 3341800.0000000005 8066500.0000000009 10384350.000000002 168.50000000000003 138.50000000000003 185.50000000000003 5368200.0000000009 102.50000000000001 8852812.1428571437 6847850.0000000009 8892930.0000000019 4062500.0000000005 5767650.0000000009 9451903.5714285728 6975000.0000000009 7503200.0000000009 9712300.0000000019 1.5000000000000002 277.50000000000006 1.5000000000000002 4202500.0000000009
decision_type=2 2 2 2 2 2 2 2 2 2 2 2 2 2 2 2 2 2 2 2 2 2 2 2 2 2 2 2 2 2
left_child=3 -2 6 4 -1 9 7 8 19 -5 -6 -9 13 15 -14 -11 18 20 21 -3 -16 -17 23 28 -25 26 -26 -28 -22 -30
right_child=1 2 -4 5 10 -7 -8 11 -10 12 -12 -13 14 -15 17 16 -18 -19 -20 -21 22 -23 -24 24 25 -27 27 -29 29 -31
leaf_value=136581.53656249997 -91973.435380859373 -36047.972070312491 42442.899098557697 -42568.654218750002 -47666.819521484358 70761.706510416669 -69061.579062500008 -63759.735535606975 66786.221634615387 -33038.960644531253 16962.7895703125 -12150.418943063836 32689.656458333335 -42663.801356907898 21274.303732638888 -13288.858789062499 31512.676965332033 29833.306138392858 -31799.566741071427 7386.049893465909 14597.396209490742 23916.569621394232 18709.620432692307 -44045.003239889709 -28305.121693638393 -39099.326015624996 -654.73028273809518 37237.054394531253 16185.767681884767 -15867.934311655406
leaf_weight=10.000000000000002 9.9999999999999982 14.000000000000002 12.999999999999998 14.999999999999998 10.000000000000002 11.999999999999998 9.9999999999999982 12.999999999999998 12.999999999999998 13.999999999999998 9.9999999999999982 19 14.999999999999998 19 18 12.000000000000002 15.999999999999998 13.999999999999998 13.999999999999998 10.999999999999998 27 12.999999999999998 12.999999999999998 17 13.999999999999998 9.9999999999999982 21.000000000000004 9.9999999999999982 15.999999999999998 37
leaf_count=10 10 14 13 15 10 12 10 13 13 14 10 19 15 19 18 12 16 14 14 11 27 13 13 17 14 10 21 10 16 37
internal_value=-2269.76 -16247.9 -8105.34 1763.14 35292.5 -1312.95 -16319.4 -8784.84 11705.2 -4058.65 -15352 -33116.7 -2133.15 -12076.1 1994.12 -3653.44 3826.51 -343.104 -7531.92 -16937 -2651.68 6057.96 -5261.79 -7311.98 -16352.9 -7793.52 -836.678 11568.4 824.855 -6191.35
internal_weight=460 103 93 357 30 327 80 70 38 315 20 32 300 88 212 69 55 197 39 25 183 25 165 152 72 55 45 31 80 53
internal_count=460 103 93 357 30 327 80 70 38 315 20 32 300 88 212 69 55 197 39 25 183 25 165 152 72 55 45 31 80 53
is_linear=0
shrinkage=0.05


Tree=77
num_leaves=31
num_cat=0
split_feature=9 2 0 2 10 4 8 8 11 5 8 9 10 7 9 10 10 6 10 5 11 2 11 11 6 2 2 9 9 9
split_gain=9.36119e+12 2.2927e+13 1.39398e+13 1.34616e+13 4.76669e+13 2.3254e+13 1.2012e+13 1.77515e+13 1.59637e+13 8.58701e+12 6.63942e+12 6.19471e+12 4.82765e+12 4.09612e+12 4.77863e+12 4.0744e+12 2.87833e+12 6.09009e+12 5.85024e+12 5.14489e+12 4.97479e+12 3.15694e+12 3.15712e+12 3.76576e+12 4.0533e+12 5.49773e+12 8.92855e+12 1.27897e+13 3.5822e+12 3.05868e+12
threshold=9498485.7142857164 33.500000000000007 5.5000000000000009 33.500000000000007 7866310.7142857155 1.0000000180025095e-35 8995750.0000000019 7513800.0000000009 11432317.833333334 3280000.0000000005 11568950.000000002 11063742.142857144 9451903.5714285728 3432750.0000000005 8852812.1428571437 7515953.2467532484 8080631.0714285718 10330575.000000002 8253410.7142857155 8530000.0000000019 8389421.6666666679 299.50000000000006 6160131.0000000009 7361479.8333333349 9340085.0000000019 141.50000000000003 174.50000000000003 6348806.42857143 7313132.1428571437 6611862.1428571437
decision_type=2 2 2 2 2 2 2 2 2 2 2 2 2 2 2 2 2 2 2 2 2 2 2 2 2 2 2 2 2 2
left_child=3 -2 6 4 -1 9 7 11 10 -5 -8 12 -3 15 16 -11 17 21 -18 20 -20 22 -15 24 25 -24 -27 -28 -29 -25
right_child=1 2 -4 5 -6 -7 8 -9 -10 13 -12 -13 -14 14 -16 -17 18 -19 19 -21 -22 -23 23 29 -26 26 27 28 -30 -31
leaf_value=122239.25585937496 -87374.762890625003 -22988.074921874995 40320.754229266829 -45170.953662109379 -15334.548632812501 67223.621354166666 -36837.516992187491 56794.148473011366 -87350.513068181826 42152.024999999987 16505.389765625001 -41787.905991908483 26142.59796875 -26955.620195312502 20474.650575657899 364.78976004464289 35356.414192708333 -44515.916228693182 -10947.203759765624 -25780.796553308825 29133.232135416667 14309.229963235295 16275.817546875001 -32021.215312500004 28502.216672585229 -42453.124126838236 39934.975864955362 -28071.59476052989 6619.9727272727287 -7379.0179572610305
leaf_weight=10.000000000000002 9.9999999999999982 10.000000000000002 12.999999999999998 11.999999999999998 17 11.999999999999998 14.000000000000002 10.999999999999998 10.999999999999998 10.000000000000002 9.9999999999999982 13.999999999999998 9.9999999999999982 20 19 13.999999999999998 11.999999999999998 10.999999999999998 16.000000000000004 17 14.999999999999998 17 25 20 10.999999999999998 17 13.999999999999998 23 10.999999999999998 34
leaf_count=10 10 10 13 12 17 12 14 11 11 10 10 14 10 20 19 14 12 11 16 17 15 17 25 20 11 17 14 23 11 34
internal_value=-2156.28 -15435.5 -7700.08 1674.98 35618.7 -1102.24 -15503.5 1583.34 -37472.2 -3680.57 -14611.3 -16279 1577.26 -2053.5 -3741.12 17776.1 -5490.55 -8334.3 4130.78 -3675.63 8446.56 -6261.39 -8259.68 -5847.3 -148.719 -3650.5 -11314.5 -286.194 -16847.9 -16505.8
internal_weight=460 103 93 357 27 330 80 45 35 318 24 34 20 306 282 24 263 203 60 48 31 192 175 155 101 90 65 48 34 54
internal_count=460 103 93 357 27 330 80 45 35 318 24 34 20 306 282 24 263 203 60 48 31 192 175 155 101 90 65 48 34 54
is_linear=0
shrinkage=0.05


Tree=78
num_leaves=31
num_cat=0
split_feature=8 5 10 6 8 10 9 1 5 2 11 10 8 9 6 5 6 5 10 8 7 7 11 5 1 8 8 8 8 8
split_gain=9.74071e+12 1.60367e+13 1.38743e+13 1.35505e+13 8.56435e+12 6.81122e+12 1.18157e+13 6.98444e+13 9.69385e+12 8.98656e+12 9.6414e+12 9.15001e+12 7.76003e+12 7.45887e+12 7.58798e+12 6.13135e+12 5.96426e+12 5.14585e+12 4.72395e+12 4.30208e+12 5.04689e+12 4.66524e+12 4.45259e+12 3.94159e+12 1.10685e+13 5.21307e+12 3.84424e+12 3.03799e+12 2.12199e+12 2.06666e+12
threshold=12695000.000000002 14885500.000000002 7226263.92857143 7287800.0000000009 10125000.000000002 10220283.928571431 8193714.2857142864 1.5000000000000002 3280000.0000000005 289.50000000000006 8522154.1666666698 7976223.8095238106 7513800.0000000009 7972730.9523809534 3817075.0000000005 6847850.0000000009 10330575.000000002 8530000.0000000019 8244222.8571428573 8458500.0000000019 4202500.0000000009 5142500.0000000009 7197213.0000000009 5708800.0000000009 5.5000000000000009 3817075.0000000005 5051000.0000000009 4062500.0000000005 5898500.0000000009 5898500.0000000009
decision_type=2 2 2 2 2 2 2 2 2 2 2 2 2 2 2 2 2 2 2 2 2 2 2 2 2 2 2 2 2 2
left_child=1 4 -2 -4 5 6 7 -1 -9 11 -11 -8 -7 14 15 -10 17 -6 -13 20 -16 -22 -21 24 -23 -25 -27 -26 -20 -28
right_child=2 -3 3 -5 16 12 9 8 13 10 -12 18 -14 -15 19 -17 -18 -19 28 22 21 23 -24 25 27 26 29 -29 -30 -31
leaf_value=133150.83374999999 -30502.316093750003 -50521.979248046875 6407.0309283088245 71607.835260416672 5801.3562911184199 3329.2492621527776 -68121.791015625 -49941.713437500002 -55.951874999999987 -18720.138828124997 44661.623476562498 11343.037890625001 56634.282244318179 40522.770454545454 14753.296515447444 55312.59621093751 -48569.368958333333 -37170.672691761363 -12821.163755580357 34914.321228966342 -32742.794419642858 51134.542500000003 -7321.7938802083336 -42650.674399038464 13720.487265625001 18960.970419034093 -28581.329199218751 -19516.893323863635 -38201.747138671875 -7597.0518865411932
leaf_weight=9.9999999999999982 9.9999999999999982 18 17 14.999999999999998 19.000000000000004 18.000000000000004 11.999999999999998 9.9999999999999982 10.000000000000002 15.000000000000002 9.9999999999999982 9.9999999999999982 10.999999999999998 10.999999999999998 22 9.9999999999999982 14.999999999999998 10.999999999999998 13.999999999999998 13.000000000000002 21 9.9999999999999982 11.999999999999998 12.999999999999998 9.9999999999999982 10.999999999999998 15.999999999999998 22 20 44
leaf_count=10 10 18 17 15 19 18 12 10 10 15 10 10 11 11 22 10 15 11 14 13 21 10 12 13 10 11 16 22 20 44
internal_value=-2048.46 -4354.8 20905.1 36969.9 -2277.28 327.552 -1738.11 3735.21 -1771.84 -18293.2 6632.57 -29420.8 23548.4 369.042 -1694.93 27628.3 -22826.5 -9955.05 -18865.9 -4717.95 -7581.7 -10924.4 14641 -7287.94 5218.54 -13541.2 -8211.28 -9130.21 -27750.9 -13192.9
internal_weight=460 418 42 32 400 355 326 245 235 81 25 56 29 225 214 20 45 30 44 194 169 147 25 126 42 84 71 32 34 60
internal_count=460 418 42 32 400 355 326 245 235 81 25 56 29 225 214 20 45 30 44 194 169 147 25 126 42 84 71 32 34 60
is_linear=0
shrinkage=0.05


Tree=79
num_leaves=31
num_cat=0
split_feature=8 0 9 1 4 9 7 7 2 11 8 9 2 8 2 2 2 10 6 11 6 6 9 9 2 10 6 10 10 2
split_gain=8.79099e+12 1.64476e+13 1.3066e+13 4.80222e+13 2.41482e+13 7.57443e+12 5.55798e+12 4.49463e+12 9.33556e+12 5.21868e+12 6.30611e+12 4.38409e+12 5.72293e+12 8.68353e+12 3.78827e+12 4.32371e+12 5.32145e+12 4.78716e+12 3.95349e+12 3.67451e+12 6.63491e+12 3.26656e+12 3.13872e+12 2.65764e+12 4.17028e+12 2.61077e+12 2.46747e+12 2.65779e+12 2.3531e+12 1.79312e+12
threshold=12695000.000000002 2.5000000000000004 8193714.2857142864 1.5000000000000002 1.0000000180025095e-35 7972730.9523809534 3432750.0000000005 10125000.000000002 285.50000000000006 8522154.1666666698 9037500.0000000019 10354842.85714286 126.50000000000001 6196000.0000000009 342.50000000000006 299.50000000000006 261.50000000000006 7306241.7857142864 9157335.0000000019 6631289.833333334 3817075.0000000005 5838300.0000000009 7025512.1428571446 6377196.4285714291 147.50000000000003 8498984.2857142892 9037500.0000000019 10013842.85714286 6194044.2857142864 219.50000000000003
decision_type=2 2 2 2 2 2 2 2 2 2 2 2 2 2 2 2 2 2 2 2 2 2 2 2 2 2 2 2 2 2
left_child=2 25 3 -1 7 6 -5 8 11 -10 -11 12 21 -14 15 16 18 -17 19 -8 -21 -4 -20 24 -22 -2 -9 -28 -18 -25
right_child=1 -3 4 5 -6 -7 14 26 9 10 -12 -13 13 -15 -16 17 28 -19 22 20 23 -23 -24 29 -26 -27 27 -29 -30 -31
leaf_value=100260.39635416667 -24726.933867187494 59746.092480468753 -12475.117265624996 22820.600000000002 -87225.180681818179 38496.631365411937 15421.881571691178 -4184.9255045572918 -14337.523828125 42804.840277777781 -1938.2041573660715 -46823.220383522734 2852.8327343749988 -63039.247968750009 -34667.796022727271 41910.767968749984 -13440.65673828125 -4104.4424278846154 37234.905312499985 27535.765163352273 -50434.60298295453 27938.771835937503 -693.6981282552083 -6031.1634469905366 -5821.1287499999999 7840.3187011718755 -16361.432153320313 -45180.883898925786 -39638.396497395835 -25057.255729166667
leaf_weight=11.999999999999998 10.000000000000002 15.999999999999998 10.000000000000002 18 10.999999999999998 10.999999999999998 17 11.999999999999998 12.999999999999998 18 13.999999999999998 10.999999999999998 10.000000000000002 9.9999999999999982 10.999999999999998 10.000000000000002 20 12.999999999999998 10.000000000000002 10.999999999999998 11.000000000000002 9.9999999999999982 11.999999999999998 71 9.9999999999999982 15.999999999999998 15.999999999999998 15.999999999999998 14.999999999999998 14.999999999999998
leaf_count=12 10 16 10 18 11 11 17 12 13 18 14 11 10 10 11 10 20 13 10 11 11 10 12 71 10 16 16 16 15 15
internal_value=-1946.04 19859.8 -4137.06 2510.86 -15892 -2089.12 -3918.8 -10287.2 -4222.07 12377 23229.8 -18868.3 -11180.7 -30093.2 -6048.49 -4584.24 -7038.35 15902.2 -3108.11 -6311.1 -9442.12 7731.83 16546.6 -13243.6 -29190.1 -4685.55 -23520.4 -30771.2 -24668.3 -9349.67
internal_weight=460 42 418 267 151 255 244 140 96 45 32 51 40 20 226 215 192 23 157 135 118 20 22 107 21 26 44 32 35 86
internal_count=460 42 418 267 151 255 244 140 96 45 32 51 40 20 226 215 192 23 157 135 118 20 22 107 21 26 44 32 35 86
is_linear=0
shrinkage=0.05


Tree=80
num_leaves=31
num_cat=0
split_feature=11 11 0 5 7 11 0 1 2 5 11 6 2 2 7 6 10 0 8 11 11 8 10 6 11 7 6 8 5 7
split_gain=2.07944e+13 2.33051e+13 3.12434e+13 2.17109e+13 1.3321e+13 9.50002e+12 9.77771e+12 3.14179e+13 1.40667e+13 8.53932e+12 7.39084e+12 2.11695e+13 9.3685e+12 8.37077e+12 7.48079e+12 7.26014e+12 5.27567e+12 4.44738e+12 8.64352e+12 3.77963e+12 4.36225e+12 4.5006e+12 3.63831e+12 6.411e+12 5.09e+12 4.27982e+12 5.33155e+12 3.035e+12 2.51775e+12 2.40754e+12
threshold=11830390.333333334 9690329.1666666698 2.5000000000000004 15311000.000000002 12891300.000000002 9243590.0000000019 2.5000000000000004 1.5000000000000002 39.500000000000007 4150000.0000000005 6611980.8333333349 6457500.0000000009 211.50000000000003 340.50000000000006 5803250.0000000009 10384350.000000002 9066739.2857142873 5.5000000000000009 7234500.0000000009 6943682.3333333349 7387282.5434782617 6609500.0000000009 8045782.1428571437 5708800.0000000009 8544701.6666666679 8907300.0000000019 3744200.0000000005 6145050.0000000009 5109300.0000000009 7297000.0000000009
decision_type=2 2 2 2 2 2 2 2 2 2 2 2 2 2 2 2 2 2 2 2 2 2 2 2 2 2 2 2 2 2
left_child=1 3 -3 4 5 6 8 -8 -1 27 11 -11 19 14 -14 -4 -6 18 -16 -12 -21 29 25 -24 -25 26 -10 -9 -28 -22
right_child=-2 2 15 -5 16 -7 7 9 22 10 12 -13 13 -15 17 -17 -18 -19 -20 20 21 -23 23 24 -26 -27 28 -29 -30 -31
leaf_value=-61686.782510653407 -50347.394314236117 97667.498124999998 -23408.743004261356 -65555.264322916672 67338.027656249978 -33972.689884868421 88155.685807291666 -6813.4225961538441 -33896.058413461542 90379.582656249971 -31530.763378906253 -1302.2008961397059 -2823.4929059709825 -22575.71044921875 25164.670410156243 28722.824345128676 18164.718229166665 14836.580681818183 88106.009687500016 19606.346240234376 -9642.6059624565951 16180.952769886366 40346.636246744798 -21796.505712890619 21281.678255208335 -37517.520259232952 15470.487462797619 -42498.525426136366 -5042.3787729116593 -38555.455126953129
leaf_weight=10.999999999999998 18 14.999999999999998 11.000000000000002 11.999999999999998 10.000000000000002 19 11.999999999999998 13.000000000000002 12.999999999999998 10.000000000000002 13.999999999999998 17 13.999999999999998 9.9999999999999982 12.000000000000002 17 11.999999999999998 10.999999999999998 9.9999999999999982 15.999999999999998 18.000000000000004 10.999999999999998 11.999999999999998 16.000000000000004 11.999999999999998 10.999999999999998 21 10.999999999999998 52 11.999999999999998
leaf_count=11 18 15 11 12 10 19 12 13 13 10 14 17 14 10 12 17 12 11 10 16 18 11 12 16 12 11 21 11 52 12
internal_value=2315.21 4494.35 39437.3 661.323 2752.37 431.69 2359.96 9834.82 -7286.65 4584.25 8881.55 32654 3867.04 18964.1 27802.3 8242.57 40516.2 40795.1 53774.4 -8253.11 -2535.8 -11176.6 -2918.75 9769.89 -3334.43 -8151.18 -4395.03 -23169.1 858.583 -21207.7
internal_weight=453 435 43 392 380 358 339 191 148 179 155 27 128 57 47 28 22 33 22 71 57 41 137 40 28 97 86 24 73 30
internal_count=453 435 43 392 380 358 339 191 148 179 155 27 128 57 47 28 22 33 22 71 57 41 137 40 28 97 86 24 73 30
is_linear=0
shrinkage=0.05


Tree=81
num_leaves=31
num_cat=0
split_feature=11 9 8 4 5 7 7 11 11 11 2 7 2 2 8 6 5 9 9 5 8 5 2 11 8 5 5 2 2 7
split_gain=1.87669e+13 3.18678e+13 1.5323e+13 2.64269e+13 9.6095e+12 5.83284e+12 1.22116e+13 4.21901e+12 1.23489e+13 4.56016e+12 3.50234e+12 3.16038e+12 4.18849e+12 6.82524e+12 5.33631e+12 4.59203e+12 4.5911e+12 4.09902e+12 5.28076e+12 3.97139e+12 4.28443e+12 7.7494e+12 6.25173e+12 3.66566e+12 3.50516e+12 3.32163e+12 4.14147e+12 3.59147e+12 4.29762e+12 3.05579e+12
threshold=11830390.333333334 12052012.142857144 13906500.000000002 1.0000000180025095e-35 3075750.0000000005 12695000.000000002 14475500.000000002 6308594.666666667 6256132.8333333349 6510461.666666667 273.50000000000006 3341800.0000000005 211.50000000000003 225.50000000000003 4697500.0000000009 7254200.0000000009 13026200.000000002 6042880.0000000009 6594828.5714285718 4371750.0000000009 9742000.0000000019 11670500.000000002 291.50000000000006 8332943.166666667 9414250.0000000019 8418000.0000000019 9725500.0000000019 114.50000000000001 138.50000000000003 2398750.0000000005
decision_type=2 2 2 2 2 2 2 2 2 2 2 2 2 2 2 2 2 2 2 2 2 2 2 2 2 2 2 2 2 2
left_child=1 2 3 4 -1 7 -7 8 10 -9 -6 29 16 15 -15 -14 17 -13 -19 -16 21 23 -22 -21 25 27 -27 -20 -29 -11
right_child=-2 -3 -4 -5 5 6 -8 9 -10 11 -12 12 13 14 19 -17 -18 18 24 20 22 -23 -24 -25 -26 26 -28 28 -30 -31
leaf_value=51062.93390625 -47830.026302083337 84618.679850260422 45872.078258634872 -59292.310590277775 -24388.667258522721 61385.952929687483 -6284.9076562500004 -33923.6507368608 60057.145880681826 1600.7215624999999 11422.25082465278 -33908.962349446614 52133.197123579535 27612.703780691969 24431.911030273437 5318.135859375001 -39708.804154829551 20177.586982421875 -21776.882361557906 -10336.625337357955 30855.519531249996 18161.089122596153 -18326.033088175456 -38067.832433143034 -34608.189213423298 28772.025320870529 -12225.435786576705 28685.56570312499 -12195.908745659723 37283.283945312505
leaf_weight=9.9999999999999982 18 11.999999999999998 19 18 11.000000000000002 12.000000000000002 14.999999999999998 10.999999999999998 10.999999999999998 15.000000000000002 18 11.999999999999998 11.000000000000002 13.999999999999998 9.9999999999999982 9.9999999999999982 10.999999999999998 20 34 22 14.000000000000002 12.999999999999998 11.999999999999998 26 10.999999999999998 14.000000000000002 10.999999999999998 10.000000000000002 18 9.9999999999999982
leaf_count=10 18 12 19 18 11 12 15 11 11 15 18 12 11 14 10 10 11 20 34 22 14 13 12 26 11 14 11 10 18 10
internal_value=2199.45 4269.63 1990.23 -73.522 2687.98 1401.41 23791 -330.741 14948.8 -2308.68 -2161.2 -1141.68 -2699.87 3701.01 -1244.26 29840.3 -8692.19 -6067.71 -3236.39 -5409.19 -8839.2 -16083.2 8156.34 -25357.7 -8014.76 -4652.37 10733.1 -10856.2 2404.62 15873.7
internal_weight=453 435 423 404 386 376 27 349 40 309 29 298 273 132 111 21 141 130 118 97 87 61 26 48 98 87 25 62 28 25
internal_count=453 435 423 404 386 376 27 349 40 309 29 298 273 132 111 21 141 130 118 97 87 61 26 48 98 87 25 62 28 25
is_linear=0
shrinkage=0.05


Tree=82
num_leaves=31
num_cat=0
split_feature=11 9 5 5 0 1 5 8 11 7 9 2 8 6 0 2 6 9 7 5 7 5 11 9 5 11 10 6 2 10
split_gain=1.69372e+13 2.87607e+13 1.42531e+13 2.13925e+13 1.07304e+13 2.7645e+13 1.31515e+13 8.5594e+12 9.08111e+12 2.15431e+13 1.13312e+13 8.68912e+12 8.42243e+12 7.42235e+12 6.38219e+12 6.14086e+12 5.10331e+12 4.8331e+12 8.79774e+12 6.14079e+12 4.60101e+12 5.05959e+12 4.65578e+12 4.79019e+12 3.84177e+12 3.18647e+12 2.96988e+12 2.95986e+12 2.70142e+12 2.64266e+12
threshold=11830390.333333334 12052012.142857144 15311000.000000002 13497000.000000002 2.5000000000000004 1.5000000000000002 3564800.0000000005 6051000.0000000009 7142707.3333333349 8980250.0000000019 8157835.7142857155 241.50000000000003 12068035.000000002 5072500.0000000009 4.5000000000000009 241.50000000000003 10752235.000000002 8852812.1428571437 7107500.0000000009 9802500.0000000019 4739000.0000000009 6120285.0000000009 6855970.666666667 6564144.2857142864 6683535.0000000009 7342569.0000000009 9497417.8571428601 6021300.0000000009 265.50000000000006 7239416.0714285718
decision_type=2 2 2 2 2 2 2 2 2 2 2 2 2 2 2 2 2 2 2 2 2 2 2 2 2 2 2 2 2 2
left_child=1 2 3 4 6 -6 -1 8 9 11 29 -7 13 -9 15 -15 28 19 -19 20 21 -8 -22 -24 -25 -23 -12 -26 -16 -10
right_child=-2 -3 -4 -5 5 7 17 12 10 -11 26 -13 -14 14 16 -17 -18 18 -20 -21 22 25 23 24 27 -27 -28 -29 -30 -31
leaf_value=-60921.871306818182 -45438.524522569445 80387.744502766931 -47717.412611607142 75820.188437500008 76711.813392857148 37890.14201660156 40657.944374999992 25676.683638822116 6366.0985866001683 96657.920546875001 16012.998102678568 -15080.227708333332 38423.49976074219 -12417.273684692384 -4173.483723958333 -51051.073914930559 19729.954664522062 -10164.987044270834 42683.218470982145 -40038.400322614398 11405.15680147059 -22980.840859374992 -43811.481263950896 7474.8772677951392 -6290.3274939903831 16016.812215909093 51689.401171875004 -40726.365022786456 -35748.022705078125 -19806.792586000505
leaf_weight=10.999999999999998 18 11.999999999999998 13.999999999999998 9.9999999999999982 13.999999999999998 16.000000000000004 10.000000000000002 12.999999999999998 13.999999999999998 9.9999999999999982 14.000000000000002 14.999999999999998 9.9999999999999982 24 21.000000000000004 18 17 18 13.999999999999998 13.999999999999998 17 10.000000000000002 13.999999999999998 18 13.000000000000002 10.999999999999998 9.9999999999999982 11.999999999999998 9.9999999999999982 31
leaf_count=11 18 12 14 10 14 16 10 13 14 10 14 15 10 24 21 18 17 18 14 14 17 10 14 18 13 11 10 12 10 31
internal_value=2089.48 4056.15 1890.72 3588.79 1778.48 8557.63 -8139.15 4278.89 14207.4 32844.3 3133.2 12259.3 -5385.98 -9639.33 -14740.5 -28974.6 -2285.71 -4294.05 12956.1 -8932.75 -4785.33 11385.7 -11559.7 -18408.8 -10138.2 -2553.5 30878.2 -22819.6 -14358.8 -11664.1
internal_weight=453 435 423 409 399 237 162 223 110 41 69 31 113 103 90 42 48 151 32 119 105 31 74 57 43 21 24 25 31 45
internal_count=453 435 423 409 399 237 162 223 110 41 69 31 113 103 90 42 48 151 32 119 105 31 74 57 43 21 24 25 31 45
is_linear=0
shrinkage=0.05


Tree=83
num_leaves=31
num_cat=0
split_feature=7 1 7 9 1 4 7 5 7 8 8 5 2 8 9 10 2 5 5 7 9 8 8 6 10 5 8 0 9 6
split_gain=1.19047e+13 5.00206e+13 3.6114e+13 4.11842e+13 1.39598e+13 4.97353e+13 1.50932e+13 7.32356e+12 7.01523e+12 6.6407e+12 7.44137e+12 6.23997e+12 6.59922e+12 9.30254e+12 6.30585e+12 7.05718e+12 5.44514e+12 4.21581e+12 7.25803e+12 3.83545e+12 3.46872e+12 3.37276e+12 3.18994e+12 5.87303e+12 3.05367e+12 6.23586e+12 2.6261e+12 4.31087e+12 2.1425e+12 4.27321e+12
threshold=6051000.0000000009 1.5000000000000002 6369800.0000000009 7654005.0000000009 11.500000000000002 1.0000000180025095e-35 10306825.000000002 3341800.0000000005 8556500.0000000019 10034000.000000002 5014550.0000000009 12335000.000000002 293.50000000000006 5368200.0000000009 6248567.8571428582 6694463.92857143 24.500000000000004 10437500.000000002 8210075.0000000009 10459500.000000002 8331414.2857142864 6975000.0000000009 9187935.0000000019 7662375.0000000009 7792694.444444445 7137200.0000000009 6145050.0000000009 1.5000000000000002 6885646.42857143 9761000.0000000019
decision_type=2 2 2 2 2 2 2 2 2 2 2 2 2 2 2 2 2 2 2 2 2 2 2 2 2 2 2 2 2 2
left_child=1 -1 3 -2 5 7 8 -4 -6 10 24 12 13 19 -15 -16 -17 18 28 -9 22 -14 23 26 25 -3 -12 -28 -18 -30
right_child=2 9 4 -5 6 -7 -8 11 -10 -11 20 -13 21 14 15 16 17 -19 -20 -21 -22 -23 -24 -25 -26 -27 27 -29 29 -31
leaf_value=-102885.65640024039 1162.9050439453122 4810.0585015190964 -36759.885582386363 144662.34644531249 -23684.601083984366 117017.815625 -56302.273087993417 -23067.680630580358 35540.5221484375 26964.888877467107 -4942.0633157169123 -20752.230394345239 47570.032128906241 49506.102265624999 -25087.395117187501 47858.874804687504 32251.385013834639 37472.259002130682 -23153.979134114586 12043.887968750001 -29796.645667613637 13446.670703125001 17683.805539772726 16637.906384277343 -7749.3039347330741 54054.920778808591 -3533.7425781249985 -44478.196397569445 -2282.0132672991072 34497.329829545452
leaf_weight=12.999999999999998 10.000000000000002 18.000000000000004 10.999999999999998 9.9999999999999982 10.000000000000002 9.9999999999999982 19 35 9.9999999999999982 19 17 21 14.000000000000002 9.9999999999999982 13.999999999999998 9.9999999999999982 11.999999999999998 10.999999999999998 18 9.9999999999999982 22 14.999999999999998 10.999999999999998 13.999999999999998 11.999999999999998 9.9999999999999982 10.000000000000002 18 28 10.999999999999998
leaf_count=13 10 18 11 10 10 10 19 35 10 19 17 21 14 10 14 10 12 11 18 10 22 15 11 14 12 10 10 18 28 11
internal_value=1985 -8774.85 8090.94 72912.6 3271.49 7961.8 -24389.3 3004.71 5927.96 -672.597 -4650.72 5097.58 7985.06 3984.34 11582.8 7936.34 13073.4 8725.18 4142.31 -15265.1 -12478.6 29920 -7035.82 -11644.6 13353.5 22397.5 -20443.6 -29855.2 13776.3 8091.65
internal_weight=453 164 289 20 269 230 39 220 20 151 132 209 188 159 114 104 90 80 69 45 92 29 70 59 40 28 45 28 51 39
internal_count=453 164 289 20 269 230 39 220 20 151 132 209 188 159 114 104 90 80 69 45 92 29 70 59 40 28 45 28 51 39
is_linear=0
shrinkage=0.05


Tree=84
num_leaves=31
num_cat=0
split_feature=11 9 8 4 5 7 7 6 11 11 8 8 7 8 8 7 7 2 5 7 7 7 9 0 2 8 7 2 2 11
split_gain=1.46385e+13 2.52013e+13 1.28027e+13 2.48541e+13 9.45959e+12 4.85937e+12 1.04215e+13 3.68275e+12 6.68218e+12 7.86715e+12 3.03488e+12 2.89351e+12 5.93927e+12 7.93551e+12 6.22222e+12 5.73592e+12 5.46019e+12 4.34875e+12 6.90919e+12 5.69625e+12 4.70016e+12 6.36971e+12 4.84642e+12 3.42738e+12 3.23523e+12 2.95499e+12 2.63155e+12 1.96176e+12 3.65339e+12 2.77276e+12
threshold=11830390.333333334 12052012.142857144 13906500.000000002 1.0000000180025095e-35 3075750.0000000005 12695000.000000002 14475500.000000002 3744200.0000000005 6308594.666666667 6235695.666666667 5014550.0000000009 7651000.0000000009 6500200.0000000009 8715000.0000000019 8022050.0000000009 5898500.0000000009 8769300.0000000019 171.50000000000003 9037500.0000000019 8787500.0000000019 7740500.0000000009 6609500.0000000009 8157835.7142857155 1.5000000000000002 225.50000000000003 9187935.0000000019 4405000.0000000009 90.500000000000014 135.50000000000003 7585321.5000000009
decision_type=2 2 2 2 2 2 2 2 2 2 2 2 2 2 2 2 2 2 2 2 2 2 2 2 2 2 2 2 2 2
left_child=1 2 3 4 -1 7 -7 10 9 -9 -6 17 15 14 -14 25 23 18 27 20 21 22 24 -15 -19 -13 -27 29 -29 -10
right_child=-2 -3 -4 -5 5 6 -8 8 11 -11 -12 12 13 16 -16 -17 -18 19 -20 -21 -22 -23 -24 -25 -26 26 -28 28 -30 -31
leaf_value=50474.888750000006 -42299.521961805556 75166.480924479169 41798.17930972451 -57628.94809027778 1238.3086588541664 56368.617089843741 -6145.9636067708343 3995.2643322172621 -34807.903485576913 54745.184114583339 -32025.259422302246 -13894.468350758274 13646.319648437497 5342.4984374999985 69423.650820312498 -39397.459135298297 22603.098428005644 15218.314946831597 -53600.545332031259 -16359.811762551702 35584.257421875001 -21771.720682565792 34900.264654541017 -36054.244927368163 -16829.399982561383 -2728.6926846590904 32710.919609375003 15426.924109604777 -21553.874644886368 -3719.8635681152346
leaf_weight=9.9999999999999982 18 11.999999999999998 19 18 12.000000000000002 12.000000000000002 14.999999999999998 21 13.000000000000002 11.999999999999998 15.999999999999998 17 10.000000000000002 10.000000000000002 9.9999999999999982 10.999999999999998 18 18 9.9999999999999982 34 12.999999999999998 19 15.999999999999998 9.9999999999999982 13.999999999999998 11.000000000000002 9.9999999999999982 17.000000000000004 10.999999999999998 15.999999999999998
leaf_count=10 18 12 19 18 12 12 15 21 13 12 16 17 10 10 10 11 18 18 10 34 13 19 16 10 14 11 10 17 11 16
internal_value=1885.75 3714.11 1687.09 -199.322 2478.74 1202.25 21638.3 -378.761 1138.18 22449.8 -17769.4 -1303.77 5214.52 16042 41535 -7601.72 2624.69 -5157.12 -15266.6 784.398 8070.69 2732.23 12431.7 -15355.9 1197.44 1602.31 14147.3 -8541.32 898.753 -17655.9
internal_weight=453 435 423 404 386 376 27 349 321 33 28 288 107 58 20 49 38 181 67 114 80 67 48 20 32 38 21 57 28 29
internal_count=453 435 423 404 386 376 27 349 321 33 28 288 107 58 20 49 38 181 67 114 80 67 48 20 32 38 21 57 28 29
is_linear=0
shrinkage=0.05


Tree=85
num_leaves=31
num_cat=0
split_feature=5 6 11 9 5 5 8 11 6 9 9 6 9 10 5 5 6 11 2 5 11 9 6 6 9 6 8 10 8 8
split_gain=1.41776e+13 1.40614e+13 1.5227e+13 1.19694e+13 1.61561e+13 1.43911e+13 1.01003e+13 7.41007e+12 7.36334e+12 9.40419e+12 9.37713e+12 9.51395e+12 7.25243e+12 7.03262e+12 6.30023e+12 6.16629e+12 1.06611e+13 5.98047e+12 5.96328e+12 5.55268e+12 4.75878e+12 3.80452e+12 4.83444e+12 1.10253e+13 4.69574e+12 4.83715e+12 3.62739e+12 2.86712e+12 4.5489e+12 3.78928e+12
threshold=3207800.0000000005 11568950.000000002 11691915.66666667 9498485.7142857164 13294200.000000002 13798750.000000002 8769300.0000000019 8833590.0000000019 8783500.0000000019 8816657.1428571437 7618515.7142857155 3817075.0000000005 5884290.7142857155 6747840.7142857155 5100500.0000000009 8752250.0000000019 13294200.000000002 6256132.8333333349 295.50000000000006 4613000.0000000009 8621354.1666666679 6701426.42857143 5211500.0000000009 5990000.0000000009 6885646.42857143 7254200.0000000009 6196000.0000000009 6653559.6428571437 4371750.0000000009 7835950.0000000009
decision_type=2 2 2 2 2 2 2 2 2 2 2 2 2 2 2 2 2 2 2 2 2 2 2 2 2 2 2 2 2 2
left_child=-1 3 15 5 6 8 7 -5 9 10 11 13 17 -2 19 16 -3 -13 -8 -14 27 22 -16 -24 -23 26 -26 -10 -29 -30
right_child=1 2 -4 4 -6 -7 18 -9 20 -11 -12 12 14 -15 21 -17 -18 -19 -20 -21 -22 24 23 -25 25 -27 -28 28 29 -31
leaf_value=59887.447343749998 9790.7862379807666 56351.062172154001 72260.075781250009 -11886.373417968745 -63924.638020833343 49551.088950892859 -2468.2089843749995 48982.606484374999 -32351.638151041669 39721.191015625001 -20843.006368001305 -1960.6478515624995 -3692.1634046052636 65563.391640625006 6893.6833705357149 -8069.6589843750007 -7873.82080078125 48132.133518629809 -52488.950841346152 37002.567604166667 -48277.661576704551 24418.899888392858 -67866.32421875 -12120.32706227022 -45910.103906249984 15889.964776611328 -5854.874338942308 -31654.589804687505 27959.502197265621 -13714.874687500002
leaf_weight=9.9999999999999982 13.000000000000002 14.000000000000002 11.999999999999998 10.000000000000002 18 13.999999999999998 11.000000000000002 9.9999999999999982 11.999999999999998 14.999999999999998 48 11.000000000000002 19 9.9999999999999982 13.999999999999998 25 11.999999999999998 12.999999999999998 12.999999999999998 14.999999999999998 10.999999999999998 13.999999999999998 11.999999999999998 34 10.000000000000002 11.999999999999998 12.999999999999998 9.9999999999999982 12.000000000000002 9.9999999999999982
leaf_count=10 13 14 12 10 18 14 11 10 12 15 48 11 19 10 14 25 12 13 13 15 11 14 12 34 10 12 13 10 12 10
internal_value=1007.47 -309.751 21584.3 -3901.74 -24019.2 -28.1965 -7694.19 18548.1 -2281.8 1322.77 -1097.3 3891.09 -261.124 34039.7 -4529.78 9660.54 26708.8 25172.9 -29562.8 14261.4 -18862.8 -10391.2 -18832.9 -26662.8 -54.4945 -9843.85 -23270.2 -11509.1 -3693.14 9016.6
internal_weight=457 447 63 384 62 322 44 20 308 253 238 190 167 23 143 51 26 24 24 34 55 109 60 46 49 35 23 44 32 22
internal_count=457 447 63 384 62 322 44 20 308 253 238 190 167 23 143 51 26 24 24 34 55 109 60 46 49 35 23 44 32 22
is_linear=0
shrinkage=0.05


Tree=86
num_leaves=31
num_cat=0
split_feature=5 6 11 9 5 5 8 6 9 11 6 9 0 7 11 5 6 7 11 9 5 9 1 11 2 6 6 7 9 5
split_gain=1.27953e+13 1.26904e+13 1.37423e+13 1.08024e+13 1.45809e+13 1.2988e+13 9.11554e+12 6.81303e+12 8.13074e+12 6.68758e+12 6.61117e+12 9.54452e+12 9.09558e+12 6.32806e+12 5.6126e+12 5.56508e+12 9.62165e+12 5.43877e+12 4.63266e+12 4.13864e+12 3.91281e+12 2.7474e+12 3.25378e+12 2.72434e+12 3.11886e+12 4.31025e+12 3.92922e+12 5.78482e+12 2.59328e+12 2.56008e+12
threshold=3207800.0000000005 11568950.000000002 11691915.66666667 9498485.7142857164 13294200.000000002 13798750.000000002 8769300.0000000019 10437500.000000002 8816657.1428571437 8833590.0000000019 4560000.0000000009 5884290.7142857155 2.5000000000000004 7039250.0000000009 7122412.5000000009 8752250.0000000019 13294200.000000002 10166750.000000002 8621354.1666666679 6452928.5714285718 9983000.0000000019 7998440.7142857155 2.5000000000000004 6424456.5000000009 235.50000000000003 6369800.0000000009 7287800.0000000009 6754300.0000000009 7050497.8571428573 5929500.0000000009
decision_type=2 2 2 2 2 2 2 2 2 2 2 2 2 2 2 2 2 2 2 2 2 2 2 2 2 2 2 2 2 2
left_child=-1 3 15 5 6 7 9 8 10 -5 12 13 -2 -12 -14 16 -3 -8 19 29 21 22 -21 -24 25 28 -27 -28 -25 -13
right_child=1 2 -4 4 -6 -7 17 -9 -10 -11 11 18 14 -15 -16 -17 -18 -19 -20 20 -22 -23 23 24 -26 26 27 -29 -30 -31
leaf_value=56893.081035156247 -5028.4938411458334 53533.508147321423 68647.0732421875 -11292.054765624996 -60728.403472222228 47073.534263392859 -7968.2111607142842 -39101.176855468751 31896.400868055556 46533.476132812502 54362.156035156237 -9729.1624710886099 60412.010221354154 -594.28588423295457 10966.238263494319 -7666.1767656250004 -7480.1300699869798 -56247.637988281254 -34815.395921415438 26573.497591145831 -24447.776943359378 -20818.034440104166 23861.089218749999 -31576.691006234971 -22963.982795266547 30723.721458333337 19891.969234212243 -20779.361705465879 5.1972355769230774 -36043.014453125004
leaf_weight=9.9999999999999982 30 14.000000000000002 11.999999999999998 10.000000000000002 18 13.999999999999998 14.000000000000002 11.999999999999998 18 9.9999999999999982 10.000000000000002 19 12.000000000000002 10.999999999999998 10.999999999999998 25 11.999999999999998 9.9999999999999982 17 11.999999999999998 20 14.999999999999998 9.9999999999999982 13.000000000000002 17 14.999999999999998 18 17 12.999999999999998 18
leaf_count=10 30 14 12 10 18 14 14 12 18 10 10 19 12 11 11 25 12 10 17 12 20 15 10 13 17 15 18 17 13 18
internal_value=957.101 -294.263 20505 -3706.65 -22818.2 -26.7868 -7309.48 -2167.71 -670.408 17620.7 -2779.05 -6521.31 13107.9 25575.4 36764 9177.51 25373.4 -28084.6 -9825.38 -7553.56 -3859.25 -691.79 1933.37 -937.322 -3603.82 726.746 9313.24 137.323 -15785.7 -22530.5
internal_weight=457 447 63 384 62 322 44 308 296 20 278 225 53 21 23 51 26 24 204 187 150 130 115 103 93 76 50 35 26 37
internal_count=457 447 63 384 62 322 44 308 296 20 278 225 53 21 23 51 26 24 204 187 150 130 115 103 93 76 50 35 26 37
is_linear=0
shrinkage=0.05


Tree=87
num_leaves=31
num_cat=0
split_feature=5 6 11 6 5 1 5 5 8 5 11 8 10 11 6 5 11 6 7 8 6 10 6 9 9 5 5 5 8 8
split_gain=1.15478e+13 1.14531e+13 1.24025e+13 1.0092e+13 1.68379e+13 1.08495e+13 1.5938e+13 9.62033e+12 6.36941e+12 9.98759e+12 9.91602e+12 5.09538e+12 4.96828e+12 5.01211e+12 4.82759e+12 5.83643e+12 6.70427e+12 6.9062e+12 4.80659e+12 4.72574e+12 5.51233e+12 4.20178e+12 3.86112e+12 3.43582e+12 3.89173e+12 4.14374e+12 3.42506e+12 2.28678e+12 2.77585e+12 2.18888e+12
threshold=3207800.0000000005 11568950.000000002 11691915.66666667 7900200.0000000009 12832500.000000002 1.5000000000000002 14341000.000000002 10142500.000000002 8995750.0000000019 8530000.0000000019 9442603.333333334 5130500.0000000009 9643228.2142857164 8621354.1666666679 3817075.0000000005 5130500.0000000009 6303717.8333333349 5948085.0000000009 9187935.0000000019 6575025.0000000009 13798750.000000002 7004323.2142857155 6431300.0000000009 7339892.8571428582 6572471.42857143 4202500.0000000009 7287800.0000000009 6108500.0000000009 5803250.0000000009 8927750.0000000019
decision_type=2 2 2 2 2 2 2 2 2 2 2 2 2 2 2 2 2 2 2 2 2 2 2 2 2 2 2 2 2 2
left_child=-1 3 11 5 8 -2 7 12 9 -5 26 -3 13 14 21 23 17 -17 -11 -13 -21 -7 -9 24 25 -16 -10 28 -18 -29
right_child=1 2 -4 4 -6 6 -8 22 10 18 -12 19 -14 -15 15 16 27 -19 -20 20 -22 -23 -24 -25 -26 -27 -28 29 -30 -31
leaf_value=54048.423520507815 -43002.935531850962 38856.117613636365 65214.720996093754 -16370.92010736233 -78228.891953124999 8058.6255737304673 49198.104687500003 -12023.841113281247 10139.058309659089 44789.777944711532 -69652.905600585946 -27473.873757102272 33916.628395432694 -30791.453480113636 29083.973493303565 50854.21507812498 -43872.989765624989 -7908.8879687500003 906.78056640625005 35199.307872596146 -8634.0744384765621 49374.166748046875 -50505.372727272734 -9979.7160156250011 46398.681933593754 -13057.323505859376 -28487.073555501302 -1374.3926841606528 -8833.2861177884606 -20887.448375822369
leaf_weight=9.9999999999999982 12.999999999999998 10.999999999999998 11.999999999999998 41 9.9999999999999982 16.000000000000004 18 16.000000000000004 11.000000000000002 13.000000000000002 9.9999999999999982 10.999999999999998 12.999999999999998 10.999999999999998 14.000000000000002 10.000000000000002 10.000000000000002 9.9999999999999982 11.999999999999998 13.000000000000002 15.999999999999998 9.9999999999999982 10.999999999999998 9.9999999999999982 11.999999999999998 9.9999999999999982 11.999999999999998 59 12.999999999999998 19
leaf_count=10 13 11 12 41 10 16 18 16 11 13 10 11 13 11 14 10 10 10 12 13 16 10 11 10 12 10 12 59 13 19
internal_value=909.246 -279.55 19479.8 -3521.32 -16396.3 1581.84 3794.06 444.585 -10150.5 -1182.72 -28086.2 8718.64 3946.63 2036.78 3907.82 787.601 -4975.7 21472.7 23725.9 430.83 11015.4 23949.2 -27701.5 15947.6 23149.6 11525.1 -10013.7 -10213 -24067.9 -6127.57
internal_weight=457 447 63 384 109 275 262 244 99 66 33 51 217 204 193 167 121 20 25 40 29 26 27 46 36 24 23 101 23 78
internal_count=457 447 63 384 109 275 262 244 99 66 33 51 217 204 193 167 121 20 25 40 29 26 27 46 36 24 23 101 23 78
is_linear=0
shrinkage=0.05


Tree=88
num_leaves=31
num_cat=0
split_feature=5 6 11 9 5 5 8 11 6 8 10 6 9 5 7 2 5 6 2 11 7 7 6 10 10 10 8 2 11 6
split_gain=1.04219e+13 1.03364e+13 1.11932e+13 9.40357e+12 1.34646e+13 1.13921e+13 7.471e+12 5.90211e+12 5.86524e+12 9.16596e+12 5.75334e+12 6.04736e+12 8.70394e+12 6.43401e+12 5.67021e+12 5.29602e+12 4.93324e+12 8.02888e+12 4.53252e+12 3.72815e+12 3.40853e+12 6.02013e+12 4.71979e+12 3.48616e+12 4.89632e+12 2.64254e+12 4.20194e+12 3.00822e+12 2.4051e+12 3.44996e+12
threshold=3207800.0000000005 11568950.000000002 11691915.66666667 9498485.7142857164 13294200.000000002 13798750.000000002 8769300.0000000019 8833590.0000000019 8783500.0000000019 13391250.000000002 5896986.0714285728 3817075.0000000005 7068520.7142857155 5100500.0000000009 11343035.000000002 295.50000000000006 8752250.0000000019 13294200.000000002 126.50000000000001 8621354.1666666679 7471500.0000000009 6575025.0000000009 5580500.0000000009 6699616.7857142864 7239416.0714285718 6675886.42857143 4371750.0000000009 171.50000000000003 7265974.5000000009 5130500.0000000009
decision_type=2 2 2 2 2 2 2 2 2 2 2 2 2 2 2 2 2 2 2 2 2 2 2 2 2 2 2 2 2 2
left_child=-1 3 16 5 6 8 7 -5 9 10 -2 12 -12 18 20 -8 17 -3 -13 25 21 28 -22 -24 -25 -10 -27 -28 29 -15
right_child=1 2 -4 4 -6 -7 15 -9 19 -11 11 13 -14 14 -16 -17 -18 -19 -20 -21 22 -23 23 24 -26 26 27 -29 -30 -31
leaf_value=51346.003593750007 34407.166157670457 49255.400739397308 61953.982324218756 -10865.503027343746 -57606.730902777781 44199.974888392862 452.46569602272712 43458.115488281255 -29128.429447115388 42191.531325120195 41385.950327435654 38450.301491477272 -17401.614824218752 7827.9819921874996 -47031.310234375007 -46686.752133413465 -7576.0020078125008 -6479.7998535156257 2004.3175215871711 -42750.897798295453 -17727.118328536188 -39820.726597934299 -9427.4895862926132 50886.106367187487 3513.6664998372398 -28947.785566406237 -7612.0758700284059 30279.118320312504 1173.9088276110197 -26920.899820678711
leaf_weight=9.9999999999999982 10.999999999999998 14.000000000000002 11.999999999999998 10.000000000000002 18 13.999999999999998 11.000000000000002 9.9999999999999982 12.999999999999998 12.999999999999998 17.000000000000004 10.999999999999998 9.9999999999999982 9.9999999999999982 9.9999999999999982 12.999999999999998 25 11.999999999999998 38 10.999999999999998 19 18 10.999999999999998 10.000000000000002 11.999999999999998 10.000000000000002 11.000000000000002 9.9999999999999982 38 25
leaf_count=10 11 14 12 10 18 14 11 10 13 13 17 11 10 10 10 13 25 12 38 11 19 18 11 10 12 10 11 10 38 25
internal_value=863.783 -265.573 18505.8 -3345.25 -21176.5 88.1022 -6273.28 16296.3 -1916.98 1300.07 -914.882 -2611.57 19612.8 -5582.16 -10632.1 -25081.3 8282.71 23531.5 10186.1 -16715.4 -8086.71 -13922.1 2125.14 13555.2 25046.6 -10206.6 -2271.6 10431.3 -7536.08 -16992.6
internal_weight=457 447 63 384 62 322 44 20 308 253 240 229 27 202 153 24 51 26 49 55 143 91 52 33 22 44 31 21 73 35
internal_count=457 447 63 384 62 322 44 20 308 253 240 229 27 202 153 24 51 26 49 55 143 91 52 33 22 44 31 21 73 35
is_linear=0
shrinkage=0.05


Tree=89
num_leaves=31
num_cat=0
split_feature=9 5 1 8 8 5 5 11 11 11 1 6 0 11 9 9 5 10 9 5 11 11 8 1 10 11 10 5 0 11
split_gain=9.8082e+12 1.43996e+13 1.49333e+13 2.26495e+13 7.58847e+12 1.57132e+13 6.44125e+12 7.12525e+12 1.00318e+13 7.3005e+12 6.11624e+12 4.12906e+12 1.13472e+13 7.14103e+12 6.28667e+12 5.52251e+12 4.05277e+12 3.57256e+12 5.61436e+12 6.04679e+12 5.16105e+12 4.91021e+12 3.8655e+12 7.34504e+12 3.91058e+12 4.11409e+12 2.90562e+12 2.28013e+12 2.26881e+12 2.03699e+12
threshold=12626890.714285716 16181750.000000002 1.5000000000000002 7693150.0000000009 13906500.000000002 8901550.0000000019 3280000.0000000005 9208617.5000000019 11566941.833333334 8918186.0000000019 9.5000000000000018 4460000.0000000009 2.5000000000000004 7142707.3333333349 5884290.7142857155 6452928.5714285718 11108000.000000002 9729565.0000000019 7972730.9523809534 6683535.0000000009 8405544.333333334 7211026.3333333349 7181000.0000000009 7.5000000000000009 6922347.8571428582 7417112.3571428582 6966353.2142857155 5211500.0000000009 3.5000000000000004 6969908.6666666679
decision_type=2 2 2 2 2 2 2 2 2 2 2 2 2 2 2 2 2 2 2 2 2 2 2 2 2 2 2 2 2 2
left_child=1 2 3 -1 6 -6 -4 9 10 11 16 12 29 -14 -13 -16 -9 18 19 21 -20 26 23 24 -21 -26 27 -17 -23 -8
right_child=-2 -3 4 -5 5 -7 7 8 -10 -11 -12 14 13 -15 15 17 -18 -19 20 22 -22 28 -24 -25 25 -27 -28 -29 -30 -31
leaf_value=96800.499648437471 38086.225471047794 -50514.503571428577 -40597.648401988641 -345.17695312500001 -15614.806308593745 73022.633437500001 -23022.354427083326 2805.6203822544635 25467.2659375 43019.509765625 -54468.990478515625 24843.006038625619 71737.65049804686 11983.873872070313 -23095.819992404515 22229.032812499994 -38870.54376953125 -28356.764908854169 4766.2589215959824 5753.1058327414776 40817.826021634617 38882.734505208318 -27875.138873291016 22315.299111938479 -54604.685937499977 -11946.799669471155 -25774.772135416668 -11535.846166992189 9254.7923618861605 4229.2743408203123
leaf_weight=10.000000000000002 17 13.999999999999998 10.999999999999998 14.999999999999998 10.000000000000002 9.9999999999999982 12.000000000000002 14.000000000000002 9.9999999999999982 9.9999999999999982 15.999999999999998 19 10.000000000000002 9.9999999999999982 36 10.000000000000002 9.9999999999999982 11.999999999999998 42 10.999999999999998 12.999999999999998 12.000000000000002 32 15.999999999999998 10.000000000000002 12.999999999999998 11.999999999999998 9.9999999999999982 13.999999999999998 15.999999999999998
leaf_count=10 17 14 11 15 10 10 12 14 10 10 16 19 10 10 36 10 10 12 42 11 13 12 32 16 10 13 12 10 14 16
internal_value=820.594 -619.214 1020.54 38513.1 -1316.9 28703.9 -2892.8 -1771.85 -19325.2 970.86 -30523.3 -385.548 13096.2 41860.8 -2855.48 -5021.2 -14559.4 -1877.79 -248.316 -5565.97 13287.5 6789.56 -14305.3 -5620.53 -18766.8 -30493.7 -6323.92 5346.59 22929.2 -7450
internal_weight=457 440 426 25 401 20 381 370 50 320 40 310 48 20 262 243 24 207 195 140 55 58 82 50 34 23 32 20 26 28
internal_count=457 440 426 25 401 20 381 370 50 320 40 310 48 20 262 243 24 207 195 140 55 58 82 50 34 23 32 20 26 28
is_linear=0
shrinkage=0.05


Tree=90
num_leaves=31
num_cat=0
split_feature=5 5 4 5 8 5 5 8 7 5 5 8 5 6 10 7 1 9 7 0 10 2 5 7 0 9 5 5 8 8
split_gain=2.28314e+13 1.68802e+13 1.79408e+13 7.65966e+12 6.07913e+12 8.53347e+12 4.88705e+12 4.03828e+12 5.84403e+12 1.02164e+13 5.2842e+12 8.10251e+12 6.65354e+12 5.1339e+12 4.70159e+12 2.75362e+12 8.20049e+12 5.91508e+12 4.71968e+12 4.69465e+12 5.30832e+12 3.7928e+12 5.88745e+12 4.01143e+12 3.57204e+12 3.50246e+12 4.11686e+12 3.7974e+12 3.46552e+12 5.70369e+12
threshold=18678800.000000004 15311000.000000002 1.0000000180025095e-35 3207800.0000000005 16391950.000000002 13497000.000000002 12440250.000000002 3512100.0000000005 4150000.0000000005 6500200.0000000009 10384350.000000002 7107500.0000000009 11108000.000000002 3685250.0000000005 5896986.0714285728 10373750.000000002 4.5000000000000009 11278526.428571431 9474500.0000000019 2.5000000000000004 8184475.0000000009 251.50000000000003 6975000.0000000009 6812825.0000000009 1.5000000000000002 6854957.1428571437 5580500.0000000009 5640500.0000000009 6812825.0000000009 8715000.0000000019
decision_type=2 2 2 2 2 2 2 2 2 2 2 2 2 2 2 2 2 2 2 2 2 2 2 2 2 2 2 2 2 2
left_child=1 2 3 -1 5 6 7 8 -5 -10 13 -12 -13 -9 -15 17 -17 18 21 -18 -21 25 24 -24 -23 26 -16 -27 -29 -30
right_child=-2 -3 -4 4 -6 -7 -8 10 9 -11 11 12 -14 14 15 16 19 -19 -20 20 -22 22 23 -25 -26 27 -28 28 29 -31
leaf_value=44323.857421875 74301.524715909094 -62850.979531249999 63136.278125000004 12643.874586838943 -35029.317968750001 44513.982812500006 -31560.046525065107 -27001.982299804688 -2589.3932031249997 -67833.862402343759 59216.924414062501 28892.851171874994 -25355.780136718749 32739.404915364583 32010.20425575658 -27065.533842329547 -7987.3999218750005 33928.389737215912 -29779.493310546877 61315.46287109374 16699.087597656249 24043.324459134616 -11839.084524054277 -47884.191286057699 -9970.4199732730267 -21453.508589099703 2951.5990377987132 -13112.162858072916 43183.011683238627 -2516.7762152777777
leaf_weight=9.9999999999999982 10.999999999999998 9.9999999999999982 11.999999999999998 12.999999999999998 11.999999999999998 10.999999999999998 11.999999999999998 15.999999999999998 15.000000000000002 9.9999999999999982 9.9999999999999982 13.000000000000002 9.9999999999999982 11.999999999999998 19 10.999999999999998 9.9999999999999982 10.999999999999998 15.999999999999998 10.000000000000002 20 12.999999999999998 19 12.999999999999998 19 21 34 18 11.000000000000002 18
leaf_count=10 11 10 12 13 12 11 12 16 15 10 10 13 10 12 19 11 10 11 16 10 20 13 19 13 19 21 34 18 11 18
internal_value=3173.18 1349.38 2881.61 1105.05 16.4201 1108.75 -167.87 872.755 -14547.6 -28687.2 2681.32 21643 5306.49 531.024 2132.94 736.452 11167.5 -1772.9 -3726.7 21681.6 31571.2 -1473.49 -11317.4 -26482.4 3847.66 3733.2 13368.8 -3776.93 4121.11 14817.6
internal_weight=440 429 419 407 397 385 374 362 38 25 324 33 23 291 275 263 51 212 201 40 30 185 64 32 32 121 53 68 47 29
internal_count=440 429 419 407 397 385 374 362 38 25 324 33 23 291 275 263 51 212 201 40 30 185 64 32 32 121 53 68 47 29
is_linear=0
shrinkage=0.05


Tree=91
num_leaves=31
num_cat=0
split_feature=5 5 4 5 8 5 5 7 1 8 7 5 6 10 11 2 1 9 6 9 6 9 11 11 8 7 6 9 9 6
split_gain=2.06054e+13 1.52344e+13 1.61916e+13 6.91284e+12 5.48641e+12 7.70146e+12 4.41057e+12 3.67296e+12 1.15333e+13 4.3475e+12 6.05224e+12 1.12615e+13 5.00215e+12 3.9346e+12 4.65814e+12 5.62961e+12 2.54446e+12 3.99299e+12 6.33561e+12 4.71207e+12 4.39778e+12 3.80427e+12 3.28895e+12 5.6259e+12 4.0723e+12 6.56341e+12 2.77431e+12 2.69946e+12 2.24397e+12 1.44647e+12
threshold=18678800.000000004 15311000.000000002 1.0000000180025095e-35 3207800.0000000005 16391950.000000002 13497000.000000002 12440250.000000002 13110000.000000002 6.5000000000000009 3744200.0000000005 4150000.0000000005 6754300.0000000009 3685250.0000000005 5896986.0714285728 6280299.0000000009 285.50000000000006 11.500000000000002 9436694.2857142892 10437500.000000002 10354842.85714286 8530000.0000000019 11278526.428571431 8918186.0000000019 8110645.0000000009 7107500.0000000009 7791050.0000000009 9592500.0000000019 6492750.0000000009 10509450.000000002 5408200.0000000009
decision_type=2 2 2 2 2 2 2 2 2 2 2 2 2 2 2 2 2 2 2 2 2 2 2 2 2 2 2 2 2 2
left_child=1 2 3 -1 5 6 7 9 -9 10 -5 -12 -11 -14 15 -15 17 18 20 -19 22 -21 23 24 25 27 -22 -16 -18 -26
right_child=-2 -3 -4 4 -6 -7 -8 8 -10 12 11 -13 13 14 16 -17 28 19 -20 21 26 -23 -24 -25 29 -27 -28 -29 -30 -31
leaf_value=42107.663789062499 70586.449431818182 -59708.430390625006 59979.465104166666 12011.680356069712 -33277.8515625 42288.283735795456 -29982.043147786459 -18992.45308948863 49423.487806919642 -25651.883471679688 -4746.5086397058813 -71615.592236328128 31102.433723958333 -43295.243090820302 17271.853753662112 7500.8052343749996 3455.0324999999993 41528.016562500008 -26146.023491753473 -9449.4068237304673 41030.040087890615 26240.258295113701 -22669.055438701922 39716.710781250003 1349.734210526316 40921.840752704331 9992.9556694878484 -8159.3589550781253 -30041.0428125 -15968.077260890153
leaf_weight=9.9999999999999982 10.999999999999998 9.9999999999999982 11.999999999999998 12.999999999999998 11.999999999999998 10.999999999999998 11.999999999999998 11.000000000000002 13.999999999999998 15.999999999999998 17.000000000000004 9.9999999999999982 11.999999999999998 12.000000000000002 15.999999999999998 9.9999999999999982 10.000000000000002 14.999999999999998 18 16.000000000000004 12.000000000000002 13.999999999999998 12.999999999999998 9.9999999999999982 19 12.999999999999998 18 30 9.9999999999999982 33
leaf_count=10 11 10 12 13 12 11 12 11 14 16 17 10 12 12 16 10 10 15 18 16 12 14 13 10 19 13 18 30 10 33
internal_value=3014.52 1281.91 2737.53 1049.8 15.5991 1053.32 -159.476 829.117 19320.5 -542.645 -16017.4 -29512.8 1541.49 3089.87 1840.24 -20206.1 3803.88 5310.22 2012.78 18646.5 5103.38 7205.77 1229.26 3796.85 560.822 9551.74 22407.8 686.28 -13293 -9640.42
internal_weight=440 429 419 407 397 385 374 362 25 337 40 27 297 281 269 22 247 227 182 45 164 30 134 121 111 59 30 46 20 52
internal_count=440 429 419 407 397 385 374 362 25 337 40 27 297 281 269 22 247 227 182 45 164 30 134 121 111 59 30 46 20 52
is_linear=0
shrinkage=0.05


Tree=92
num_leaves=31
num_cat=0
split_feature=5 5 4 5 8 5 5 7 1 8 7 5 6 10 11 5 9 8 6 5 8 8 8 9 1 10 7 10 5 5
split_gain=1.85964e+13 1.3749e+13 1.46129e+13 6.23884e+12 4.95149e+12 6.95057e+12 3.98054e+12 3.31485e+12 1.04088e+13 3.92362e+12 5.46215e+12 1.01635e+13 4.51687e+12 5.21637e+12 4.16422e+12 3.20425e+12 2.34498e+12 2.96255e+12 5.36363e+12 4.19895e+12 8.67514e+12 8.98639e+12 2.90057e+12 7.87757e+12 6.15894e+12 5.33181e+12 7.19836e+12 3.6779e+12 3.35613e+12 5.86607e+12
threshold=18678800.000000004 15311000.000000002 1.0000000180025095e-35 3207800.0000000005 16391950.000000002 13497000.000000002 12440250.000000002 13110000.000000002 6.5000000000000009 3744200.0000000005 4150000.0000000005 6754300.0000000009 3744200.0000000005 5896986.0714285728 6280299.0000000009 6243000.0000000009 6226628.5714285718 10727235.000000002 7254200.0000000009 9467800.0000000019 6120285.0000000009 7596300.0000000009 6500200.0000000009 7814531.4285714291 3.5000000000000004 8755842.8571428601 8066500.0000000009 7217052.1428571437 6812825.0000000009 5285500.0000000009
decision_type=2 2 2 2 2 2 2 2 2 2 2 2 2 2 2 2 2 2 2 2 2 2 2 2 2 2 2 2 2 2
left_child=1 2 3 -1 5 6 7 9 -9 10 -5 -12 -11 -14 15 -15 -16 19 -19 22 -21 -22 23 24 -18 28 -27 -26 29 -24
right_child=-2 -3 -4 4 -6 -7 -8 8 -10 12 11 -13 13 14 16 -17 17 18 -20 20 21 -23 25 -25 27 26 -28 -29 -30 -31
leaf_value=40002.279375000006 67057.126136363644 -56723.006142578124 56980.493750000001 11411.095868389424 -31613.9580078125 40173.869957386371 -28482.94147135417 -18042.830433238629 46952.313281250004 -22811.530783420138 -4509.1831973805138 -68034.812265625005 36776.671590909093 -113.92428977272724 20883.491558159723 -38277.722682883519 -25053.023167067309 11741.753984374996 -37839.800179036458 58873.522499999999 -28416.797318522127 27442.624359809026 -14185.775026041669 -32033.592649147729 30021.887674753292 49799.222433035706 -2974.6333536783859 -3097.8486197916668 -12048.246261160715 26753.460993303575
leaf_weight=9.9999999999999982 10.999999999999998 9.9999999999999982 11.999999999999998 12.999999999999998 11.999999999999998 10.999999999999998 11.999999999999998 11.000000000000002 13.999999999999998 18 17.000000000000004 9.9999999999999982 10.999999999999998 11.000000000000002 18 10.999999999999998 12.999999999999998 10.000000000000002 11.999999999999998 9.9999999999999982 12.000000000000002 18 14.999999999999998 22 19 14.000000000000002 11.999999999999998 14.999999999999998 35 21
leaf_count=10 11 10 12 13 12 11 12 11 14 18 17 10 11 11 18 11 13 10 12 10 12 18 15 22 19 14 12 15 35 21
internal_value=2863.8 1217.81 2600.65 997.312 14.8191 1000.65 -151.502 787.661 18354.5 -515.513 -15216.5 -28037.2 1464.42 3030.61 1645.51 -19195.8 3509.37 2137.73 -15302.7 4000.3 18542.5 5098.86 496.149 -7340.29 4218.27 6070.53 25442.1 15410.2 -1023.28 9695.45
internal_weight=440 429 419 407 397 385 374 362 25 337 40 27 297 279 268 22 246 228 22 206 40 30 166 69 47 97 26 34 71 36
internal_count=440 429 419 407 397 385 374 362 25 337 40 27 297 279 268 22 246 228 22 206 40 30 166 69 47 97 26 34 71 36
is_linear=0
shrinkage=0.05


Tree=93
num_leaves=31
num_cat=0
split_feature=5 5 4 5 6 6 8 11 11 10 10 11 5 5 11 11 7 5 10 6 6 0 2 7 7 7 10 5 11 5
split_gain=1.67832e+13 1.24085e+13 1.31882e+13 5.63055e+12 4.58481e+12 8.36496e+12 8.87565e+12 5.28151e+12 1.08311e+13 5.87901e+12 8.34863e+12 8.74991e+12 5.57585e+12 5.08927e+12 4.95042e+12 8.83723e+12 5.19704e+12 2.94533e+12 3.08807e+12 3.25921e+12 3.2877e+12 4.17099e+12 3.28153e+12 3.73525e+12 3.37173e+12 2.99486e+12 2.50644e+12 2.19566e+12 2.19442e+12 1.86774e+12
threshold=18678800.000000004 15311000.000000002 1.0000000180025095e-35 3207800.0000000005 17430950.000000004 13249685.000000002 16391950.000000002 8389421.6666666679 8621354.1666666679 9518564.2857142873 9901201.7857142873 11124899.166666668 8530000.0000000019 8210075.0000000009 7773976.3333333349 7665548.0000000009 10373750.000000002 9306250.0000000019 5764964.2857142864 9340085.0000000019 8210075.0000000009 5.5000000000000009 168.50000000000003 5368200.0000000009 4876250.0000000009 6369800.0000000009 8029273.92857143 5838300.0000000009 7243910.666666667 6975000.0000000009
decision_type=2 2 2 2 2 2 2 2 2 2 2 2 2 2 2 2 2 2 2 2 2 2 2 2 2 2 2 2 2 2
left_child=1 2 3 -1 5 6 7 14 -9 12 -11 -12 -10 -7 15 16 17 18 -5 20 21 22 23 -20 -24 -21 -16 -25 -19 -26
right_child=-2 -3 -4 4 -6 13 -8 8 9 10 11 -13 -14 -15 26 -17 -18 28 19 25 -22 -23 24 27 29 -27 -28 -29 -30 -31
leaf_value=38002.166562500002 63704.272159090906 -53886.856035156248 54131.469531250004 26970.81625 31843.804936079548 -52785.786588541654 -43312.776136363638 53200.055133928574 6425.7019949776768 49659.234759404113 -21900.84193386502 26746.55508840461 -41144.504119318182 -4488.9901171874999 -31605.573000919121 45486.875639204547 30121.559405048076 -34826.569646661919 -34571.918004261366 36368.673359374989 -24487.012554253473 -32414.060634765625 26110.472286184213 14005.271205357139 6382.635291883681 -680.5167154947917 -7096.951916956019 -12733.700155101104 -6480.2456217447916 -18043.572304687503
leaf_weight=9.9999999999999982 10.999999999999998 9.9999999999999982 11.999999999999998 9.9999999999999982 10.999999999999998 12.000000000000002 10.999999999999998 13.999999999999998 14.000000000000002 12.999999999999998 18 19 10.999999999999998 9.9999999999999982 17 10.999999999999998 12.999999999999998 11.000000000000002 10.999999999999998 10.000000000000002 18 9.9999999999999982 19 14.000000000000002 36 11.999999999999998 27 17 18 9.9999999999999982
leaf_count=10 11 10 12 10 11 12 11 14 14 13 18 19 11 10 17 11 13 11 11 10 18 10 19 14 36 12 27 17 18 10
internal_value=2720.61 1156.92 2470.62 947.446 14.0782 -892.987 916.556 2294.81 12828.2 5292.13 15190.8 3080.25 -14505.2 -30832.7 -1256.23 1805.77 -493.237 -2523.81 30.358 -1685.59 -4593.77 -1533.27 1352.78 -9540.24 8391.36 16160 -16566.2 -658.036 -17232.3 1072.59
internal_weight=440 429 419 407 397 386 364 353 89 75 50 37 25 22 264 220 209 196 167 157 135 117 107 42 65 22 44 31 29 46
internal_count=440 429 419 407 397 386 364 353 89 75 50 37 25 22 264 220 209 196 167 157 135 117 107 42 65 22 44 31 29 46
is_linear=0
shrinkage=0.05


Tree=94
num_leaves=31
num_cat=0
split_feature=5 5 4 5 6 9 8 11 11 8 9 5 9 9 9 7 5 0 7 8 8 11 5 2 6 6 5 8 8 5
split_gain=1.51469e+13 1.11987e+13 1.19023e+13 5.08157e+12 4.13779e+12 7.60626e+12 7.80724e+12 4.34047e+12 8.80924e+12 5.76119e+12 4.44596e+12 5.66909e+12 5.28512e+12 4.09365e+12 4.8596e+12 4.82672e+12 3.75828e+12 3.55418e+12 2.96917e+12 3.17308e+12 7.9619e+12 5.07867e+12 3.08529e+12 2.73003e+12 5.46123e+12 2.69234e+12 2.56658e+12 2.51993e+12 2.4389e+12 2.35504e+12
threshold=18678800.000000004 15311000.000000002 1.0000000180025095e-35 3207800.0000000005 17430950.000000004 12052012.142857144 16391950.000000002 8389421.6666666679 8621354.1666666679 11343035.000000002 10065485.714285716 8530000.0000000019 9263997.8571428601 8852812.1428571437 7517332.1428571437 9994100.0000000019 11856175.000000002 3.5000000000000004 4202500.0000000009 5898500.0000000009 6405800.0000000009 6611980.8333333349 5321500.0000000009 171.50000000000003 9484500.0000000019 8752250.0000000019 4697500.0000000009 6051000.0000000009 7791050.0000000009 8210075.0000000009
decision_type=2 2 2 2 2 2 2 2 2 2 2 2 2 2 2 2 2 2 2 2 2 2 2 2 2 2 2 2 2 2
left_child=1 2 3 -1 5 6 7 9 -9 13 11 -10 -13 14 15 18 17 -12 27 22 -21 28 26 -16 -25 29 -20 -5 -22 -23
right_child=-2 -3 -4 4 -6 -7 -8 8 10 -11 16 12 -14 -15 23 -17 -18 -19 19 20 21 25 -24 24 -26 -27 -28 -29 -30 -31
leaf_value=36102.058515625002 60519.060227272734 -51192.512968750001 51424.896093750001 32516.37779947916 30251.613920454547 -41829.217684659088 -41147.136505681818 46019.53661458334 13814.463291529604 -38835.026894531249 25161.841706730764 720.23797200520812 -46206.667382812506 22844.043771701388 -29585.464771792766 30547.014878627233 43317.321624755859 -12573.438712565105 -13236.111287434891 45454.733671875001 -35864.321394230756 7943.0200640572439 -20688.465413411461 -17486.439240056818 21902.4722249349 26358.728305288463 20200.641583806821 -1468.4231640625001 -3020.0725195312502 -19503.240092329546
leaf_weight=9.9999999999999982 10.999999999999998 9.9999999999999982 11.999999999999998 12.000000000000002 10.999999999999998 10.999999999999998 10.999999999999998 14.999999999999998 19 9.9999999999999982 13.000000000000002 12.000000000000002 11.999999999999998 18 19 13.999999999999998 9.9999999999999982 11.999999999999998 12.000000000000002 9.9999999999999982 13.000000000000002 27 36 33 11.999999999999998 12.999999999999998 10.999999999999998 9.9999999999999982 9.9999999999999982 10.999999999999998
leaf_count=10 11 10 12 12 11 11 11 15 19 10 13 12 12 18 19 14 10 12 12 10 13 27 36 33 12 13 11 10 10 11
internal_value=2584.58 1099.08 2347.09 900.074 13.3743 -848.337 353.769 1607.92 10928.2 -1590.57 4179.92 -6589.82 -22743.2 -163.581 -1867.85 2360.11 17411.3 7048.91 -31.5087 -2662.32 3579.76 -2079.02 -11549.3 -13692.9 -6982.73 6717.44 2755.38 17068.7 -21584.2 -1.94998
internal_weight=440 429 419 407 397 386 375 364 93 271 78 43 24 261 243 179 35 25 165 143 84 74 59 64 45 51 23 22 23 38
internal_count=440 429 419 407 397 386 375 364 93 271 78 43 24 261 243 179 35 25 165 143 84 74 59 64 45 51 23 22 23 38
is_linear=0
shrinkage=0.05


Tree=95
num_leaves=31
num_cat=0
split_feature=5 2 7 2 11 2 5 2 5 9 11 11 6 9 9 11 9 8 7 5 5 5 10 11 7 11 7 8 6 7
split_gain=3.28707e+13 1.07813e+13 1.4401e+13 1.05582e+13 1.23616e+13 8.89363e+12 1.44359e+13 9.30104e+12 1.02813e+13 6.54632e+12 5.12079e+12 1.05582e+13 5.24919e+12 6.7147e+12 4.97877e+12 6.42085e+12 4.76482e+12 4.56499e+12 5.68524e+12 8.6325e+12 3.99985e+12 3.78861e+12 2.81565e+12 4.63028e+12 4.21776e+12 2.63165e+12 3.07508e+12 3.31385e+12 2.5977e+12 3.07205e+12
threshold=3280000.0000000005 345.50000000000006 12001950.000000002 332.50000000000006 11432317.833333334 57.500000000000007 14614885.000000002 15.500000000000002 8210075.0000000009 8852812.1428571437 6235695.666666667 6303717.8333333349 4371750.0000000009 7339892.8571428582 7972730.9523809534 9243590.0000000019 10128957.142857146 8769300.0000000019 7181000.0000000009 9467800.0000000019 7995510.0000000009 9491225.0000000019 6973041.7857142864 6969908.6666666679 8403800.0000000019 8079319.5000000009 5408200.0000000009 5898500.0000000009 6533000.0000000009 6683535.0000000009
decision_type=2 2 2 2 2 2 2 2 2 2 2 2 2 2 2 2 2 2 2 2 2 2 2 2 2 2 2 2 2 2
left_child=-1 3 -3 4 5 7 10 -2 -9 -5 -7 -12 13 -13 21 17 -17 18 -16 -20 -19 22 24 -24 28 26 -25 -28 -14 -30
right_child=1 2 -4 9 -6 6 -8 8 -10 -11 11 12 14 -15 15 16 -18 20 19 -21 -22 -23 23 25 -26 -27 27 -29 29 -31
leaf_value=-91389.703515625006 17912.143164062501 443.13879825367644 -71097.10338541666 8808.493235085225 -54395.716718750009 -17143.386108194987 54393.560937500006 -12577.045405273435 -72758.762215909097 63357.56590909091 55040.139921875001 42819.897426470583 -16176.713910590279 -8814.6913061523428 5562.2435891544119 -27917.57763671875 7942.7018732244323 21492.251249999994 18075.347011718746 76390.711896306821 -23228.248593750002 -31080.181340144234 -40775.106210937505 19451.660827636719 31928.156282552081 -21447.944921875001 -28346.349707031251 3834.0277722835544 21491.559204819619 -12419.586647727272
leaf_weight=9.9999999999999982 11.999999999999998 17.000000000000004 11.999999999999998 11.000000000000002 9.9999999999999982 30 13.999999999999998 20.000000000000004 10.999999999999998 10.999999999999998 9.9999999999999982 17.000000000000004 18 9.9999999999999982 17 15.999999999999998 22 10.000000000000002 15.000000000000002 10.999999999999998 9.9999999999999982 12.999999999999998 9.9999999999999982 15.999999999999998 11.999999999999998 17 11.999999999999998 24 17.000000000000004 10.999999999999998
leaf_count=10 12 17 12 11 10 30 14 20 11 11 10 17 18 10 17 16 22 10 15 11 10 13 10 16 12 17 12 24 17 11
internal_value=-1760.4 295.317 -29159.7 2394.08 468.996 1932.05 4703.2 -19463.8 -33931.8 36083 2515.57 4563.38 2747.67 23696 494.267 9076.08 -7156.36 18867.1 28046.2 42747.2 -867.999 -5284.16 -2836.36 -8978.22 5529.28 -4369.97 1213.21 -6892.76 -1357.39 8169.32
internal_weight=446 436 29 407 385 375 332 43 31 22 318 288 278 27 251 101 38 63 43 26 20 150 137 79 58 69 52 36 46 28
internal_count=446 436 29 407 385 375 332 43 31 22 318 288 278 27 251 101 38 63 43 26 20 150 137 79 58 69 52 36 46 28
is_linear=0
shrinkage=0.05


Tree=96
num_leaves=31
num_cat=0
split_feature=5 2 7 2 11 2 5 2 5 8 11 11 6 11 6 5 10 8 5 5 11 2 10 10 8 6 8 11 8 5
split_gain=2.96658e+13 9.73008e+12 1.29969e+13 9.52881e+12 1.11564e+13 8.0265e+12 1.30284e+13 8.39418e+12 9.27892e+12 4.92098e+12 4.62151e+12 9.52879e+12 4.7374e+12 5.10261e+12 2.96984e+12 5.17443e+12 5.44963e+12 4.89161e+12 5.39764e+12 4.76327e+12 6.34472e+12 4.7203e+12 3.73102e+12 8.97938e+12 2.74146e+12 2.7372e+12 2.21904e+12 2.09406e+12 3.39854e+12 2.02545e+12
threshold=3280000.0000000005 345.50000000000006 12001950.000000002 332.50000000000006 11432317.833333334 57.500000000000007 14614885.000000002 15.500000000000002 8210075.0000000009 8288800.0000000009 6235695.666666667 6303717.8333333349 4371750.0000000009 7122412.5000000009 8530000.0000000019 7198000.0000000009 8080631.0714285718 6108500.0000000009 10001000.000000002 5285500.0000000009 7637292.8333333349 78.500000000000014 7652819.6428571437 8293206.7857142864 6905000.0000000009 5929500.0000000009 7001700.0000000009 7211026.3333333349 6500200.0000000009 5130500.0000000009
decision_type=2 2 2 2 2 2 2 2 2 2 2 2 2 2 2 2 2 2 2 2 2 2 2 2 2 2 2 2 2 2
left_child=-1 3 -3 4 5 7 10 -2 -9 -5 29 -12 13 -13 21 19 -17 -18 -19 -16 -21 -14 25 -24 -25 26 -23 -27 -29 -7
right_child=1 2 -4 9 -6 6 -8 8 -10 -11 11 12 14 -15 15 16 17 18 -20 20 -22 22 23 24 -26 27 -28 28 -30 -31
leaf_value=-86820.216484375007 17016.535579427084 420.98133042279409 -67542.248763020834 12691.805729166663 -51675.933125000003 -2397.3858398437492 51673.882142857146 -11948.193225097655 -69120.823579545468 60183.364003906252 52288.133593750004 48726.064346590894 25805.388151041669 4488.4410171508789 -7809.6308948863634 -24586.263743832238 28540.721461397061 22355.222549715905 -22101.574924045141 53849.842428385411 8585.9950366973881 -45065.19382812499 38030.198828125001 -31920.270234374988 422.95354421515214 -14552.032248785557 -14657.950156250001 20326.504492187494 -16812.13426846591 -28438.944586181642
leaf_weight=9.9999999999999982 11.999999999999998 17.000000000000004 11.999999999999998 12.000000000000002 9.9999999999999982 14.000000000000002 13.999999999999998 20.000000000000004 10.999999999999998 9.9999999999999982 9.9999999999999982 11.000000000000002 11.999999999999998 15.999999999999998 10.999999999999998 19 17 11.000000000000002 18 15.000000000000002 15.999999999999998 10.000000000000002 13.999999999999998 10.000000000000002 19 39 14.999999999999998 14.000000000000002 10.999999999999998 15.999999999999998
leaf_count=10 12 17 12 12 10 14 14 20 11 10 10 11 12 16 11 19 17 11 18 15 16 10 14 10 19 39 15 14 11 16
internal_value=-1672.38 280.551 -27701.7 2274.37 445.546 1835.45 4468.04 -18490.6 -32235.3 34278.9 2389.79 4335.21 2610.29 22511.2 469.554 6778.97 -2059.5 7245.03 -5238.65 20457.6 30487.9 -4218.69 -6948.16 5145.49 -10729.9 -12791.2 -26820.8 -7310.81 3985.5 -16286.2
internal_weight=446 436 29 407 385 375 332 43 31 22 318 288 278 27 251 107 65 46 29 42 31 144 132 43 29 89 25 64 25 30
internal_count=446 436 29 407 385 375 332 43 31 22 318 288 278 27 251 107 65 46 29 42 31 144 132 43 29 89 25 64 25 30
is_linear=0
shrinkage=0.05


Tree=97
num_leaves=31
num_cat=0
split_feature=5 2 7 2 11 2 5 2 5 9 9 9 7 5 9 8 9 6 11 7 9 9 1 5 2 11 6 8 8 9
split_gain=2.67734e+13 8.7814e+12 1.17297e+13 8.59975e+12 1.00686e+13 7.24392e+12 1.17581e+13 7.57575e+12 8.37422e+12 6.00691e+12 4.40816e+12 8.46201e+12 1.01811e+13 6.4668e+12 3.36571e+12 2.64647e+12 3.51807e+12 3.74819e+12 3.36862e+12 6.06175e+12 4.8184e+12 4.08184e+12 3.25471e+12 3.01553e+12 2.31046e+12 1.93973e+12 2.69551e+12 5.31734e+12 3.75216e+12 2.49684e+12
threshold=3280000.0000000005 345.50000000000006 12001950.000000002 332.50000000000006 11432317.833333334 57.500000000000007 14614885.000000002 15.500000000000002 8210075.0000000009 8852812.1428571437 5794608.5714285728 6202457.1428571437 6905000.0000000009 5130500.0000000009 6377196.4285714291 10727235.000000002 7972730.9523809534 4460000.0000000009 9243590.0000000019 7181000.0000000009 9463219.2857142873 10128957.142857146 9.5000000000000018 10001000.000000002 281.50000000000006 8079319.5000000009 9157335.0000000019 7107500.0000000009 7274800.0000000009 6744300.0000000009
decision_type=2 2 2 2 2 2 2 2 2 2 2 2 2 2 2 2 2 2 2 2 2 2 2 2 2 2 2 2 2 2
left_child=-1 3 -3 4 5 7 10 -2 -9 -5 13 12 -12 -7 -13 16 17 -16 19 20 -18 -20 -21 25 -17 26 28 -28 29 -19
right_child=1 2 -4 9 -6 6 -8 8 -10 -11 11 14 -14 -15 15 24 18 23 21 22 -22 -23 -24 -25 -26 -27 27 -29 -30 -31
leaf_value=-82479.207968750008 16165.708219401042 399.93212316176465 -64165.13684895834 6438.2522727272708 -49092.136875000004 13262.034843749996 49090.189620535719 -11350.783156127929 -65664.783522727274 58691.613139204543 2252.238044084821 -25743.436079545456 65014.695117187504 -38646.547070312503 22078.589373779298 -22710.258978949649 19582.947427707244 -9921.9585193452385 -28043.000644531243 47867.103949652774 -20364.999399038465 12215.27585592831 15034.98650371845 -28628.731392045454 7264.9503906250002 -21132.795374644887 -5065.7230130709122 43430.694843750003 -20416.355180027174 12005.989926326976
leaf_weight=9.9999999999999982 11.999999999999998 17.000000000000004 11.999999999999998 11.000000000000002 9.9999999999999982 10.000000000000002 13.999999999999998 20.000000000000004 10.999999999999998 10.999999999999998 14.000000000000002 10.999999999999998 11.999999999999998 14.999999999999998 15.999999999999998 18.000000000000004 18.000000000000004 21 10.000000000000002 18.000000000000004 12.999999999999998 17 12.999999999999998 10.999999999999998 9.9999999999999982 10.999999999999998 13.000000000000002 9.9999999999999982 23 34
leaf_count=10 12 17 12 11 10 10 14 20 11 11 14 11 12 15 16 18 18 21 10 18 13 17 13 11 10 11 13 10 23 34
internal_value=-1588.76 266.523 -26316.6 2160.66 423.268 1743.68 4244.64 -17566 -30623.5 32564.9 2270.3 3989.88 31219.5 -17883.1 1338.3 2501.97 4283.51 -686.334 12045.4 18464.7 2830.58 -2695.2 34098.8 -3647.63 -12004.8 -1194.12 977.415 16019.7 -3458.12 3633.5
internal_weight=446 436 29 407 385 375 332 43 31 22 318 293 26 25 267 256 228 139 89 62 31 27 31 123 28 112 101 23 78 55
internal_count=446 436 29 407 385 375 332 43 31 22 318 293 26 25 267 256 228 139 89 62 31 27 31 123 28 112 101 23 78 55
is_linear=0
shrinkage=0.05


Tree=98
num_leaves=31
num_cat=0
split_feature=5 2 7 2 11 2 5 2 5 9 11 11 9 9 9 11 9 7 5 5 2 9 0 11 11 11 2 5 9 10
split_gain=2.4163e+13 7.92521e+12 1.05877e+13 7.76127e+12 9.08693e+12 6.53764e+12 1.06117e+13 6.83712e+12 7.55774e+12 5.42124e+12 4.059e+12 8.34115e+12 2.63286e+12 8.05258e+12 3.06563e+12 4.98429e+12 4.03275e+12 3.82497e+12 8.54496e+12 6.32977e+12 3.66746e+12 2.97082e+12 2.84896e+12 2.87778e+12 3.50169e+12 3.13052e+12 2.30396e+12 1.66287e+12 1.04409e+12 2.12888e+12
threshold=3280000.0000000005 345.50000000000006 11568950.000000002 332.50000000000006 11432317.833333334 57.500000000000007 14614885.000000002 15.500000000000002 8210075.0000000009 8852812.1428571437 6235695.666666667 6303717.8333333349 5794608.5714285728 6226628.5714285718 7972730.9523809534 9243590.0000000019 10354842.85714286 7181000.0000000009 10384350.000000002 6847850.0000000009 219.50000000000003 9463219.2857142873 4.5000000000000009 7423742.333333334 6943682.3333333349 7193478.333333334 135.50000000000003 5014550.0000000009 6744300.0000000009 7306241.7857142864
decision_type=2 2 2 2 2 2 2 2 2 2 2 2 2 2 2 2 2 2 2 2 2 2 2 2 2 2 2 2 2 2
left_child=-1 3 -3 4 5 7 10 -2 -9 -5 27 -12 -13 -14 20 17 -17 21 19 -19 22 -16 23 24 -15 -26 -24 -7 -22 -30
right_child=1 2 -4 9 -6 6 -8 8 -10 -11 11 12 13 14 15 16 -18 18 -20 -21 28 -23 26 -25 25 -27 -28 -29 29 -31
leaf_value=-78355.247968750002 15357.423209635417 2231.4562011718749 -58517.455769230779 6116.3397372159079 -46637.529296875 -928.45278116861959 46635.680468750004 -10783.243966064452 -62381.54332386364 55757.032386363637 48845.12140625 -22823.907500000001 36608.976953124999 -3953.5037224264706 17147.910194798522 -23193.565316611843 8973.4638196182259 36248.506400553379 66497.911562499998 -16261.356156782669 -25302.363545496322 -12618.425833333335 -31260.356328124992 -6554.7574406550484 44231.762239583324 11262.271929253473 -1014.5927590762867 -24957.307877604166 6326.1070963541652 -21533.419210052492
leaf_weight=9.9999999999999982 11.999999999999998 16.000000000000004 12.999999999999998 11.000000000000002 9.9999999999999982 12.000000000000002 13.999999999999998 20.000000000000004 10.999999999999998 10.999999999999998 9.9999999999999982 9.9999999999999982 17 17 19 19 20 12.000000000000002 9.9999999999999982 10.999999999999998 17 14.999999999999998 10.000000000000002 26 12.000000000000002 18 17 18 12.000000000000002 15.999999999999998
leaf_count=10 12 16 13 11 10 12 14 20 11 11 10 10 17 17 19 19 20 12 10 11 17 15 10 26 12 18 17 18 12 16
internal_value=-1509.32 253.197 -25000.8 2052.62 402.105 1656.5 4032.41 -16687.7 -29092.3 30936.7 2156.79 3979.97 2366.12 3306.04 1050.47 7513.32 -6697.65 15785.4 27911.7 11135.1 -3674.1 4015.7 1660.17 6792.72 14176.4 24450.1 -12216.7 -15345.8 -15528 -9593.62
internal_weight=446 436 29 407 385 375 332 43 31 22 318 288 278 268 251 106 39 67 33 23 145 34 100 73 47 30 27 30 45 28
internal_count=446 436 29 407 385 375 332 43 31 22 318 288 278 268 251 106 39 67 33 23 145 34 100 73 47 30 27 30 45 28
is_linear=0
shrinkage=0.05


Tree=99
num_leaves=31
num_cat=0
split_feature=5 2 6 2 11 2 5 2 5 9 11 11 6 9 9 11 8 5 5 9 5 5 10 11 9 9 11 2 5 0
split_gain=2.18071e+13 7.1525e+12 1.047e+13 7.00455e+12 8.20096e+12 5.90022e+12 9.57706e+12 6.1705e+12 6.82086e+12 4.89267e+12 3.66325e+12 7.52789e+12 3.88635e+12 5.76947e+12 3.63679e+12 4.59386e+12 3.63381e+12 5.45001e+12 3.9052e+12 3.60659e+12 3.20157e+12 2.94169e+12 2.34378e+12 4.19872e+12 2.88625e+12 6.26873e+12 1.97275e+12 1.95988e+12 2.69821e+12 1.54348e+12
threshold=3280000.0000000005 345.50000000000006 8575200.0000000019 332.50000000000006 11432317.833333334 57.500000000000007 14614885.000000002 15.500000000000002 8210075.0000000009 8852812.1428571437 6235695.666666667 6303717.8333333349 4371750.0000000009 7339892.8571428582 7972730.9523809534 9243590.0000000019 8458500.0000000019 10384350.000000002 6168000.0000000009 10128957.142857146 7995510.0000000009 9491225.0000000019 6973041.7857142864 6969908.6666666679 6594828.5714285718 6061065.7142857155 8079319.5000000009 129.50000000000003 5130500.0000000009 3.5000000000000004
decision_type=2 2 2 2 2 2 2 2 2 2 2 2 2 2 2 2 2 2 2 2 2 2 2 2 2 2 2 2 2 2
left_child=-1 3 -3 4 5 7 10 -2 -9 -5 -7 -12 13 -13 21 16 17 18 -16 -17 -18 22 24 -24 25 -14 27 -25 -29 -21
right_child=1 2 -4 9 -6 6 -8 8 -10 -11 11 12 14 -15 15 19 20 -19 -20 29 -22 -23 23 26 -26 -27 -28 28 -30 -31
leaf_value=-74437.482187500005 14589.552408854166 -59509.197249348945 1490.4664062500001 5810.5242897727258 -44305.653203125003 -14578.477727864585 44303.895424107148 -10244.081674804685 -59262.466761363641 52969.181072443178 46402.864218750008 37999.578216911759 -12723.051432291664 -9862.9150195312504 39195.030849609364 -24149.22321777344 18606.031321022721 54826.655255681828 926.88150878906254 20293.343963068179 -19541.849502840909 -27360.390985576927 -38355.303281250002 -18747.610156250001 -6791.8158347800927 33437.733696546049 -18474.474606502758 -15392.638068181819 13431.421303238409 -6194.0342373934664
leaf_weight=9.9999999999999982 11.999999999999998 12.000000000000002 17 11.000000000000002 9.9999999999999982 30 13.999999999999998 20.000000000000004 10.999999999999998 10.999999999999998 9.9999999999999982 17.000000000000004 12.000000000000002 9.9999999999999982 10.000000000000002 15.999999999999998 11.000000000000002 10.999999999999998 20 11.000000000000002 10.999999999999998 12.999999999999998 9.9999999999999982 9.9999999999999982 27 19 17 10.999999999999998 31 10.999999999999998
leaf_count=10 12 12 17 11 10 30 14 20 11 11 10 17 12 10 10 16 11 11 20 11 11 13 10 10 27 19 17 11 31 11
internal_value=-1433.86 240.537 -23750.8 1949.99 382 1573.67 3830.78 -15853.4 -27637.7 29389.9 2048.95 3780.97 2247.81 20272.7 308.877 7643.48 15925.2 24721.5 13682.9 -6086.71 -467.909 -4629.76 -2472.84 -8076.46 5159.68 15569 -3688.22 1145.75 5882.26 7049.65
internal_weight=446 436 29 407 385 375 332 43 31 22 318 288 278 27 251 101 63 41 30 38 22 150 137 79 58 31 69 52 42 22
internal_count=446 436 29 407 385 375 332 43 31 22 318 288 278 27 251 101 63 41 30 38 22 150 137 79 58 31 69 52 42 22
is_linear=0
shrinkage=0.05


Tree=100
num_leaves=31
num_cat=0
split_feature=2 5 0 7 7 9 8 8 9 6 5 11 11 5 2 5 6 6 11 5 8 0 11 9 11 9 6 5 11 5
split_gain=1.14933e+13 1.80915e+13 1.41685e+13 3.20743e+13 1.13394e+13 1.09983e+13 5.09453e+12 3.52556e+13 1.306e+13 7.42173e+12 6.11702e+12 3.77483e+12 9.02751e+12 5.16702e+12 3.4397e+12 2.86511e+12 4.90047e+12 4.75033e+12 4.5892e+12 4.15484e+12 3.36708e+12 3.71966e+12 2.80641e+12 6.54262e+12 5.18731e+12 3.67689e+12 2.48069e+12 2.42017e+12 2.20917e+12 2.98402e+12
threshold=329.50000000000006 13917500.000000002 4.5000000000000009 10306825.000000002 7693150.0000000009 9407089.2857142873 6683535.0000000009 6905000.0000000009 8677650.0000000019 11568950.000000002 4405000.0000000009 6280299.0000000009 6674366.5000000009 5321500.0000000009 15.500000000000002 8210075.0000000009 5368200.0000000009 11343035.000000002 8280714.166666667 6575025.0000000009 8927750.0000000019 1.5000000000000002 7516777.1515151532 7720171.42857143 7585321.5000000009 7814531.4285714291 9484500.0000000019 6500200.0000000009 6923072.3333333349 7651000.0000000009
decision_type=2 2 2 2 2 2 2 2 2 2 2 2 2 2 2 2 2 2 2 2 2 2 2 2 2 2 2 2 2 2
left_child=1 6 3 4 -2 -3 8 -8 11 -10 -9 13 -13 -1 -12 18 -17 26 20 -20 21 -16 23 28 -24 -26 -18 -22 -14 -30
right_child=2 5 -4 -5 -6 -7 7 10 9 -11 14 12 22 -15 15 16 17 -19 19 -21 27 -23 24 -25 25 -27 -28 -29 29 -31
leaf_value=194.33966761997763 -33812.990466308591 84383.253437499981 15500.410431985296 -100205.78640485491 32133.362215909088 10226.89265625 95530.133281250004 -30465.989852905273 -74842.482578124982 -18444.428404017857 25635.455266462057 37715.993281249997 -24746.424375000002 -45598.720596590916 32013.354667154952 21116.769850852274 -16252.03826497396 11191.051814778646 347.46374999999989 43216.064873798081 -14.81335018382353 -3198.6647961425783 -38206.995621163507 40576.770917968752 11166.304915364584 -21245.720755208335 -44926.026420454553 -27569.669049479169 -6356.2069335937504 25182.23046875
leaf_weight=14.000000000000002 16.000000000000004 10.000000000000002 17 13.999999999999998 10.999999999999998 9.9999999999999982 9.9999999999999982 15.999999999999998 10.000000000000002 13.999999999999998 13.999999999999998 14.999999999999998 9.9999999999999982 10.999999999999998 11.999999999999998 10.999999999999998 24 11.999999999999998 10.000000000000002 12.999999999999998 17 20 13.999999999999998 9.9999999999999982 21 14.999999999999998 10.999999999999998 14.999999999999998 30 9.9999999999999982
leaf_count=14 16 10 17 14 11 10 10 16 10 14 14 15 10 11 12 11 24 12 10 13 17 20 14 10 21 15 11 15 30 10
internal_value=-2149.84 1022.26 -22877.8 -38790.8 -6945.96 47305.1 -1556.17 4220.31 -7697.84 -41943.6 -997.394 -2218.51 1328.7 -19954.6 1968 -317.135 -8925.14 -15956.2 5421.54 24577.5 -1462.65 10005.8 -3633.2 3657.33 -12381.8 -2338.71 -25263.9 -12931.2 -3726.56 1528.4
internal_weight=437 379 58 41 27 20 359 185 174 24 175 150 125 25 159 145 58 47 87 23 64 32 110 60 50 36 35 32 50 40
internal_count=437 379 58 41 27 20 359 185 174 24 175 150 125 25 159 145 58 47 87 23 64 32 110 60 50 36 35 32 50 40
is_linear=0
shrinkage=0.05


Tree=101
num_leaves=31
num_cat=0
split_feature=2 5 0 7 7 0 5 5 8 6 2 7 2 9 8 9 5 6 7 7 7 2 6 6 2 7 6 11 2 7
split_gain=1.03727e+13 1.6545e+13 1.27871e+13 2.89471e+13 1.02338e+13 6.88832e+12 1.97779e+13 8.51812e+12 6.68749e+12 4.3451e+12 3.40615e+12 5.56469e+12 4.02659e+12 3.22624e+12 3.64425e+12 4.61144e+12 9.3164e+12 5.75775e+12 6.45465e+12 5.09972e+12 4.54455e+12 3.02741e+12 3.3861e+12 5.17522e+12 3.81149e+12 3.57019e+12 2.86761e+12 3.80087e+12 2.74755e+12 2.39405e+12
threshold=329.50000000000006 16455800.000000002 4.5000000000000009 10306825.000000002 7693150.0000000009 2.5000000000000004 3564800.0000000005 3960000.0000000005 12556000.000000002 13249685.000000002 117.50000000000001 5285500.0000000009 69.500000000000014 5596771.42857143 1.0000000180025095e-35 8568614.2857142892 8530000.0000000019 9484500.0000000019 5211500.0000000009 7995510.0000000009 6575025.0000000009 191.50000000000003 6905000.0000000009 5100500.0000000009 267.50000000000006 5321500.0000000009 10752235.000000002 8892930.0000000019 78.500000000000014 6457500.0000000009
decision_type=2 2 2 2 2 2 2 2 2 2 2 2 2 2 2 2 2 2 2 2 2 2 2 2 2 2 2 2 2 2
left_child=1 5 3 4 -2 7 -7 -1 9 13 11 -9 -13 -8 -15 16 17 18 -16 20 -18 -12 23 -23 -25 -24 27 -17 -20 -30
right_child=2 -3 -4 -5 -6 6 8 10 -10 -11 21 12 -14 14 15 26 19 -19 28 -21 -22 22 25 24 -26 -27 -28 -29 29 -31
leaf_value=-51184.925071022735 -32122.341101074213 64430.755625000005 14725.389280790441 -95195.49888392858 30526.694034090913 70364.157031249997 -25797.7999609375 39324.1673046875 39441.688938210231 -24031.309288194447 -27662.4286315918 -19379.34361213235 19444.357102272726 -20941.620167759487 -33886.399665178578 -38323.529330679077 42756.217151988625 35424.25389737216 25246.6946085612 63094.446718749998 -2693.828125 -12645.106676136364 -39016.722070312499 44324.814687499987 669.99314453124998 -7036.8550598144539 9654.9097696940116 2678.3505859375 16555.344486177884 -8777.6492372455014
leaf_weight=10.999999999999998 16.000000000000004 9.9999999999999982 17 13.999999999999998 10.999999999999998 10.999999999999998 9.9999999999999982 9.9999999999999982 10.999999999999998 18 20 17.000000000000004 10.999999999999998 13.999999999999998 13.999999999999998 13.000000000000002 11.000000000000002 10.999999999999998 11.999999999999998 9.9999999999999982 10.999999999999998 22 11.999999999999998 10.000000000000002 9.9999999999999982 32 11.999999999999998 9.9999999999999982 12.999999999999998 33
leaf_count=11 16 10 17 14 11 11 10 10 11 18 20 17 11 14 14 13 11 11 12 10 11 22 12 10 10 32 12 10 13 33
internal_value=-2042.35 971.143 -21734 -36851.2 -6598.66 -748.63 5065.34 -8775.65 1526.98 -645.221 -5536.06 7307.39 -4127.18 1774.03 3455.24 5732.28 10568.7 1732.22 -3415.17 33488.5 20031.2 -10140.3 -6065.4 4089.42 22497.4 -15758.6 -10159 -20496.6 3939.95 -1618.32
internal_weight=437 379 58 41 27 369 214 155 203 192 144 38 28 174 164 150 115 83 72 32 22 106 86 42 20 44 35 23 58 46
internal_count=437 379 58 41 27 369 214 155 203 192 144 38 28 174 164 150 115 83 72 32 22 106 86 42 20 44 35 23 58 46
is_linear=0
shrinkage=0.05


Tree=102
num_leaves=31
num_cat=0
split_feature=2 5 5 6 2 9 5 8 8 9 0 5 10 11 7 7 5 11 9 8 6 2 5 0 0 6 11 9 6 8
split_gain=9.36137e+12 1.50526e+13 1.23497e+13 1.6621e+13 1.26516e+13 9.46698e+12 7.35897e+12 4.72356e+12 3.15298e+13 1.13414e+13 7.11202e+12 5.42791e+12 3.58647e+12 4.42273e+12 6.98324e+12 5.48833e+12 5.31914e+12 4.4945e+12 3.21368e+12 3.18515e+12 3.009e+12 3.00096e+12 2.63846e+12 4.47992e+12 5.39924e+12 4.33791e+12 3.57974e+12 3.014e+12 1.91238e+12 1.81847e+12
threshold=329.50000000000006 13917500.000000002 7900200.0000000009 10384350.000000002 343.50000000000006 9407089.2857142873 12203975.000000002 6683535.0000000009 6905000.0000000009 8677650.0000000019 3.5000000000000004 4405000.0000000009 5975250.7142857155 7516777.1515151532 9075200.0000000019 6754300.0000000009 6754300.0000000009 7585321.5000000009 7814531.4285714291 5100500.0000000009 6243000.0000000009 15.500000000000002 8210075.0000000009 1.0000000180025095e-35 1.5000000000000002 4560000.0000000009 8280714.166666667 7814531.4285714291 9157335.0000000019 5100500.0000000009
decision_type=2 2 2 2 2 2 2 2 2 2 2 2 2 2 2 2 2 2 2 2 2 2 2 2 2 2 2 2 2 2
left_child=1 7 4 6 -2 -3 -4 9 -9 12 -11 -10 -1 14 15 16 29 -15 -19 -18 -17 -13 25 -24 -25 -23 27 28 -27 -14
right_child=2 5 3 -5 -6 -7 -8 8 11 10 -12 21 13 17 -16 20 19 18 -20 -21 -22 22 23 24 -26 26 -28 -29 -30 -31
leaf_value=-27335.511268028844 -91390.030468749974 77539.890781249967 -1856.3293323863629 40255.589118303578 -16584.212575120193 8739.528437500001 -61120.426835937498 90483.094160156266 -28560.577798461916 -64293.370372596139 -9666.7868963068177 24098.505998883931 10219.783653846152 -35744.595926339287 42369.358821614587 -32829.979296874997 50729.172812499986 10268.33966369629 -20033.376181640626 11739.606640625001 576.22098858173081 -22547.476106770835 -35609.928108723958 29250.337393465914 -10908.830237165181 3273.528549299569 27347.132477678577 -16948.531452287945 27758.069561074 -15750.020793805805
leaf_weight=12.999999999999998 10.000000000000002 10.000000000000002 11.000000000000002 13.999999999999998 12.999999999999998 9.9999999999999982 9.9999999999999982 9.9999999999999982 15.999999999999998 13.000000000000002 10.999999999999998 13.999999999999998 13.000000000000002 13.999999999999998 11.999999999999998 14.000000000000002 10.000000000000002 21 14.999999999999998 10.999999999999998 12.999999999999998 11.999999999999998 11.999999999999998 10.999999999999998 35 29 21 13.999999999999998 10.999999999999998 13.999999999999998
leaf_count=13 10 10 11 14 13 10 10 10 16 13 11 14 13 14 12 14 10 21 15 11 13 12 12 11 35 29 21 14 11 14
internal_value=-1940.23 922.586 -20647.3 -1944.16 -49108.5 43139.7 -30077.3 -1429.34 4132.85 -7343.17 -39256.2 -801.445 -2237.09 144.51 6955.03 1288.74 11433 -11705.8 -2357.38 30306.1 -16745.5 1991.93 -142.502 -8403.01 -1305.55 5364.5 9830.42 3018.36 10006.8 -3246.04
internal_weight=437 379 58 35 23 20 21 359 185 174 24 175 150 137 87 75 48 50 36 21 27 159 145 58 46 87 75 54 40 27
internal_count=437 379 58 35 23 20 21 359 185 174 24 175 150 137 87 75 48 50 36 21 27 159 145 58 46 87 75 54 40 27
is_linear=0
shrinkage=0.05


Tree=103
num_leaves=31
num_cat=0
split_feature=2 5 5 6 2 5 8 2 8 9 5 6 5 9 5 8 2 7 10 7 5 11 5 6 8 7 10 8 7 6
split_gain=8.44864e+12 1.37406e+13 1.11456e+13 1.50004e+13 1.14181e+13 6.64147e+12 6.04785e+12 2.29985e+13 3.11981e+13 1.20069e+13 8.8906e+12 6.03065e+12 4.47459e+12 5.93681e+12 3.66263e+12 4.36129e+12 5.07069e+12 3.34994e+12 3.22115e+12 2.92495e+12 6.26411e+12 4.65529e+12 6.76379e+12 2.74817e+12 2.52162e+12 2.35534e+12 3.20155e+12 3.32305e+12 4.52921e+12 2.17864e+12
threshold=329.50000000000006 16455800.000000002 7900200.0000000009 10384350.000000002 343.50000000000006 12203975.000000002 6500200.0000000009 39.500000000000007 8857950.0000000019 8677650.0000000019 12832500.000000002 11568950.000000002 5559700.0000000009 6395544.2857142864 11108000.000000002 11810000.000000002 253.50000000000003 10373750.000000002 8184475.0000000009 6369800.0000000009 4832500.0000000009 7516777.1515151532 6754300.0000000009 11568950.000000002 5130500.0000000009 4150000.0000000005 8339706.0714285718 7791050.0000000009 6108500.0000000009 6405800.0000000009
decision_type=2 2 2 2 2 2 2 2 2 2 2 2 2 2 2 2 2 2 2 2 2 2 2 2 2 2 2 2 2 2
left_child=1 6 4 5 -2 -4 9 8 -8 17 12 -11 13 -9 15 23 -17 19 -19 21 -21 22 -1 25 -24 -14 27 29 -29 -27
right_child=2 -3 3 -5 -6 -7 7 10 -10 11 -12 -13 14 -15 -16 16 -18 18 -20 20 -22 -23 24 -25 -26 26 -28 28 -30 -31
leaf_value=-5573.2494881465518 -86820.52953124998 58708.232656250002 -1763.5137073863634 38242.80892857143 -15755.001427283654 -58064.405019531252 118675.46925781247 -43354.117369791667 1205.6949969951925 -62926.628485576904 42586.126882102275 -14765.629266826923 -18108.379765625003 -2921.7718240489135 -25553.196515909833 -42858.149179687491 7494.0734521484383 36783.225468749988 -371.77182965959827 13491.135044642859 -26081.942176339289 -17024.455708821617 49976.991249999985 29376.908278245195 14469.08107421875 17338.914772727268 -12642.623281250002 1535.4811848958329 41655.873184742646 -11957.045859375001
leaf_weight=29 10.000000000000002 9.9999999999999982 11.000000000000002 13.999999999999998 12.999999999999998 9.9999999999999982 10.000000000000002 14.999999999999998 12.999999999999998 13.000000000000002 10.999999999999998 12.999999999999998 9.9999999999999982 23 11.999999999999998 10.000000000000002 9.9999999999999982 10.000000000000002 13.999999999999998 13.999999999999998 35 24 10.000000000000002 12.999999999999998 9.9999999999999982 11.000000000000002 14.999999999999998 12.000000000000002 17 14.999999999999998
leaf_count=29 10 10 11 14 13 10 10 15 13 13 11 13 10 23 12 10 10 10 14 14 35 24 10 13 10 11 15 12 17 15
internal_value=-1843.22 876.457 -19614.9 -1846.95 -46653.1 -28573.5 -690.8 5290.4 52279.5 -7541.36 -920.802 -38846.1 -3856.85 -18881.9 710.764 3499.86 -17682 -1966.54 15109.5 -5325.76 -14775.3 1017.12 9853.81 8055.1 32223 4590.31 7832.98 13417.2 25054.3 437.399
internal_weight=437 379 58 35 23 21 369 197 23 172 174 26 163 38 125 113 20 146 24 122 49 73 49 93 20 80 70 55 29 26
internal_count=437 379 58 35 23 21 369 197 23 172 174 26 163 38 125 113 20 146 24 122 49 73 49 93 20 80 70 55 29 26
is_linear=0
shrinkage=0.05


Tree=104
num_leaves=31
num_cat=0
split_feature=2 5 0 7 7 9 0 5 5 10 9 7 5 5 9 5 11 10 10 5 11 7 3 2 7 2 2 2 1 6
split_gain=7.6249e+12 1.24596e+13 1.01983e+13 2.4552e+13 9.07979e+12 8.36482e+12 3.99148e+12 1.88404e+13 7.18397e+12 2.78557e+12 6.07973e+12 7.26036e+12 5.20083e+12 3.22599e+12 2.99706e+12 4.63702e+12 2.80288e+12 5.08666e+12 8.39075e+12 5.16578e+12 4.38838e+12 2.70884e+12 4.85489e+12 2.56608e+12 4.56864e+12 3.39077e+12 2.86654e+12 3.53201e+12 3.45558e+12 1.97197e+12
threshold=329.50000000000006 13917500.000000002 4.5000000000000009 10306825.000000002 7693150.0000000009 9407089.2857142873 2.5000000000000004 3564800.0000000005 3960000.0000000005 6694463.92857143 7116075.0000000009 5580500.0000000009 7513800.0000000009 5520450.0000000009 6774835.7142857155 6168000.0000000009 7399793.166666667 9331893.2142857164 9670582.1428571437 10615300.000000002 7223619.6666666679 9523725.0000000019 1.0000000180025095e-35 117.50000000000001 5285500.0000000009 69.500000000000014 203.50000000000003 225.50000000000003 8.5000000000000018 4560000.0000000009
decision_type=2 2 2 2 2 2 2 2 2 2 2 2 2 2 2 2 2 2 2 2 2 2 2 2 2 2 2 2 2 2
left_child=1 6 3 4 -2 -3 8 -8 -1 12 11 -11 13 -9 15 -13 20 21 -19 -20 -12 22 -18 24 -10 -26 -25 -28 -29 -30
right_child=2 5 -4 -5 -6 -7 7 9 23 10 16 14 -14 -15 -16 -17 17 18 19 -21 -22 -23 -24 26 25 -27 27 28 29 -31
leaf_value=-46427.526988636368 -28314.8638885498 71577.490156249973 13926.144416360296 -85867.533928571444 30696.212642045455 6905.9295312500008 66850.375426136365 -6770.0139020647302 35633.580546875004 -16238.001242897728 -5804.6874869791654 43072.938284912096 10798.912350643383 -40142.698385416668 50604.731005859379 -5077.9852343749999 -28697.303121948244 41914.69517045455 -27577.145410156252 12679.983457031251 36956.174653320311 -38219.8834577288 14453.12318226207 -23305.979507812503 -17733.683260569851 17893.187997159093 21104.667773437501 -35453.843906250004 -21331.277376302085 1651.4752022879466
leaf_weight=10.999999999999998 16.000000000000004 10.000000000000002 17 13.999999999999998 10.999999999999998 9.9999999999999982 10.999999999999998 14.000000000000002 9.9999999999999982 10.999999999999998 15.000000000000002 10.000000000000002 17 14.999999999999998 11.999999999999998 9.9999999999999982 15.999999999999998 10.999999999999998 17 14.999999999999998 9.9999999999999982 13.999999999999998 11.000000000000002 25 17.000000000000004 10.999999999999998 11.999999999999998 9.9999999999999982 11.999999999999998 42
leaf_count=11 16 10 17 14 11 10 11 14 10 11 15 10 17 15 12 10 16 11 17 15 10 14 11 25 17 11 12 10 12 42
internal_value=-1751.06 832.634 -18634.1 -32134.8 -4273.31 39241.7 -1307.15 3159.3 -7530.4 -379.093 2883.41 18804.4 -11159.5 -24031.7 30850.2 18997.5 -3397.33 -7771.44 4243.02 -8706.62 11299.7 -20372 -11117.5 -4452.21 6623.38 -3737.41 -8619.26 -3788.1 -8455.5 -3455.8
internal_weight=437 379 58 41 27 20 359 209 150 198 152 43 46 29 32 20 109 84 43 32 25 41 27 139 38 28 101 76 64 54
internal_count=437 379 58 41 27 20 359 209 150 198 152 43 46 29 32 20 109 84 43 32 25 41 27 139 38 28 101 76 64 54
is_linear=0
shrinkage=0.05


Tree=105
num_leaves=31
num_cat=0
split_feature=5 6 1 6 1 8 2 7 5 10 5 9 9 7 9 5 6 10 10 6 5 5 2 10 10 10 5 5 5 7
split_gain=1.42725e+13 9.63096e+12 1.92666e+13 2.27286e+13 1.38509e+13 6.86196e+12 6.93476e+12 6.66787e+12 6.19916e+12 6.79641e+12 5.24468e+12 4.22687e+12 7.9673e+12 9.56169e+12 6.8229e+12 5.28097e+12 3.91996e+12 5.73477e+12 3.87114e+12 3.43611e+12 3.44936e+12 3.19386e+12 3.62116e+12 3.28352e+12 6.7631e+12 4.89986e+12 3.29724e+12 3.13204e+12 2.64963e+12 2.18642e+12
threshold=18678800.000000004 9484500.0000000019 1.5000000000000002 6196000.0000000009 1.5000000000000002 10125000.000000002 301.50000000000006 15109650.000000002 13294200.000000002 9518564.2857142873 5211500.0000000009 6279437.1428571437 5794608.5714285728 6905000.0000000009 6452928.5714285718 5344000.0000000009 12335000.000000002 8164394.6428571446 10220283.928571431 3341800.0000000005 5130500.0000000009 7137200.0000000009 239.50000000000003 8293206.7857142864 7727321.42857143 6992134.6428571437 8575200.0000000019 4613000.0000000009 4560000.0000000009 9994100.0000000019
decision_type=2 2 2 2 2 2 2 2 2 2 2 2 2 2 2 2 2 2 2 2 2 2 2 2 2 2 2 2 2 2
left_child=1 2 3 -1 -3 10 -7 8 9 11 -6 12 28 -14 15 -13 17 -12 -18 -16 27 22 -22 24 25 26 -23 -21 -4 -19
right_child=-2 4 7 -5 5 6 -8 -9 -10 -11 16 14 13 -15 19 -17 18 29 -20 20 21 23 -24 -25 -26 -27 -28 -29 -30 -31
leaf_value=-2753.776249999999 61463.811406249995 -60066.794891826925 12705.372372159087 101398.8231534091 -27532.755900065109 -5116.5323437499992 -57383.86684681286 37203.782752403844 -31855.661160714284 31943.617840576175 -8552.0047984730118 -53626.621786221571 -1416.0217022235574 56314.404064941409 26030.866585286461 -8015.4137988281254 -17939.566660991466 19092.415058593742 20494.075312500001 -5276.1570963541653 -7971.0048071289057 30373.763037109366 -40364.127840909088 -17627.695484834559 42526.710511363635 -25666.502385602682 -4297.8204895019535 28515.70144042969 -18442.566449652779 51395.962606534093
leaf_weight=10.000000000000002 9.9999999999999982 12.999999999999998 11.000000000000002 10.999999999999998 11.999999999999998 15.000000000000002 10.999999999999998 12.999999999999998 13.999999999999998 18 10.999999999999998 11.000000000000002 13.000000000000002 15.999999999999998 11.999999999999998 14.999999999999998 19.000000000000004 10.000000000000002 9.9999999999999982 12.000000000000002 40 12.000000000000002 10.999999999999998 17 10.999999999999998 13.999999999999998 15.999999999999998 15.999999999999998 18 10.999999999999998
leaf_count=10 10 13 11 11 12 15 11 13 14 18 11 11 13 16 12 15 19 10 10 12 40 12 11 17 11 14 16 16 18 11
internal_value=2423.72 1027.98 5555.53 51802.3 -11544.1 -5172.39 -27229.6 2206.62 564.155 2289.93 2683.61 111.286 11903.7 30435.2 -3546.26 -27312.5 8627.81 20694 -4686.59 291.765 -1781.18 -5440.77 -14957.8 1493.03 7626.09 -1514.55 10561.4 14033.5 -6627.83 36013.3
internal_weight=433 423 311 21 112 99 26 290 277 263 73 245 58 29 187 26 61 32 29 161 149 121 51 70 53 42 28 28 29 21
internal_count=433 423 311 21 112 99 26 290 277 263 73 245 58 29 187 26 61 32 29 161 149 121 51 70 53 42 28 28 29 21
is_linear=0
shrinkage=0.05


Tree=106
num_leaves=31
num_cat=0
split_feature=5 6 5 6 4 10 10 7 7 6 10 7 7 5 11 10 8 11 8 6 9 5 2 8 5 10 7 6 11 8
split_gain=1.2881e+13 8.69194e+12 1.82891e+13 1.25424e+13 1.22858e+13 5.86664e+12 9.62869e+12 3.93745e+12 9.07897e+12 8.40852e+12 5.33685e+12 4.71875e+12 4.39327e+12 3.87387e+12 9.61237e+12 5.64661e+12 5.20674e+12 4.73344e+12 3.68883e+12 3.35153e+12 6.22532e+12 6.45817e+12 4.37e+12 3.01717e+12 3.1241e+12 3.00781e+12 2.92027e+12 2.6299e+12 3.25943e+12 2.48337e+12
threshold=18678800.000000004 9484500.0000000019 3341800.0000000005 9954500.0000000019 1.0000000180025095e-35 10781956.785714289 12652509.642857146 7017600.0000000009 7397150.0000000009 5538185.0000000009 7147065.7142857155 9271250.0000000019 7662375.0000000009 5640500.0000000009 8184202.5000000009 7792694.444444445 10125000.000000002 8227103.0000000009 11810000.000000002 5408200.0000000009 7876300.0000000009 8418000.0000000019 237.50000000000003 5485500.0000000009 7740500.0000000009 9750914.2857142873 8066500.0000000009 7567500.0000000009 7265974.5000000009 7137200.0000000009
decision_type=2 2 2 2 2 2 2 2 2 2 2 2 2 2 2 2 2 2 2 2 2 2 2 2 2 2 2 2 2 2
left_child=1 2 -1 -3 7 13 -7 19 -9 10 -10 12 -11 17 15 -15 25 -5 23 20 21 22 29 -13 -25 -16 -14 28 -21 -4
right_child=-2 3 4 5 -6 6 -8 8 9 11 -12 18 26 14 16 -17 -18 -19 -20 27 -22 -23 -24 24 -26 -27 -28 -29 -30 -31
leaf_value=71800.286445312508 58390.6246875 -59268.44384765625 6258.8521484374978 5767.8032903497851 57559.967343750002 -58303.332552083317 6460.2062677556823 48932.016536458337 -45346.068963068188 -3578.6483105468756 -4243.4717878069196 17235.130327148439 55150.267897727259 6293.0981889204522 21135.63748497596 -45620.008979492188 -4123.8640269886364 -41762.613750000004 28222.372045898439 -28238.637776692707 -26007.770451472359 48760.127060546882 21798.998817274307 -239.98582031249995 -35321.415056818187 56660.5576171875 22450.256027560765 567.73845005580358 -4518.61007952009 -28168.527627840915
leaf_weight=9.9999999999999982 9.9999999999999982 11.999999999999998 10.000000000000002 11.000000000000002 9.9999999999999982 12.000000000000002 10.999999999999998 11.999999999999998 10.999999999999998 9.9999999999999982 28 9.9999999999999982 11.000000000000002 11.000000000000002 13.000000000000002 9.9999999999999982 10.999999999999998 9.9999999999999982 9.9999999999999982 30 12.999999999999998 9.9999999999999982 18 15.000000000000002 10.999999999999998 10.999999999999998 18 35 28 10.999999999999998
leaf_count=10 10 12 10 11 10 12 11 12 11 10 28 10 11 11 13 10 11 10 10 30 13 10 18 15 11 11 18 35 28 11
internal_value=2302.54 976.578 5277.75 -10966.9 3067.7 -5170.67 -27329.5 1195.12 7404.2 3385.38 -15836.5 12204.8 24999.3 1448.19 8315.91 -18427.4 24361.9 -16865.7 1357.38 -4252.85 4751.89 12912.6 3720.94 -6105.11 -15082.1 37417.9 34853.7 -10256 -16787.6 -11774.5
internal_weight=433 423 311 112 301 100 23 291 136 124 39 85 39 77 56 21 35 21 46 155 62 49 39 36 26 24 29 93 58 21
internal_count=433 423 311 112 301 100 23 291 136 124 39 85 39 77 56 21 35 21 46 155 62 49 39 36 26 24 29 93 58 21
is_linear=0
shrinkage=0.05


Tree=107
num_leaves=31
num_cat=0
split_feature=5 6 1 9 1 8 5 8 10 5 6 10 10 9 9 5 0 10 6 6 5 9 9 6 0 11 10 5 5 6
split_gain=1.16251e+13 7.84448e+12 1.70287e+13 2.25416e+13 1.2177e+13 6.03251e+12 9.09594e+12 6.00954e+12 6.21305e+12 4.38397e+12 3.53331e+12 5.03374e+12 3.49156e+12 3.2618e+12 6.33742e+12 6.18023e+12 5.71866e+12 3.85524e+12 5.84126e+12 3.55379e+12 3.74886e+12 4.73924e+12 4.354e+12 2.82004e+12 2.8943e+12 2.78829e+12 2.17309e+12 1.81683e+12 2.06281e+12 2.75383e+12
threshold=18678800.000000004 9484500.0000000019 1.5000000000000002 8414592.8571428601 1.5000000000000002 13906500.000000002 8901550.0000000019 10125000.000000002 10302256.071428573 5211500.0000000009 12335000.000000002 8164394.6428571446 10220283.928571431 6279437.1428571437 6452928.5714285718 6847850.0000000009 3.5000000000000004 5975250.7142857155 5408200.0000000009 9157335.0000000019 5130500.0000000009 10939271.428571431 9559564.2857142892 3341800.0000000005 5.5000000000000009 7611607.8333333349 7177298.92857143 5803250.0000000009 9130800.0000000019 5708800.0000000009
decision_type=2 2 2 2 2 2 2 2 2 2 2 2 2 2 2 2 2 2 2 2 2 2 2 2 2 2 2 2 2 2
left_child=1 2 3 -1 -3 13 -7 9 -9 -6 11 -11 -12 15 16 17 -15 -4 -19 20 25 22 23 -22 27 26 -16 -25 -29 -30
right_child=-2 4 5 -5 7 6 -8 8 -10 10 12 -13 -14 14 19 -17 -18 18 -20 -21 21 -23 -24 24 -26 -27 -28 28 29 -31
leaf_value=102823.01833984372 55471.08937500001 -55914.871818659856 -20736.111774553574 -900.09316406250002 -24718.300105794275 -5357.4500390624989 62081.186406249995 -5763.0020507812487 -56002.93751953126 -7602.301890980114 -16884.958200555098 34150.367708333331 19615.811718749999 -44608.207641601555 19514.982968749984 38075.804635416665 3591.4447949218757 35930.002016977152 -9861.5278906250005 25492.996825232873 19779.430390624999 -38221.134140625007 23845.833705357145 -31586.7221875 10990.024757741479 34374.234747869319 -13447.833671875002 -3456.0512326882108 -1072.6287997159088 -33571.210247802737
leaf_weight=10.000000000000002 9.9999999999999982 12.999999999999998 13.999999999999998 10.999999999999998 11.999999999999998 10.000000000000002 9.9999999999999982 16.000000000000004 9.9999999999999982 10.999999999999998 19.000000000000004 21 9.9999999999999982 16.000000000000004 10.000000000000005 14.999999999999998 9.9999999999999982 13.000000000000002 14.999999999999998 12.999999999999998 9.9999999999999982 9.9999999999999982 13.999999999999998 9.9999999999999982 17 10.999999999999998 9.9999999999999982 55 11.000000000000002 15.999999999999998
leaf_count=10 10 13 14 11 12 10 10 16 10 11 19 21 10 16 10 15 10 13 15 13 10 10 14 10 17 11 10 55 11 16
internal_value=2187.41 927.749 5013.87 48491.9 -10418.5 1865.46 28361.9 -4444.25 -25086.1 2907.63 8342.23 19797.9 -4298.49 -97.2389 -2940.16 10526.3 -26069.9 687.18 11398.8 275.742 -1608.31 -5025.41 -2529.49 -5632.47 -7963.83 14154.5 3033.57 -11466.2 -9012.45 -20331
internal_weight=433 423 311 21 112 290 20 99 26 73 61 32 29 270 213 57 26 42 28 187 174 143 133 119 109 31 20 92 82 27
internal_count=433 423 311 21 112 290 20 99 26 73 61 32 29 270 213 57 26 42 28 187 174 143 133 119 109 31 20 92 82 27
is_linear=0
shrinkage=0.05


Tree=108
num_leaves=31
num_cat=0
split_feature=5 6 5 6 4 11 11 7 7 6 10 7 7 2 8 0 6 7 6 9 5 2 8 6 11 6 5 7 8 8
split_gain=1.04916e+13 7.07964e+12 1.63879e+13 1.14281e+13 1.06419e+13 5.9764e+12 2.20577e+13 3.51525e+12 8.15919e+12 7.50345e+12 4.64924e+12 4.059e+12 3.92474e+12 3.46153e+12 3.22033e+12 3.18658e+12 3.50312e+12 4.00658e+12 2.97066e+12 5.64171e+12 5.69887e+12 3.82943e+12 2.77698e+12 2.54579e+12 3.5276e+12 2.56183e+12 2.53536e+12 2.47884e+12 2.16014e+12 1.92582e+12
threshold=18678800.000000004 9484500.0000000019 3341800.0000000005 9954500.0000000019 1.0000000180025095e-35 11691915.66666667 11324816.833333336 7017600.0000000009 7397150.0000000009 5538185.0000000009 7147065.7142857155 9271250.0000000019 7662375.0000000009 87.500000000000014 11810000.000000002 1.5000000000000002 10820000.000000002 7507500.0000000009 5408200.0000000009 7876300.0000000009 8418000.0000000019 237.50000000000003 5485500.0000000009 5708800.0000000009 7527677.8823529417 7567500.0000000009 7740500.0000000009 8066500.0000000009 7137200.0000000009 6575025.0000000009
decision_type=2 2 2 2 2 2 2 2 2 2 2 2 2 2 2 2 2 2 2 2 2 2 2 2 2 2 2 2 2 2
left_child=1 2 -1 -3 7 6 13 18 -9 10 -10 12 -11 -5 22 -15 -17 -18 19 20 21 28 -13 -20 25 -25 -24 -14 -4 -19
right_child=-2 3 4 5 -6 -7 -8 8 9 11 -12 14 27 15 -16 16 17 29 23 -21 -22 -23 26 24 -26 -27 -28 -29 -30 -31
leaf_value=67733.233995361326 52697.535312500004 -56003.550358072913 5706.2040234374981 -24617.831388346356 53386.885624999995 28736.090934244796 -78791.272109375001 46163.170214843754 -42715.678551136371 -3828.1918457031252 -4352.1997632707871 16675.413896484377 51196.823153409081 -16597.905259486608 26357.042900390628 28897.577366727943 23239.023677884616 -26565.612957208796 -32457.604154829547 -25023.961902794472 45701.490517578124 20315.766351996528 -958.15407552083309 -24601.613176858838 6812.3485400390628 -2256.4186173148778 -32561.585653409089 21069.466303168403 -26402.61541193182 3021.1090021306823
leaf_weight=9.9999999999999982 9.9999999999999982 11.999999999999998 10.000000000000002 11.999999999999998 9.9999999999999982 11.999999999999998 9.9999999999999982 11.999999999999998 10.999999999999998 9.9999999999999982 28 9.9999999999999982 11.000000000000002 13.999999999999998 9.9999999999999982 17 12.999999999999998 11.000000000000002 10.999999999999998 12.999999999999998 9.9999999999999982 18 15.000000000000002 29 30 23 10.999999999999998 18 10.999999999999998 10.999999999999998
leaf_count=10 10 12 10 12 10 12 10 12 11 10 28 10 11 14 10 17 13 11 11 13 10 18 15 29 30 23 11 18 11 11
internal_value=2078.04 881.362 4763.17 -9897.59 2671.14 -4364.88 -8878.65 928.334 6795.09 2985.28 -15172.7 11316.6 23182.9 84.5119 1255.97 4575.85 10276.5 1231.94 -4219.27 4258.39 12027.2 3392.75 -5716.54 -9871.05 -6841.15 -14718.2 -14328.8 32497.1 -11112.7 -11772.3
internal_weight=433 423 311 112 301 100 88 291 136 124 39 85 39 78 46 66 52 35 155 62 49 39 36 93 82 52 26 29 21 22
internal_count=433 423 311 112 301 100 88 291 136 124 39 85 39 78 46 66 52 35 155 62 49 39 36 93 82 52 26 29 21 22
is_linear=0
shrinkage=0.05


Tree=109
num_leaves=31
num_cat=0
split_feature=5 6 1 6 1 7 5 10 8 10 5 9 9 7 9 7 6 10 11 2 0 7 7 9 9 2 6 7 5 9
split_gain=9.4687e+12 6.38938e+12 1.51119e+13 2.02561e+13 1.08049e+13 5.75912e+12 5.2421e+12 5.48387e+12 4.98233e+12 5.39112e+12 4.10224e+12 3.20817e+12 7.09268e+12 1.16222e+13 4.58756e+12 5.06266e+12 3.19617e+12 4.63206e+12 3.20763e+12 3.15886e+12 3.07695e+12 3.98545e+12 3.49077e+12 3.67753e+12 3.07214e+12 3.88788e+12 3.18787e+12 2.50001e+12 2.16342e+12 1.69018e+12
threshold=18678800.000000004 9484500.0000000019 1.5000000000000002 6303000.0000000009 1.5000000000000002 15109650.000000002 13026200.000000002 9518564.2857142873 10125000.000000002 10302256.071428573 5211500.0000000009 6202457.1428571437 5794608.5714285728 6905000.0000000009 6452928.5714285718 5838300.0000000009 12335000.000000002 8164394.6428571446 9472830.0000000019 225.50000000000003 3.5000000000000004 7137200.0000000009 5803250.0000000009 7752142.8571428582 7142030.0000000009 263.50000000000006 7107500.0000000009 8403800.0000000019 5130500.0000000009 9263997.8571428601
decision_type=2 2 2 2 2 2 2 2 2 2 2 2 2 2 2 2 2 2 2 2 2 2 2 2 2 2 2 2 2 2
left_child=1 2 3 -1 -3 6 7 11 10 -10 -6 12 28 -14 15 -13 17 -12 -18 20 21 22 23 -16 25 -21 -26 -23 -4 -19
right_child=-2 4 5 -5 8 -7 -8 -9 9 -11 16 14 13 -15 19 -17 18 29 -20 24 -22 27 -24 -25 26 -27 -28 -29 -30 -31
leaf_value=-1338.1179332386359 50062.659531250007 -52259.278673377412 6921.4813020833317 96986.175175781245 -23804.469051106775 34084.089792104867 -26866.908639705882 28417.00383029514 -4570.5361816406248 -51369.497282714845 -7212.6685280539787 -50246.788906249982 -2684.3518587112421 65552.841943359381 28153.977880859369 -6675.0313623046886 -17817.477286305144 46364.264595170447 15945.939322916667 -20516.585576923073 -5330.9662783668164 45942.667391690331 -18682.445470252405 -9401.5095791903423 -41486.275659179679 15367.287706163195 -3261.8159375 12942.350716145833 -20407.911941964288 17962.224882812501
leaf_weight=11.000000000000002 9.9999999999999982 12.999999999999998 15.000000000000002 9.9999999999999982 11.999999999999998 12.999999999999998 17 18 16.000000000000004 9.9999999999999982 10.999999999999998 10.000000000000002 13.000000000000002 11.999999999999998 16.000000000000004 20 17.000000000000004 11.000000000000002 11.999999999999998 13.000000000000002 42 11.000000000000002 12.999999999999998 10.999999999999998 12.000000000000002 18 9.9999999999999982 11.999999999999998 13.999999999999998 9.9999999999999982
leaf_count=11 10 13 15 10 12 13 17 18 16 10 11 10 13 12 16 20 17 11 12 13 42 11 13 11 12 18 10 12 14 10
internal_value=1974.14 837.294 4525.01 45483 -9402.71 1559.09 32.6477 1791.46 -3775.08 -22570.1 2919.05 -188.947 10552.8 30069.5 -3274.33 -21199 8176.13 19071.6 -3846.41 129.078 5151.93 12140.5 2604.38 12853.6 -9821.85 319.212 -24111.5 28725.1 -6272.02 32839.5
internal_weight=433 423 311 21 112 290 277 260 99 26 73 242 54 25 188 30 61 32 29 158 105 63 40 27 53 31 22 23 29 21
internal_count=433 423 311 21 112 290 277 260 99 26 73 242 54 25 188 30 61 32 29 158 105 63 40 27 53 31 22 23 29 21
is_linear=0
shrinkage=0.05


Tree=110
num_leaves=31
num_cat=0
split_feature=7 2 5 7 11 8 8 8 5 6 2 9 5 11 5 2 7 11 11 5 7 5 7 8 2 5 8 0 7 2
split_gain=1.32305e+13 2.91502e+13 2.41142e+13 1.10734e+13 2.00877e+13 1.07608e+13 1.0147e+13 8.60346e+12 8.35492e+12 8.22608e+12 7.98674e+12 7.98252e+12 6.34098e+12 5.9059e+12 4.86612e+12 4.58567e+12 3.86613e+12 7.04869e+12 6.52593e+12 3.52616e+12 3.39229e+12 2.99861e+12 3.70514e+12 5.62646e+12 2.72008e+12 2.58596e+12 2.45397e+12 2.38045e+12 1.95064e+12 2.68661e+12
threshold=5838300.0000000009 45.500000000000007 15311000.000000002 6243000.0000000009 7592028.6666666679 13906500.000000002 10034000.000000002 7596300.0000000009 10615300.000000002 7287800.0000000009 327.50000000000006 11589428.571428573 3452535.0000000005 6268048.166666667 9983000.0000000019 132.50000000000003 7740500.0000000009 6969908.6666666679 8574432.1666666679 7567500.0000000009 12001950.000000002 7503200.0000000009 4739000.0000000009 6609500.0000000009 231.50000000000003 9382200.0000000019 5640500.0000000009 2.5000000000000004 4405000.0000000009 233.50000000000003
decision_type=2 2 2 2 2 2 2 2 2 2 2 2 2 2 2 2 2 2 2 2 2 2 2 2 2 2 2 2 2 2
left_child=1 -1 3 4 -2 6 7 11 15 -7 -8 12 -5 -14 21 -9 24 -18 20 -17 -19 22 26 -24 -15 -20 -3 -28 -23 -30
right_child=2 14 -4 5 -6 9 10 8 -10 -11 -12 -13 13 16 -16 19 17 18 25 -21 -22 28 23 -25 -26 -27 27 -29 29 -31
leaf_value=-96556.534121093748 1854.8703271484371 -15012.970162259617 80847.213593750013 -41177.002578125001 88647.079687500009 -1157.2025390624997 -13529.107949218751 32481.351134314908 56274.414968039775 60245.464583333342 -63336.044034090912 -48906.913671875001 37061.625898437502 -8197.7057684536649 -30870.752518503294 14518.629831542967 38572.412955729167 -4112.0571069335938 4319.336605557527 -19225.331179809571 -31993.967584635418 -7204.3427884615394 4629.7667317708319 -39102.389206414475 -38438.566015625001 39450.665703125007 30141.390156249989 -4358.2733789062504 -2457.256718749999 32014.593922776447
leaf_weight=9.9999999999999982 20.000000000000004 12.999999999999998 9.9999999999999982 9.9999999999999982 9.9999999999999982 10.000000000000002 30 12.999999999999998 10.999999999999998 11.999999999999998 10.999999999999998 9.9999999999999982 9.9999999999999982 29 19 15.000000000000002 11.999999999999998 40 11.000000000000002 15.999999999999998 14.999999999999998 12.999999999999998 12.000000000000002 19 9.9999999999999982 9.9999999999999982 10.000000000000002 9.9999999999999982 10.000000000000002 12.999999999999998
leaf_count=10 20 13 10 10 10 10 30 13 11 12 11 10 10 29 19 15 12 40 11 16 15 13 12 19 10 10 10 10 10 13
internal_value=-1077.54 -14564.9 4445.87 1940.91 30785.6 -1205.79 -4122.39 281.155 17299.1 32335.2 -26891.9 -5680.54 -2739.98 65.6471 -7674.87 7555.27 -2847.42 2960.19 -2662.8 -2897.61 -11716.2 -3267.65 -9761.34 -22173.8 -15951.8 21048.5 1898.87 12891.6 8276.69 17026.8
internal_weight=444 129 315 305 30 275 253 212 55 22 41 157 147 137 119 44 127 88 76 31 55 100 64 31 39 21 33 20 36 23
internal_count=444 129 315 305 30 275 253 212 55 22 41 157 147 137 119 44 127 88 76 31 55 100 64 31 39 21 33 20 36 23
is_linear=0
shrinkage=0.05


Tree=111
num_leaves=31
num_cat=0
split_feature=5 4 5 9 10 10 11 6 10 11 5 11 11 6 8 2 0 9 11 2 5 11 2 6 6 0 2 2 6 2
split_gain=9.23649e+12 1.18823e+13 9.26808e+12 4.68959e+12 4.90003e+12 4.22935e+12 2.67975e+12 2.6208e+12 2.55742e+12 4.69246e+12 6.08709e+12 4.31057e+12 3.83373e+12 3.63109e+12 2.39773e+12 2.31766e+12 2.10742e+12 1.84859e+12 1.72962e+12 2.50052e+12 2.8579e+12 2.8705e+12 2.7007e+12 3.61631e+12 3.32844e+12 2.29026e+12 3.29033e+12 3.08206e+12 2.26509e+12 2.19944e+12
threshold=18678800.000000004 1.0000000180025095e-35 3207800.0000000005 12012200.000000002 11577390.000000002 10302256.071428573 9690329.1666666698 12335000.000000002 8267596.0714285718 9243590.0000000019 10482500.000000002 8110645.0000000009 8697258.333333334 3280000.0000000005 9673050.0000000019 51.500000000000007 2.5000000000000004 9825575.0000000019 7656438.6666666679 225.50000000000003 8806175.0000000019 6611980.8333333349 299.50000000000006 5640500.0000000009 6975000.0000000009 2.5000000000000004 205.50000000000003 207.50000000000003 6812825.0000000009 207.50000000000003
decision_type=2 2 2 2 2 2 2 2 2 2 2 2 2 2 2 2 2 2 2 2 2 2 2 2 2 2 2 2 2 2
left_child=1 2 -1 4 5 6 7 8 12 10 11 -10 13 -4 16 -15 -13 -9 19 20 21 -17 23 -21 -25 27 -27 28 -23 -22
right_child=-2 -3 3 -5 -6 -7 -8 17 9 -11 -12 14 -14 15 -16 18 -18 -19 -20 22 29 25 -24 24 -26 26 -28 -29 -30 -31
leaf_value=44735.745383522735 42245.977343750004 -43196.718933823533 -30814.141103515623 -26726.396799045138 29558.857872596156 -27679.103411458334 23717.710617897726 -28045.128385416665 -17434.490708705358 -18266.767501831055 45762.050651041674 -9674.3054687499971 -32937.757656249996 -16738.283968955595 34715.703196022732 31855.784312855118 19570.923009272985 -291.8159765625 15110.667043340774 2212.0030016447372 -20753.115256076388 7025.9265055338519 12327.313313802084 -47376.310493607947 -11165.776337890626 -8909.2493646240237 20942.582120768231 -8180.7676846590912 36170.515224609371 8493.0134667968759
leaf_weight=10.999999999999998 11.999999999999998 17 9.9999999999999982 18 12.999999999999998 14.999999999999998 10.999999999999998 15.000000000000002 13.999999999999998 13.999999999999998 11.999999999999998 11.000000000000002 9.9999999999999982 19 10.999999999999998 10.999999999999998 13.999999999999998 9.9999999999999982 21 19 18.000000000000004 12.000000000000002 11.999999999999998 11.000000000000002 14.999999999999998 40 11.999999999999998 10.999999999999998 14.999999999999998 9.9999999999999982
leaf_count=11 12 17 10 18 13 15 11 15 14 14 12 11 10 19 11 11 14 10 21 19 18 12 12 11 15 40 12 11 15 10
internal_value=-1023.66 -2225.59 -547.257 -1780.21 -616.917 -1668.62 -578.795 -1349 -138.224 7878.62 13782.4 6107.31 -2614.97 -1330.11 15262.5 -25.5068 6703.02 -16943.8 1508.52 -27.2104 3826.43 7744.9 -8748.6 -14368.8 -26485.6 4798.02 -2020.37 14128.4 23217.4 -10308.1
internal_weight=444 432 415 404 386 373 358 347 322 76 62 50 246 236 36 226 25 25 207 186 129 101 57 45 26 90 52 38 27 28
internal_count=444 432 415 404 386 373 358 347 322 76 62 50 246 236 36 226 25 25 207 186 129 101 57 45 26 90 52 38 27 28
is_linear=0
shrinkage=0.05


Tree=112
num_leaves=31
num_cat=0
split_feature=7 2 7 11 8 6 11 9 11 2 11 2 9 11 7 11 9 7 11 7 6 7 7 10 10 9 10 0 6 8
split_gain=1.1851e+13 2.62129e+13 1.47983e+13 2.92999e+13 7.72119e+12 1.6242e+13 7.71297e+12 1.45971e+13 7.45713e+12 4.9903e+12 8.60843e+12 9.9317e+12 5.23279e+12 3.64277e+12 4.13914e+12 2.94198e+12 2.83064e+12 3.53472e+12 4.2089e+12 2.91949e+12 2.50892e+12 2.50258e+12 2.66831e+12 2.08446e+12 7.54903e+12 2.49582e+12 2.45556e+12 1.93178e+12 1.50546e+12 3.22007e+12
threshold=5838300.0000000009 45.500000000000007 6243000.0000000009 7900603.833333334 12695000.000000002 7287800.0000000009 11250280.666666668 11589428.571428573 9750406.6666666698 241.50000000000003 6674366.5000000009 219.50000000000003 6248567.8571428582 7665548.0000000009 9414250.0000000019 7794323.3333333349 10797824.285714287 7900200.0000000009 9322129.1666666679 10969500.000000002 6905000.0000000009 7181000.0000000009 8247000.0000000009 7449907.8571428582 7210500.0000000009 9316014.2857142873 8111428.5714285718 1.5000000000000002 5130500.0000000009 6500200.0000000009
decision_type=2 2 2 2 2 2 2 2 2 2 2 2 2 2 2 2 2 2 2 2 2 2 2 2 2 2 2 2 2 2
left_child=1 -1 3 -2 6 -6 8 -8 9 10 -4 13 -11 14 21 -15 17 20 19 -19 -14 -12 -23 24 28 26 -25 -27 -3 -30
right_child=2 23 4 -5 5 -7 7 -9 -10 12 11 -13 16 15 -16 -17 -18 18 -20 -21 -22 22 -24 25 -26 27 -28 -29 29 -31
leaf_value=-91488.418671875013 3513.0983770461303 5523.9657020970399 49466.459140625004 107498.93125000001 -7675.7272306743434 61923.983020833337 2482.3703124999993 -75505.610312500008 42768.624062499999 -35469.804112692444 -18583.697440378292 33215.655275878904 2813.764570312499 30448.694602272721 -31108.484971217109 -4685.3221003605768 -29243.92522949219 32050.938671874996 -17250.848401988635 -1996.2267578125002 -30498.626742788463 18161.931807215075 -9460.4870659722219 -1192.5845369037827 -53055.907656249998 -28687.850312499988 28492.10546875 1676.36015625 6533.4674739583334 -22997.932641601565
leaf_weight=9.9999999999999982 21.000000000000004 19 9.9999999999999982 9.9999999999999982 19 14.999999999999998 15.000000000000002 9.9999999999999982 9.9999999999999982 17 19 20 10.000000000000002 11.000000000000002 19 12.999999999999998 9.9999999999999982 17.000000000000004 10.999999999999998 9.9999999999999982 12.999999999999998 17 18 19.000000000000004 9.9999999999999982 10.000000000000002 10.999999999999998 10.999999999999998 14.999999999999998 24
leaf_count=10 21 19 10 10 19 15 15 10 10 17 19 20 10 11 19 13 10 17 11 10 13 17 18 19 10 10 11 11 15 24
internal_value=-972.475 -13737.4 4255.05 37056.9 674.568 23030 -2365.77 -28712.8 561.675 -1401.44 4939.5 1133.78 -10552.6 -5481.04 -11036.8 11417.8 -4586.47 -544.265 8819.59 19440.9 -16015 -3974.56 3956.12 -7203.67 -12934.6 437.559 9691.8 -12782.8 -6017.12 -11639.7
internal_weight=444 129 315 31 284 34 250 25 225 215 127 117 88 97 73 24 71 61 38 27 23 54 35 119 68 51 30 21 58 39
internal_count=444 129 315 31 284 34 250 25 225 215 127 117 88 97 73 24 71 61 38 27 23 54 35 119 68 51 30 21 58 39
is_linear=0
shrinkage=0.05


Tree=113
num_leaves=31
num_cat=0
split_feature=7 2 5 7 6 11 8 5 5 2 5 2 11 9 9 7 2 11 5 7 1 6 5 6 2 5 9 6 6 8
split_gain=1.06956e+13 2.36572e+13 2.10111e+13 9.01524e+12 2.38845e+13 5.45579e+12 6.74288e+12 6.67347e+12 4.99389e+12 5.94592e+12 4.25964e+12 3.44709e+12 5.281e+12 4.55235e+12 7.66095e+12 3.95646e+12 3.64649e+12 1.28316e+13 3.50465e+12 3.47856e+12 3.27534e+12 2.79435e+12 2.59971e+12 2.28731e+12 1.97723e+12 3.21502e+12 1.97317e+12 3.86264e+12 3.82806e+12 2.02467e+12
threshold=5838300.0000000009 45.500000000000007 15311000.000000002 6369800.0000000009 7662375.0000000009 11324816.833333336 13906500.000000002 9802500.0000000019 3341800.0000000005 342.50000000000006 9983000.0000000019 319.50000000000006 9243590.0000000019 8439714.2857142892 8193714.2857142864 7181000.0000000009 159.50000000000003 6832008.5000000009 10060700.000000002 8247000.0000000009 9.5000000000000018 4345500.0000000009 8399300.0000000019 6754300.0000000009 165.50000000000003 5708800.0000000009 6285101.42857143 7137200.0000000009 5803250.0000000009 7835950.0000000009
decision_type=2 2 2 2 2 2 2 2 2 2 2 2 2 2 2 2 2 2 2 2 2 2 2 2 2 2 2 2 2 2
left_child=1 -1 3 4 -2 6 8 -7 -5 11 22 12 13 14 16 -15 17 -10 -14 -19 -17 -18 23 24 -3 -26 -23 28 -28 -29
right_child=2 10 -4 5 -6 7 -8 -9 9 -11 -12 -13 18 15 -16 20 21 19 -20 -21 -22 26 -24 -25 25 -27 27 29 -30 -31
leaf_value=-86913.998906249995 -10190.69192138672 -31455.596875000003 75358.660312500011 -33823.276988636368 73273.750113932285 -50376.241536458321 34794.595689174108 -2239.1735677083334 58920.065885416669 -33482.128743489586 -28545.802868009872 28732.898535156251 -4246.1016301081718 -7197.1276562500007 -40128.762642045454 45195.551425781247 20878.749726562499 15649.188315716914 -43617.844731445315 -15483.743261718751 10149.119942220052 -24120.228459821432 13403.570018310549 1290.8840308779763 7225.3543880208326 -29375.058588867189 -8224.0888494318169 -27782.256627604162 33489.52791415128 459.50971235795453
leaf_weight=9.9999999999999982 20 12.999999999999998 9.9999999999999982 10.999999999999998 14.999999999999998 12.000000000000002 13.999999999999998 18 11.999999999999998 11.999999999999998 19 11.999999999999998 13.000000000000002 9.9999999999999982 10.999999999999998 15.000000000000002 9.9999999999999982 17 9.9999999999999982 19 11.999999999999998 13.999999999999998 20 42 15.000000000000002 9.9999999999999982 11.000000000000002 15.000000000000002 10.999999999999998 10.999999999999998
leaf_count=10 20 13 10 11 15 12 14 18 12 12 19 12 13 10 11 15 10 17 10 19 12 14 20 42 15 10 11 15 11 11
internal_value=-923.852 -13050.5 4042.3 1704.06 25579.8 -1390.94 1121.94 -21494 -963.977 717.197 -6843.49 2738.83 1105.7 4181.94 -192.257 19669 3468.59 14143.5 -21364.3 -782.081 29619.4 -3647.99 -2720.04 -6750.95 -15639.3 -7414.81 -7603.91 -2786.65 12632.7 -15833.8
internal_weight=444 129 315 305 35 270 240 30 226 215 119 203 191 168 131 37 120 48 23 36 27 72 100 80 38 25 62 48 22 26
internal_count=444 129 315 305 35 270 240 30 226 215 119 203 191 168 131 37 120 48 23 36 27 72 100 80 38 25 62 48 22 26
is_linear=0
shrinkage=0.05


Tree=114
num_leaves=31
num_cat=0
split_feature=7 2 5 5 8 8 2 2 9 5 11 11 10 8 11 7 2 8 7 5 7 8 8 8 0 11 8 10 7 10
split_gain=9.65275e+12 2.13506e+13 1.89625e+13 9.55214e+12 7.93809e+12 8.87379e+12 7.00942e+12 5.99536e+12 4.93755e+12 3.84432e+12 3.79005e+12 4.44235e+12 3.13183e+12 4.33639e+12 2.67624e+12 7.22401e+12 4.44153e+12 6.4128e+12 2.90527e+12 2.45477e+12 3.12721e+12 4.70728e+12 2.44154e+12 2.35168e+12 2.0653e+12 1.91707e+12 1.88726e+12 2.49837e+12 1.69367e+12 1.66821e+12
threshold=5838300.0000000009 45.500000000000007 15311000.000000002 3280000.0000000005 13906500.000000002 10034000.000000002 327.50000000000006 253.50000000000003 11827571.428571431 9983000.0000000019 11124899.166666668 9367778.3333333358 9643228.2142857164 8022050.0000000009 7163830.0000000009 9979800.0000000019 156.50000000000003 5408200.0000000009 10969500.000000002 7503200.0000000009 4739000.0000000009 6609500.0000000009 4876250.0000000009 5640500.0000000009 2.5000000000000004 7361479.8333333349 8606400.0000000019 7351952.5000000009 8288800.0000000009 8210817.8571428582
decision_type=2 2 2 2 2 2 2 2 2 2 2 2 2 2 2 2 2 2 2 2 2 2 2 2 2 2 2 2 2 2
left_child=1 -1 3 -2 5 8 28 -6 10 19 11 12 13 14 15 16 17 -5 25 20 23 -22 -18 -3 -25 -16 -15 -28 -7 -21
right_child=2 9 -4 4 7 6 -8 -9 -10 -11 -12 -13 -14 26 18 -17 22 -19 -20 29 21 -23 -24 24 -26 -27 27 -29 -30 -31
leaf_value=-82568.298906249998 45342.235611979173 -14302.745522836538 71590.725468749995 -11173.138124999998 120.00997436523433 267.80505981445316 -57486.495170454546 52540.161588541669 -31152.849387428982 -27118.512870065795 33249.546757812503 -26560.426780348556 27337.163010817309 35559.582244318175 -19317.550837053572 45246.14484375 7251.5971093749977 45451.936210937507 -25812.164846622243 -230.81816406250002 4653.7470703124991 -35347.013939144737 -22765.805171130953 29081.451249999991 -3053.4367187500002 1368.6294494628908 27447.203916015616 -7896.6037500000011 -22089.920041232639 22177.567067307697
leaf_weight=9.9999999999999982 11.999999999999998 12.999999999999998 9.9999999999999982 10.000000000000002 10.000000000000002 15.999999999999998 10.999999999999998 11.999999999999998 10.999999999999998 19 9.9999999999999982 12.999999999999998 12.999999999999998 11.000000000000002 13.999999999999998 9.9999999999999982 10.000000000000002 9.9999999999999982 17 23 12.000000000000002 19 21 10.000000000000002 9.9999999999999982 56 10.000000000000002 9.9999999999999982 18 12.999999999999998
leaf_count=10 12 13 10 10 10 16 11 12 11 19 10 13 13 11 14 10 10 10 17 23 12 19 21 10 10 56 10 10 18 13
internal_value=-877.659 -12398 3840.19 1618.86 -171.863 -2516.74 -22793 28712.8 1520.56 -6501.31 3192.23 1726.02 3641.24 1920.31 -1641.39 6388.25 -1230.94 17139.4 -7271.37 -2584.04 -8459.44 -19862.8 -13082.8 2252.86 13014 -2768.61 18924.6 9775.3 -11568.6 7861.1
internal_weight=444 129 315 305 293 271 45 22 226 119 215 205 192 179 148 61 51 20 87 100 64 31 31 33 20 70 31 20 34 36
internal_count=444 129 315 305 293 271 45 22 226 119 215 205 192 179 148 61 51 20 87 100 64 31 31 33 20 70 31 20 34 36
is_linear=0
shrinkage=0.05


Tree=115
num_leaves=31
num_cat=0
split_feature=9 4 6 5 10 6 10 11 10 8 11 10 11 1 11 6 11 7 11 6 11 11 1 6 6 1 11 0 8 0
split_gain=9.46038e+12 2.36883e+13 1.66186e+13 1.41539e+13 2.33847e+12 3.29944e+12 2.6251e+12 2.27828e+12 7.73003e+12 4.85733e+12 2.98334e+12 6.1812e+12 2.69525e+12 5.28461e+12 3.89967e+12 4.28934e+12 3.88638e+12 3.9608e+12 3.74756e+12 3.70183e+12 3.59402e+12 3.18147e+12 2.441e+12 2.41141e+12 2.58097e+12 2.341e+12 4.55675e+12 2.11517e+12 2.08009e+12 2.88676e+12
threshold=12052012.142857144 1.0000000180025095e-35 13917500.000000002 3280000.0000000005 11577390.000000002 13249685.000000002 8877895.3571428601 6923072.3333333349 6958314.2857142864 4202500.0000000009 9243590.0000000019 9643228.2142857164 8729134.5000000019 7.5000000000000009 8454295.8333333358 5408200.0000000009 7773976.3333333349 5538185.0000000009 7656438.6666666679 5408200.0000000009 7223619.6666666679 7516777.1515151532 10.500000000000002 5803250.0000000009 8783500.0000000019 8.5000000000000018 6734466.666666667 2.5000000000000004 6108500.0000000009 2.5000000000000004
decision_type=2 2 2 2 2 2 2 2 2 2 2 2 2 2 2 2 2 2 2 2 2 2 2 2 2 2 2 2 2 2
left_child=1 3 -2 -1 5 7 -7 8 9 -5 11 12 13 16 15 -15 17 21 20 -18 -19 -9 27 -22 -25 26 -11 -17 -12 -30
right_child=2 -3 -4 4 -6 6 -8 10 -10 25 28 -13 -14 14 -16 22 19 18 -20 -21 23 -23 -24 24 -26 -27 -28 -29 29 -31
leaf_value=59373.406171875009 74937.879474431786 -57985.034765625001 -14121.648125000002 30027.946093750001 21886.347602982958 -2217.8747869318172 -36033.680436197923 35287.786481584815 -39942.895481770836 30552.073153409085 -27947.697949218753 34177.37060546875 -19247.903069196429 33378.001255580362 42487.751029829553 -7786.5602982954515 3933.7419034090899 17648.709277343751 25334.633037109379 -33291.42192095588 -29688.001328125003 1579.6451171875001 -18851.102485795458 2791.2385506766186 -21906.901283892465 -12690.220614346592 -12451.776617431642 20695.280764770509 -18435.894635416666 13133.387246813094
leaf_weight=9.9999999999999982 11.000000000000002 18 9.9999999999999982 10.999999999999998 10.999999999999998 11.000000000000002 11.999999999999998 14.000000000000002 14.999999999999998 11.000000000000002 11.999999999999998 15.999999999999998 13.999999999999998 13.999999999999998 10.999999999999998 11.000000000000002 11.000000000000002 11.999999999999998 9.9999999999999982 17 14.999999999999998 13.999999999999998 10.999999999999998 28 17 44 13.999999999999998 15.999999999999998 15.000000000000002 13.999999999999998
leaf_count=10 11 18 10 11 11 11 12 14 15 11 12 16 14 14 11 11 11 12 10 17 15 14 11 28 17 44 14 16 15 14
internal_value=-238.455 -1842.44 32528.6 616.365 -848.898 -1490.15 -19860.9 -338.848 -7004.82 -828.93 1989.34 4195.43 1964.21 3441.68 15440.8 9719.27 -2036.17 2197.2 -3346.97 -18667.3 -7330.53 18433.7 1002.9 -12326.4 -6539.17 -5748.14 6469.92 9091.57 -10440.1 -3195.55
internal_weight=450 429 21 411 401 390 23 367 95 80 272 231 215 201 63 52 138 110 82 28 72 28 38 60 45 69 25 27 41 29
internal_count=450 429 21 411 401 390 23 367 95 80 272 231 215 201 63 52 138 110 82 28 72 28 38 60 45 69 25 27 41 29
is_linear=0
shrinkage=0.05


Tree=116
num_leaves=31
num_cat=0
split_feature=5 4 5 5 11 2 5 6 5 11 11 5 7 2 5 11 11 11 6 2 11 11 7 11 7 2 6 9 2 2
split_gain=9.10356e+12 2.05842e+13 1.27731e+13 2.85313e+12 8.09651e+12 6.77743e+12 2.86477e+12 3.00759e+12 2.42868e+12 1.95346e+12 3.42132e+12 2.77166e+12 3.59636e+12 2.89113e+12 2.0116e+12 1.72074e+12 2.05889e+12 2.20742e+12 3.17789e+12 2.7009e+12 2.7075e+12 3.28099e+12 3.68123e+12 3.99706e+12 3.49197e+12 2.33138e+12 1.67854e+12 2.37072e+12 1.67567e+12 1.58609e+12
threshold=18678800.000000004 1.0000000180025095e-35 3280000.0000000005 14341000.000000002 11124899.166666668 341.50000000000006 12695000.000000002 13249685.000000002 7415750.0000000009 9243590.0000000019 8989845.0000000019 9491225.0000000019 7107500.0000000009 205.50000000000003 10437500.000000002 8611004.333333334 8365162.5000000009 7742565.0000000009 5408200.0000000009 231.50000000000003 6611980.8333333349 6923072.3333333349 6500200.0000000009 7265974.5000000009 8854500.0000000019 108.50000000000001 6683535.0000000009 7158260.7142857155 259.50000000000006 293.50000000000006
decision_type=2 2 2 2 2 2 2 2 2 2 2 2 2 2 2 2 2 2 2 2 2 2 2 2 2 2 2 2 2 2
left_child=1 2 -1 4 6 -6 7 9 -9 10 11 15 13 -13 -14 16 17 19 -19 20 -4 25 26 24 -24 -22 -23 -28 -11 -21
right_child=-2 -3 3 -5 5 -7 -8 8 -10 28 -12 12 14 -15 -16 -17 -18 18 -20 29 21 22 23 -25 -26 -27 27 -29 -30 -31
leaf_value=56404.732968750002 42738.565364583337 -61054.770424107148 27397.759552556818 -22969.72494419643 5571.6178819444431 54082.180143229169 -27166.02556818182 -974.9197265624997 -34338.738411458333 1385.333996582031 29822.415312500001 15341.029726562496 42180.995117187485 -22679.537968750003 12352.37872596154 -22213.376379394533 20087.378835227275 8722.9634082031225 -25523.07871733166 -13343.962714012634 -346.85413411458325 3460.7536132812502 -2553.8840745192301 -11290.182657782978 36746.573984375005 -32214.78838778409 39390.119290865376 10217.710338541667 -23331.459790039065 6388.8219651442305
leaf_weight=9.9999999999999982 11.999999999999998 13.999999999999998 10.999999999999998 13.999999999999998 18.000000000000004 11.999999999999998 10.999999999999998 10.000000000000002 11.999999999999998 12.000000000000002 9.9999999999999982 10.000000000000002 10.000000000000002 9.9999999999999982 12.999999999999998 9.9999999999999982 10.999999999999998 10.000000000000002 21 47 12.000000000000002 15.999999999999998 13.000000000000002 43 9.9999999999999982 10.999999999999998 13.000000000000002 14.999999999999998 15.999999999999998 12.999999999999998
leaf_count=10 12 14 11 14 18 12 11 10 12 12 10 10 10 10 13 10 11 10 21 47 12 16 13 43 10 11 13 15 16 13
internal_value=-226.532 -1403.66 565.954 -782.808 -6.26637 24975.8 -2031.84 -1261.71 -19173.4 -92.408 1053.52 91.3502 11837.3 -3669.25 25321.3 -1881.61 -1055.12 -2044.76 -14476 -155.708 3557.97 1586.25 5177.24 -2291.1 14533.3 -15588 16379.8 23762 -12738.5 -9068.53
internal_weight=450 438 424 414 400 30 370 359 22 337 309 299 43 20 23 256 246 235 31 204 144 133 110 66 23 23 44 28 28 60
internal_count=450 438 424 414 400 30 370 359 22 337 309 299 43 20 23 256 246 235 31 204 144 133 110 66 23 23 44 28 28 60
is_linear=0
shrinkage=0.05


Tree=117
num_leaves=31
num_cat=0
split_feature=5 4 5 5 11 5 5 6 5 6 11 5 7 5 7 6 7 7 7 6 2 2 6 6 6 7 9 5 6 7
split_gain=8.21596e+12 1.85772e+13 1.15278e+13 2.57495e+12 7.3071e+12 6.61816e+12 2.60589e+12 2.73744e+12 2.19188e+12 1.91817e+12 2.95762e+12 3.1715e+12 1.8833e+12 3.89268e+12 3.57756e+12 2.13588e+12 1.90181e+12 3.47078e+12 2.8088e+12 1.89601e+12 1.78683e+12 2.22079e+12 2.89853e+12 1.98171e+12 2.09765e+12 1.98101e+12 3.14739e+12 1.81997e+12 1.69003e+12 2.03069e+12
threshold=18678800.000000004 1.0000000180025095e-35 3280000.0000000005 14341000.000000002 11124899.166666668 10615300.000000002 12440250.000000002 13249685.000000002 7415750.0000000009 11568950.000000002 9442603.333333334 10784000.000000002 10034000.000000002 6303000.0000000009 12001950.000000002 10142500.000000002 7137200.0000000009 7471500.0000000009 6905000.0000000009 9340085.0000000019 117.50000000000001 168.50000000000003 3341800.0000000005 7995510.0000000009 5100500.0000000009 4371750.0000000009 6788658.5714285718 7453500.0000000009 4876250.0000000009 9474500.0000000019
decision_type=2 2 2 2 2 2 2 2 2 2 2 2 2 2 2 2 2 2 2 2 2 2 2 2 2 2 2 2 2 2
left_child=1 2 -1 4 6 -6 7 9 -9 10 11 12 15 -14 -15 16 18 -18 19 20 27 -22 -23 24 -24 -26 -27 -4 -19 -30
right_child=-2 -3 3 -5 5 -7 -8 8 -10 -11 -12 -13 13 14 -16 -17 17 28 -20 -21 21 22 23 -25 25 26 -28 -29 29 -31
leaf_value=53584.499570312502 40601.63671875 -58002.032700892858 -157.66494140625002 -21821.238950892861 1759.4766845703123 48832.84946986608 -23919.453515625002 -926.17208129882783 -32621.801692708334 15422.209999486022 -22604.053385416668 21805.733007812501 34362.95298295455 16614.89993024553 -19810.963701923079 -20951.282141927084 -35312.73859375 -22800.944062499999 24001.42930438702 19631.330397727274 -26639.85546875 21178.790587269177 -15733.997386532737 -25911.576633522727 21848.964115767045 -21476.419756610572 11205.676125919119 24569.910795454547 4114.9972365359044 -18930.10817871094
leaf_weight=9.9999999999999982 11.999999999999998 13.999999999999998 23 13.999999999999998 16.000000000000004 13.999999999999998 12.999999999999998 10.000000000000002 11.999999999999998 19 14.999999999999998 15.999999999999998 10.999999999999998 14.000000000000002 12.999999999999998 14.999999999999998 9.9999999999999982 9.9999999999999982 12.999999999999998 10.999999999999998 10.999999999999998 10.999999999999998 21 10.999999999999998 10.999999999999998 13.000000000000002 17 10.999999999999998 47 11.999999999999998
leaf_count=10 12 14 23 14 16 14 13 10 12 19 15 16 11 14 13 15 10 10 13 11 11 11 21 11 11 13 17 11 47 12
internal_value=-215.205 -1333.47 537.657 -743.668 -5.95288 23727.1 -1930.25 -1129.52 -18214.7 -7.51174 -935.248 144.593 -1071.47 9291.01 -923.479 -2665.7 -1483.44 -7783.46 1769.51 -294.886 -1994.02 -5514.44 -2748.01 -6353.42 -2883.42 3698.58 -2956.57 7842.43 -3793.71 -572.143
internal_weight=450 438 424 414 400 30 370 357 22 335 316 301 285 38 27 247 232 79 153 140 129 95 84 73 62 41 30 34 69 59
internal_count=450 438 424 414 400 30 370 357 22 335 316 301 285 38 27 247 232 79 153 140 129 95 84 73 62 41 30 34 69 59
is_linear=0
shrinkage=0.05


Tree=118
num_leaves=31
num_cat=0
split_feature=9 4 5 6 10 8 8 2 2 10 2 11 8 5 9 11 5 5 2 5 10 5 8 8 5 5 6 5 11 7
split_gain=7.70357e+12 9.14712e+12 1.05827e+13 5.16722e+12 3.10244e+12 2.036e+12 3.77955e+12 2.07742e+12 5.08039e+12 6.02551e+12 5.40624e+12 2.83063e+12 2.63916e+12 2.49792e+12 1.93693e+12 4.96148e+12 2.03153e+12 1.93168e+12 1.92051e+12 1.90596e+12 2.49847e+12 2.33872e+12 1.73993e+12 4.39388e+12 4.11369e+12 3.72799e+12 3.28216e+12 2.20506e+12 3.03353e+12 1.85199e+12
threshold=12626890.714285716 1.0000000180025095e-35 3280000.0000000005 14885500.000000002 11577390.000000002 16391950.000000002 12891300.000000002 249.50000000000003 215.50000000000003 6387972.1428571437 225.50000000000003 7211026.3333333349 4202500.0000000009 13026200.000000002 8157835.7142857155 9169415.0000000019 10142500.000000002 4405000.0000000009 301.50000000000006 6243000.0000000009 6239529.2857142864 7453500.0000000009 4876250.0000000009 5457485.0000000009 9217400.0000000019 8955000.0000000019 9435000.0000000019 6812825.0000000009 7142707.3333333349 6021300.0000000009
decision_type=2 2 2 2 2 2 2 2 2 2 2 2 2 2 2 2 2 2 2 2 2 2 2 2 2 2 2 2 2 2
left_child=1 2 -1 4 5 6 7 8 9 -4 -10 -12 -9 17 19 18 -17 -11 -16 20 -14 -21 24 -24 29 26 27 28 -25 -19
right_child=-2 -3 3 -5 -6 -7 -8 12 10 13 11 -13 14 -15 15 16 -18 22 -20 21 -22 -23 23 25 -26 -27 -28 -29 -30 -31
leaf_value=50905.272079467773 33867.314257812504 -35385.14037828947 30369.06778846154 -28143.283300781251 25047.187890625002 -21972.668619051849 23622.89794921875 13753.842801339288 39535.505187988281 -21886.724631911056 -10180.004250919119 18270.186762152778 7953.9469726562493 -29201.310136718752 32364.451093749987 -2412.9063378906244 -34283.958144531251 11226.123125 1376.4486523437499 -37453.304010416665 -22227.169335937502 -11603.620280529205 30185.054174804689 -14901.30847981771 -38318.970312500001 18328.119401041666 -29854.896228966347 -14194.578120754079 15887.923246256511 -12878.156430951287
leaf_weight=9.9999999999999982 15.999999999999998 19 12.999999999999998 17 11.999999999999998 10.999999999999998 15.999999999999998 13.999999999999998 15.999999999999998 12.999999999999998 17 18 16.000000000000004 9.9999999999999982 10.000000000000002 10.000000000000002 9.9999999999999982 14.999999999999998 9.9999999999999982 14.999999999999998 11.999999999999998 21 11.999999999999998 11.999999999999998 9.9999999999999982 18 12.999999999999998 23 24 17
leaf_count=10 16 19 13 17 12 11 16 14 16 13 17 18 16 10 10 10 10 15 10 15 12 21 12 12 10 18 13 23 24 17
internal_value=-204.445 -1460.55 92.6274 -1162.01 20.1636 -778.571 -139.845 -1229.25 1527.86 -2419.09 15458.3 4451.52 -6626.65 -4971.47 -9370.17 -738.991 -18348.4 -3428.16 16870.4 -14764.7 -4980.82 -22374.3 -1761.77 1765.02 -10326.8 -2024.31 -7112.42 -2101.37 5624.85 -1579.28
internal_weight=450 434 415 405 388 376 365 349 231 180 51 35 118 167 104 40 20 157 20 64 28 36 144 102 42 90 72 59 36 32
internal_count=450 434 415 405 388 376 365 349 231 180 51 35 118 167 104 40 20 157 20 64 28 36 144 102 42 90 72 59 36 32
is_linear=0
shrinkage=0.05


Tree=119
num_leaves=31
num_cat=0
split_feature=9 4 6 1 10 6 6 9 9 7 6 11 1 9 8 7 7 9 10 8 8 11 7 0 7 7 8 7 7 6
split_gain=7.06849e+12 1.73383e+13 1.41344e+13 1.08796e+13 2.03156e+13 3.17958e+12 2.7096e+12 2.16503e+12 3.48241e+12 3.80959e+12 6.85268e+12 5.0568e+12 6.00022e+12 2.40063e+12 2.12266e+12 1.95942e+12 5.24896e+12 4.0093e+12 3.68175e+12 3.49984e+12 4.62349e+12 3.00397e+12 3.96677e+12 2.55604e+12 2.70745e+12 2.18672e+12 4.40166e+12 2.12711e+12 2.06574e+12 1.87504e+12
threshold=12052012.142857144 1.0000000180025095e-35 13917500.000000002 1.5000000000000002 7885510.7142857155 14885500.000000002 12832500.000000002 10797824.285714287 8229339.2857142864 7264200.0000000009 6120285.0000000009 9322129.1666666679 7.5000000000000009 9316014.2857142873 12415000.000000002 7137200.0000000009 7471500.0000000009 7814531.4285714291 7727321.42857143 6369800.0000000009 5838300.0000000009 7377650.6333333338 9994100.0000000019 1.5000000000000002 5803250.0000000009 12628500.000000002 7513800.0000000009 3432750.0000000005 5211500.0000000009 5580500.0000000009
decision_type=2 2 2 2 2 2 2 2 2 2 2 2 2 2 2 2 2 2 2 2 2 2 2 2 2 2 2 2 2 2
left_child=1 3 -2 4 -1 6 7 8 15 10 -10 12 -11 -12 -13 17 -17 18 19 20 27 22 29 -21 -25 26 -23 -5 -29 -18
right_child=2 -3 -4 5 -6 -7 -8 -9 9 11 13 14 -14 -15 -16 16 21 -19 -20 23 -22 25 -24 24 -26 -27 -28 28 -30 -31
leaf_value=87749.909257812484 67240.596874999974 -49612.542230902778 -14893.295624999999 23209.817500000001 -1134.8295749240451 -25065.286635044642 23653.726908735796 -18439.428407118055 -36809.124360795446 2941.377851562499 29646.240156249987 -12866.107414362978 52942.313307291668 -4999.2871484375 17774.874296875001 -42854.719960937502 -22472.179296875001 -23081.54714355469 31123.115340909091 4435.444122982025 38630.602379261363 -22968.509952799479 30142.457785866482 -33693.907952008929 -4716.0535978618418 -34434.281992187505 8791.7402160644542 -15664.61953125 7781.2096261160714 2242.3513923413825
leaf_weight=10.000000000000002 11.000000000000002 18 9.9999999999999982 9.9999999999999982 18 13.999999999999998 10.999999999999998 18 11.000000000000002 10.000000000000002 10.000000000000002 13.000000000000002 14.999999999999998 9.9999999999999982 9.9999999999999982 9.9999999999999982 9.9999999999999982 15.999999999999998 10.999999999999998 24 10.999999999999998 24 10.999999999999998 13.999999999999998 19 9.9999999999999982 20 17 21 33
leaf_count=10 11 18 10 10 18 14 11 18 11 10 10 13 15 10 10 10 10 16 11 24 11 24 11 14 19 10 20 17 21 33
internal_value=-194.223 -1580.68 28129.2 522.9 30609.7 -1676.66 -789.285 -1540.33 -645.669 8551.99 -5110.67 17375.8 32941.9 12323.5 456.059 -3429.63 -8198.78 505.749 3477.38 855.798 9392.23 -4989.9 3348.94 -7980.16 -17009.7 -13328.7 -8532.03 2691.77 -2707.71 -3505.21
internal_weight=450 429 21 411 28 383 369 358 340 79 31 48 25 20 23 261 118 143 127 116 59 108 54 57 33 54 44 48 38 43
internal_count=450 429 21 411 28 383 369 358 340 79 31 48 25 20 23 261 118 143 127 116 59 108 54 57 33 54 44 48 38 43
is_linear=0
shrinkage=0.05


Tree=120
num_leaves=31
num_cat=0
split_feature=8 2 9 5 1 8 5 10 8 5 9 10 1 7 7 6 5 6 7 8 10 10 7 6 10 5 6 9 9 10
split_gain=6.20201e+12 1.26801e+13 6.84203e+12 1.18105e+13 1.43295e+13 1.90215e+13 1.23448e+13 4.91551e+12 4.01158e+12 4.85777e+12 3.19371e+12 4.93173e+12 6.15573e+12 2.83137e+12 3.42801e+12 6.48719e+12 3.11731e+12 3.29976e+12 2.74836e+12 3.94746e+12 3.51035e+12 3.97319e+12 2.43065e+12 2.40659e+12 2.64067e+12 2.63653e+12 2.19003e+12 2.88459e+12 2.01837e+12 2.69821e+12
threshold=5580500.0000000009 42.500000000000007 12052012.142857144 16455800.000000002 1.5000000000000002 7995510.0000000009 3341800.0000000005 6114868.2142857155 13906500.000000002 8901550.0000000019 6061065.7142857155 6773462.8571428582 7.5000000000000009 9523725.0000000019 11568950.000000002 10060700.000000002 4405000.0000000009 13294200.000000002 6575025.0000000009 5072500.0000000009 8450095.0000000019 7545055.3571428582 8886050.0000000019 5142500.0000000009 7866310.7142857155 6812825.0000000009 8530000.0000000019 7540357.1428571437 10065485.714285716 8104560.7142857155
decision_type=2 2 2 2 2 2 2 2 2 2 2 2 2 2 2 2 2 2 2 2 2 2 2 2 2 2 2 2 2 2
left_child=1 -1 3 4 5 -2 -6 -8 13 -10 -3 12 -12 16 -15 -16 -9 22 26 20 21 -20 23 24 -18 -25 27 -13 29 -27
right_child=2 10 -4 -5 6 -7 7 8 9 -11 11 18 -14 14 15 -17 17 -19 19 -21 -22 -23 -24 25 -26 28 -28 -29 -30 -31
leaf_value=-62167.460708007813 94262.270585937484 -21021.343325407608 36383.226806640625 -50597.961093750004 -50616.847230113635 5236.3402148437499 30315.377563476562 -18827.030309244794 -2693.877343749999 45456.722585227275 49727.613789062481 11084.056020220589 -5750.8735937500005 -23361.61487379808 -19073.689661458331 31478.850053267048 7317.116388494318 -22626.292812500003 -28536.896569824214 8408.2927978515636 -45027.378977272732 8677.1571819598867 29665.56999289773 11519.105896326015 38304.925759277343 -2276.8128540039065 21319.076367187503 -18998.627838541666 11688.698677884617 -28860.178125000002
leaf_weight=9.9999999999999982 10.000000000000002 23 15.999999999999998 9.9999999999999982 10.999999999999998 14.999999999999998 15.999999999999998 14.999999999999998 10.000000000000002 10.999999999999998 10.000000000000002 17 9.9999999999999982 26 15.000000000000002 10.999999999999998 22 9.9999999999999982 16.000000000000004 15.999999999999998 10.999999999999998 12.999999999999998 10.999999999999998 37 9.9999999999999982 30 12.999999999999998 14.999999999999998 12.999999999999998 13.999999999999998
leaf_count=10 10 23 16 10 11 15 16 15 10 11 10 17 10 26 15 11 22 10 16 16 11 13 11 37 10 30 13 15 13 14
internal_value=491.566 -7723.09 4533.28 2817.46 4678.63 40846.7 1227.47 3499.53 1673.77 22527.9 -3942.23 -695.792 21988.4 -372.655 -10523.8 2313.92 2885.75 5101.34 -5187.71 -12581.4 -20977.2 -11854.7 7125.26 5157.45 17000.8 1125.67 4013.28 -3017.2 -5620.94 -10735.2
internal_weight=467 154 313 297 287 25 262 251 235 21 144 121 20 214 52 26 162 147 101 56 40 29 137 126 32 94 45 32 57 44
internal_count=467 154 313 297 287 25 262 251 235 21 144 121 20 214 52 26 162 147 101 56 40 29 137 126 32 94 45 32 57 44
is_linear=0
shrinkage=0.05


Tree=121
num_leaves=31
num_cat=0
split_feature=11 5 6 6 10 8 5 8 6 8 1 5 11 10 6 6 6 0 6 1 9 5 6 10 7 11 9 6 1 10
split_gain=5.86759e+12 1.57358e+13 1.10807e+13 1.006e+13 6.57155e+12 5.69295e+12 5.90315e+12 4.96643e+12 3.68749e+12 4.51998e+12 8.13812e+12 1.18864e+13 7.82759e+12 4.21915e+12 3.83855e+12 4.18804e+12 3.21533e+12 4.06674e+12 2.49985e+12 2.80029e+12 2.7715e+12 2.47402e+12 2.85972e+12 2.51236e+12 2.30069e+12 2.62598e+12 1.90692e+12 1.69058e+12 1.668e+12 2.87876e+12
threshold=9690329.1666666698 16455800.000000002 7181000.0000000009 8783500.0000000019 9901201.7857142873 11568950.000000002 8066500.0000000009 13906500.000000002 13249685.000000002 5368200.0000000009 1.5000000000000002 3341800.0000000005 8137468.5000000009 6114868.2142857155 5898500.0000000009 6457500.0000000009 9983000.0000000019 1.5000000000000002 5100500.0000000009 7.5000000000000009 7339892.8571428582 4560000.0000000009 5072500.0000000009 7840821.42857143 6405800.0000000009 6994858.5000000009 7618515.7142857155 12832500.000000002 6.5000000000000009 6773462.8571428582
decision_type=2 2 2 2 2 2 2 2 2 2 2 2 2 2 2 2 2 2 2 2 2 2 2 2 2 2 2 2 2 2
left_child=1 4 -2 -4 7 6 -5 8 9 12 -11 -12 14 -13 24 -16 17 18 -15 20 -20 -19 -23 28 25 -1 -18 -8 29 -24
right_child=2 -3 3 5 -6 -7 27 -9 -10 10 11 13 -14 16 15 -17 26 21 19 -21 -22 22 23 -25 -26 -27 -28 -29 -30 -31
leaf_value=11317.172868855792 55603.087860576925 -60801.079687500001 -41084.373593750002 -5499.0998486328108 -33793.285184151784 -13300.247055288462 54702.159251265082 30315.592075892859 -21476.277117598685 38478.029503676473 -48086.004865056821 29125.293772977941 -40664.943658854172 -3475.6168666294648 35413.584130859374 25.663816923253677 3480.6848046874993 -28151.35284090909 21100.828612845282 33264.374241727943 -13363.461855468751 14763.958447265626 9000.4303222656217 -21107.310801630436 -30566.530856759207 -22504.323934659093 32068.268219866077 26296.776406249999 8247.6825256347656 -27323.555273437501
leaf_weight=12.000000000000002 12.999999999999998 10.999999999999998 9.9999999999999982 10.000000000000002 13.999999999999998 12.999999999999998 11.000000000000002 13.999999999999998 19 17 10.999999999999998 17 14.999999999999998 21 9.9999999999999982 51 10.000000000000002 10.999999999999998 14.000000000000002 17 9.9999999999999982 18 10.000000000000002 23 13.999999999999998 10.999999999999998 13.999999999999998 9.9999999999999982 24 11.999999999999998
leaf_count=12 13 11 10 10 14 13 11 14 19 17 11 17 15 21 10 51 10 11 14 17 10 18 10 23 14 11 14 10 24 12
internal_value=466.988 -1826.78 14161.1 4184.33 -159.123 14472.7 26119.4 1096.55 -36.5955 1154.5 5192.32 2523.18 -7028.34 5292.84 -1879.88 5826.96 3090.93 531.048 10553 17738.3 6740.71 -5809.34 -2984.49 -7614.52 -14585.8 -4858.33 20156.8 41175.8 -868.13 -10812.7
internal_weight=467 400 67 54 389 44 31 375 361 342 229 212 113 201 98 61 184 160 62 41 24 98 87 69 37 23 24 21 46 22
internal_count=467 400 67 54 389 44 31 375 361 342 229 212 113 201 98 61 184 160 62 41 24 98 87 69 37 23 24 21 46 22
is_linear=0
shrinkage=0.05


Tree=122
num_leaves=31
num_cat=0
split_feature=11 5 11 9 5 2 8 9 1 5 1 7 5 6 6 5 6 9 5 9 6 6 5 1 8 2 0 7 11 5
split_gain=5.2955e+12 1.42016e+13 1.02231e+13 1.09899e+13 7.53688e+12 5.43549e+12 4.86892e+12 5.08657e+12 2.59884e+13 1.25738e+13 1.00789e+13 3.1353e+12 3.01761e+12 4.64322e+12 4.47011e+12 3.73482e+12 2.98877e+12 4.23677e+12 3.07273e+12 2.42848e+12 2.37604e+12 2.58374e+12 4.83374e+12 2.21969e+12 1.92935e+12 1.92007e+12 1.90723e+12 2.7745e+12 1.63852e+12 2.25646e+12
threshold=9690329.1666666698 16455800.000000002 11250280.666666668 10580956.428571431 13798750.000000002 340.50000000000006 13906500.000000002 8193714.2857142864 1.5000000000000002 3280000.0000000005 1.5000000000000002 5130500.0000000009 7287800.0000000009 9340085.0000000019 4697500.0000000009 6975000.0000000009 10969500.000000002 10509450.000000002 10784000.000000002 10713747.85714286 4150000.0000000005 7995510.0000000009 5767650.0000000009 4.5000000000000009 5873000.0000000009 249.50000000000003 2.5000000000000004 5321500.0000000009 8332943.166666667 8806175.0000000019
decision_type=2 2 2 2 2 2 2 2 2 2 2 2 2 2 2 2 2 2 2 2 2 2 2 2 2 2 2 2 2 2
left_child=1 6 3 -2 5 19 7 8 -1 -10 -9 -12 13 15 -14 20 17 18 -13 -4 -11 22 23 -22 -18 -24 27 -25 29 -16
right_child=2 -3 4 -5 -6 -7 -8 10 9 12 11 16 14 -15 28 -17 24 -19 -20 -21 21 -23 25 26 -26 -27 -28 -29 -30 -31
leaf_value=77561.987926136368 8472.5819411057673 -57761.026775568178 12559.888875325518 76377.869957386371 -39164.969375000001 41159.835820312503 28799.810602678575 -56078.819162819607 -53206.362872869329 -16969.265649414065 17354.098016826923 -5561.9332707331741 14192.415660511366 27537.110091145834 281.61239085477945 30228.914781605115 -9929.1314453124978 -28943.823347981772 22855.96109375 -19964.859090909093 35125.390795898442 -13569.877290039061 -10.194272085336539 39704.962187499987 -39542.955752840913 -24930.094620028409 -2044.1502757352941 4044.8347330729166 -30300.458710937499 -18532.056106770833
leaf_weight=10.999999999999998 13.000000000000002 10.999999999999998 12.000000000000002 10.999999999999998 9.9999999999999982 9.9999999999999982 13.999999999999998 10.999999999999998 10.999999999999998 18 12.999999999999998 26 22 21 34 10.999999999999998 11.000000000000002 11.999999999999998 14.999999999999998 10.999999999999998 11.999999999999998 20 26 10.000000000000002 10.999999999999998 10.999999999999998 17 11.999999999999998 9.9999999999999982 30
leaf_count=11 13 11 12 11 10 10 14 11 11 18 13 26 22 21 34 11 11 12 15 11 12 20 26 10 11 11 17 12 10 30
internal_value=443.638 -1735.44 13453 39595.8 -1138.28 10385 -151.167 -1232 2255.62 -870.3 -10955.1 -5314.62 1396.22 5644.3 -5595.4 2288.46 -9243.86 -2813.15 4834.86 -2995.43 -150.783 2652.3 6339.16 16320.4 -24736 -7418.81 10534.3 20254 -11478.3 -8537.29
internal_weight=467 400 67 24 43 33 389 375 276 265 99 88 254 158 96 137 75 53 41 23 126 108 88 51 22 37 39 22 74 64
internal_count=467 400 67 24 43 33 389 375 276 265 99 88 254 158 96 137 75 53 41 23 126 108 88 51 22 37 39 22 74 64
is_linear=0
shrinkage=0.05


Tree=123
num_leaves=31
num_cat=0
split_feature=8 2 9 5 1 11 5 9 5 6 9 11 0 11 5 5 7 11 11 5 2 2 5 9 9 9 2 2 7 11
split_gain=4.94619e+12 1.12315e+13 5.56286e+12 8.58343e+12 1.16363e+13 1.87685e+13 9.37646e+12 3.93349e+12 3.63228e+12 3.00212e+12 2.80697e+12 3.54112e+12 5.23259e+12 2.75636e+12 2.88137e+12 6.90374e+12 3.46727e+12 4.47714e+12 3.22179e+12 3.15715e+12 2.68784e+12 2.31295e+12 3.50468e+12 2.13892e+12 2.2096e+12 2.65312e+12 2.38738e+12 1.89248e+12 1.7521e+12 1.58897e+12
threshold=5580500.0000000009 42.500000000000007 12052012.142857144 16455800.000000002 1.5000000000000002 8058263.0000000009 3341800.0000000005 6226628.5714285718 13798750.000000002 5873000.0000000009 6061065.7142857155 7442549.8333333349 2.5000000000000004 6718313.0000000009 12335000.000000002 10784000.000000002 4739000.0000000009 6969908.6666666679 8227103.0000000009 8210075.0000000009 209.50000000000003 324.50000000000006 8998160.0000000019 9463219.2857142873 7580805.0000000009 7833676.42857143 247.50000000000003 195.50000000000003 7181000.0000000009 6674366.5000000009
decision_type=2 2 2 2 2 2 2 2 2 2 2 2 2 2 2 2 2 2 2 2 2 2 2 2 2 2 2 2 2 2
left_child=1 -1 3 4 5 -2 -6 9 13 -8 28 12 20 -9 15 16 18 -18 -15 23 -12 22 -13 24 27 -26 -27 -19 -3 -14
right_child=2 10 -4 -5 6 -7 7 8 -10 -11 11 21 29 14 -16 -17 17 19 -20 -21 -22 -23 -24 -25 25 26 -28 -29 -30 -31
leaf_value=-58154.654687500006 -8428.8346354166642 -7264.2823505108163 32749.582128906251 -43053.147578125005 -44223.040727095176 78285.783007812497 32626.409722222226 -17021.034061686198 29759.620625 4131.1982113486838 6496.304453124998 -3577.3921105018035 32872.891030649036 -268.44744318181813 -19963.274916585287 34135.964981079102 28606.662841796875 5163.4641818576392 38944.690390625001 -18581.169772677949 -29320.324502840915 7148.3566406250002 -32772.992589613968 -16609.213941865812 34026.910625000004 -12069.747037760413 21009.208671875003 -18883.527478586835 -35102.485712890622 11720.017752511161
leaf_weight=9.9999999999999982 12.000000000000002 13.000000000000002 15.999999999999998 9.9999999999999982 10.999999999999998 12.999999999999998 18 24 9.9999999999999982 19 10.000000000000002 26 12.999999999999998 11.000000000000002 14.999999999999998 15.999999999999998 9.9999999999999982 18 9.9999999999999982 36 10.999999999999998 15.999999999999998 17 17 9.9999999999999982 12.000000000000002 9.9999999999999982 14.999999999999998 9.9999999999999982 28
leaf_count=10 12 13 16 10 11 13 18 24 10 19 10 26 13 11 15 16 10 18 10 36 11 16 17 17 10 12 10 15 10 28
internal_value=421.456 -6914.54 4030.86 2483.72 4070.37 36662.8 960.412 2940.56 337.912 17993.7 -3356.2 -312.66 8031.41 -1104.33 1017.9 2925.28 -426.204 -3515.61 18404.5 -6237.84 -12264.8 -9081.01 -15119.8 -818.817 3310.98 12672.6 2966.14 -5766.99 -19367.8 18427
internal_weight=467 154 313 297 287 25 262 251 214 37 144 121 62 204 180 165 149 128 21 118 21 59 43 82 65 32 22 33 23 41
internal_count=467 154 313 297 287 25 262 251 214 37 144 121 62 204 180 165 149 128 21 118 21 59 43 82 65 32 22 33 23 41
is_linear=0
shrinkage=0.05


Tree=124
num_leaves=31
num_cat=0
split_feature=8 1 2 9 4 5 8 2 7 7 7 6 2 0 5 11 2 5 2 9 11 6 2 8 2 2 5 7 6 2
split_gain=4.47527e+12 1.19361e+13 4.95917e+12 3.22859e+13 1.27005e+13 7.94851e+12 4.85727e+12 2.65483e+12 4.15013e+12 3.34221e+12 3.20853e+12 3.58125e+12 2.32754e+12 5.00403e+12 3.71723e+12 3.29714e+12 3.27717e+12 2.84227e+12 3.61663e+12 3.1764e+12 4.20456e+12 2.5161e+12 2.07786e+12 2.4971e+12 4.75805e+12 2.40387e+12 2.61405e+12 2.07725e+12 2.07547e+12 1.89048e+12
threshold=5838300.0000000009 1.5000000000000002 39.500000000000007 8731217.8571428601 1.0000000180025095e-35 3341800.0000000005 6051000.0000000009 336.50000000000006 10671075.000000002 6405800.0000000009 8247000.0000000009 7287800.0000000009 217.50000000000003 2.5000000000000004 7567500.0000000009 7122412.5000000009 229.50000000000003 13917500.000000002 354.50000000000006 6928979.2857142864 6160131.0000000009 5580500.0000000009 337.50000000000006 9932500.0000000019 306.50000000000006 293.50000000000006 9802500.0000000019 5520450.0000000009 8575200.0000000019 209.50000000000003
decision_type=2 2 2 2 2 2 2 2 2 2 2 2 2 2 2 2 2 2 2 2 2 2 2 2 2 2 2 2 2 2
left_child=1 -1 3 -2 5 -4 -7 8 9 27 29 -12 13 14 28 -15 -14 18 19 20 -18 -22 23 24 -21 26 -25 -3 -8 -11
right_child=2 7 4 -5 -6 6 12 -9 -10 10 11 -13 16 15 -16 -17 17 -19 -20 22 21 -23 -24 25 -26 -27 -28 -29 -30 -31
leaf_value=-56479.619353693182 86878.857574462876 -2815.455560661765 -42011.889222301135 -19000.188731553819 52197.233561197922 30031.505691964285 5857.5496981534088 -25202.973958333336 21052.086603104442 -15545.487833658852 16008.326562499999 -23168.4775390625 27647.119951923076 -38683.100458635607 -15722.733974609377 -9297.1281966145834 -13955.004375000002 -24295.224062500001 30768.676322798299 -28853.456066176466 40823.393717447907 8444.7431640625 -23340.711899038462 36976.487070312476 12267.997869745892 -10200.062748579547 823.69984375000013 15284.656148097827 33329.654018249516 -42659.781328125006
leaf_weight=10.999999999999998 12.000000000000002 51 10.999999999999998 18 11.999999999999998 13.999999999999998 22 11.999999999999998 19 18.000000000000004 14.000000000000002 9.9999999999999982 12.999999999999998 13.999999999999998 14.999999999999998 30 9.9999999999999982 9.9999999999999982 10.999999999999998 17.000000000000004 12.000000000000002 11.999999999999998 12.999999999999998 10.000000000000005 11.999999999999998 10.999999999999998 9.9999999999999982 23 9.9999999999999982 9.9999999999999982
leaf_count=11 12 51 11 18 12 14 22 12 19 18 14 10 13 14 15 30 10 10 11 17 12 12 13 10 12 11 10 23 10 10
internal_value=400.383 -6129.45 4069.32 23351.4 1918.9 -428.727 1430.68 -2601.73 -731.285 -4016.08 -13730.5 -315.342 -295.229 -6529.18 4815.35 -18647.2 3728.1 1298.83 3467.82 661.185 13284.3 24634.1 -5218.09 -1291.53 -11837.7 8574.23 18900.1 2810.25 14442.6 -25229.2
internal_weight=467 168 299 30 269 257 246 157 145 126 52 24 232 91 47 44 141 128 118 107 34 24 73 60 29 31 20 74 32 28
internal_count=467 168 299 30 269 257 246 157 145 126 52 24 232 91 47 44 141 128 118 107 34 24 73 60 29 31 20 74 32 28
is_linear=0
shrinkage=0.05


Tree=125
num_leaves=31
num_cat=0
split_feature=7 5 7 11 7 5 2 5 9 11 10 6 2 10 7 11 11 11 6 5 6 5 1 0 11 0 5 8 6 8
split_gain=5.97845e+12 1.77794e+13 1.29011e+13 3.97983e+13 7.09196e+12 5.76976e+12 9.61489e+12 1.4651e+13 7.41855e+12 6.42762e+12 5.82965e+12 4.98798e+12 4.44955e+12 3.72838e+12 4.66923e+12 3.93259e+12 5.05508e+12 6.16908e+12 5.17391e+12 2.33893e+12 3.86172e+12 4.32415e+12 2.10687e+12 3.16796e+12 2.20027e+12 1.91002e+12 1.85365e+12 1.85338e+12 1.68291e+12 1.48135e+12
threshold=5838300.0000000009 13497000.000000002 6369800.0000000009 8058263.0000000009 5640500.0000000009 6457500.0000000009 342.50000000000006 13497000.000000002 6061065.7142857155 9442603.333333334 6973041.7857142864 11568950.000000002 171.50000000000003 6889463.2142857155 13264235.000000002 7243910.666666667 7582663.3333333349 8014715.3333333349 8955000.0000000019 8280800.0000000009 3904000.0000000005 5109300.0000000009 9.5000000000000018 1.5000000000000002 7265974.5000000009 2.5000000000000004 9422500.0000000019 4876250.0000000009 11343035.000000002 6533000.0000000009
decision_type=2 2 2 2 2 2 2 2 2 2 2 2 2 2 2 2 2 2 2 2 2 2 2 2 2 2 2 2 2 2
left_child=1 4 3 12 11 9 7 8 -7 10 -4 19 -2 -10 15 -15 -17 -18 -19 20 -1 25 23 -23 -25 -22 -21 -12 -20 -29
right_child=2 -3 5 -5 -6 6 -8 -9 13 -11 27 -13 -14 14 -16 16 17 18 28 26 21 22 -24 24 -26 -27 -28 29 -30 -31
leaf_value=-35300.685849609377 -19192.004186197912 -67894.849573863641 -19493.061579663827 108197.15346679688 -42275.346601562502 48091.469160156252 -26500.511369243424 64243.905729166669 -18429.561144301471 -42731.511393229172 27089.802802734375 29606.040122767859 20773.909570312502 39846.310262784093 -13872.326854913887 -15307.98572591146 48736.046368963071 -11391.090392485119 37975.622773437492 26613.867112038344 28224.143359374997 15392.492007211538 -27885.650961538464 -30393.360937499991 -115.02115885416669 -84.984588068181822 -408.83656250000001 -12532.816122159093 12125.805296415441 9485.4802617187506
leaf_weight=9.9999999999999982 15.000000000000002 10.999999999999998 33 11.999999999999998 9.9999999999999982 9.9999999999999982 19 11.999999999999998 17 11.999999999999998 9.9999999999999982 13.999999999999998 12.999999999999998 10.999999999999998 22 18 10.999999999999998 21 10.000000000000002 11.000000000000002 13.000000000000002 12.999999999999998 12.999999999999998 12.000000000000002 11.999999999999998 10.999999999999998 14.999999999999998 10.999999999999998 17 25
leaf_count=10 15 11 33 12 10 10 19 12 17 12 10 14 13 11 22 18 11 21 10 11 13 13 13 12 12 11 15 11 17 25
internal_value=1545.09 -6786.43 5585.46 32013.7 -1770.06 1503.89 6996.32 11267.7 6627.48 -8635.99 -3456.92 1496.49 -636.401 3362.6 6730.48 11881.2 7886.17 14962.3 7222.54 -2081.09 -6137.37 -2196.39 -10570.2 -4486.44 -15254.2 15249.1 11023.8 8047.26 21699.8 2757.67
internal_weight=444 145 299 40 134 259 168 149 137 91 79 124 28 127 110 88 77 59 48 110 84 74 50 37 24 24 26 46 27 36
internal_count=444 145 299 40 134 259 168 149 137 91 79 124 28 127 110 88 77 59 48 110 84 74 50 37 24 24 26 46 27 36
is_linear=0
shrinkage=0.05


Tree=126
num_leaves=31
num_cat=0
split_feature=7 5 7 11 7 5 2 5 5 5 6 2 8 6 6 8 6 5 6 0 5 6 5 8 8 8 2 0 11 0
split_gain=5.39555e+12 1.60459e+13 1.16432e+13 3.5918e+13 6.4005e+12 5.23472e+12 5.12105e+12 2.26656e+13 2.25519e+13 5.255e+12 4.50165e+12 4.01572e+12 3.8878e+12 4.08706e+12 4.5067e+12 3.86205e+12 3.73124e+12 3.88942e+12 3.15753e+12 2.62156e+12 2.11088e+12 3.48521e+12 3.90254e+12 1.96459e+12 2.18418e+12 2.34199e+12 1.90145e+12 2.85908e+12 1.98574e+12 1.72379e+12
threshold=5838300.0000000009 13497000.000000002 6369800.0000000009 8058263.0000000009 5640500.0000000009 3564800.0000000005 334.50000000000006 13917500.000000002 13497000.000000002 8752250.0000000019 11568950.000000002 171.50000000000003 9994100.0000000019 12001950.000000002 8806175.0000000019 6575025.0000000009 5640500.0000000009 10060700.000000002 7503200.0000000009 5.5000000000000009 8280800.0000000009 3904000.0000000005 5109300.0000000009 4062500.0000000005 5072500.0000000009 5408200.0000000009 273.50000000000006 1.5000000000000002 7265974.5000000009 2.5000000000000004
decision_type=2 2 2 2 2 2 2 2 2 2 2 2 2 2 2 2 2 2 2 2 2 2 2 2 2 2 2 2 2 2
left_child=1 4 3 11 10 -4 8 9 12 -8 20 -2 15 14 -14 19 -17 18 -18 23 21 -1 29 -7 -25 -26 27 -24 -29 -23
right_child=2 -3 5 -5 -6 6 7 -9 -10 -11 -12 -13 13 -15 -16 16 17 -19 -20 -21 -22 22 26 24 25 -27 -28 28 -30 -31
leaf_value=-33535.650551757812 -18232.404134114578 -64500.105752840907 -28307.527066476003 102787.29625651042 -40161.580546875004 9788.4696960449219 -11155.702685546872 -78198.323437500003 79355.983750000014 34728.598860677084 28125.738616071427 19735.214362980769 -7123.5348772321422 16481.878000488283 -47905.706113281252 36709.298013305663 657.24347364637595 -13173.063932291667 28360.207364908856 15859.470757378473 10472.653744741587 26812.936017315194 14622.867668269231 -30036.211363636365 14812.953977272728 -12041.125543409778 -26491.367931189907 -28873.692805989576 -109.27044270833333 -80.735715553977286
leaf_weight=9.9999999999999982 15.000000000000002 10.999999999999998 13.999999999999998 11.999999999999998 9.9999999999999982 15.999999999999998 13.000000000000002 9.9999999999999982 9.9999999999999982 11.999999999999998 13.999999999999998 12.999999999999998 21.000000000000004 9.9999999999999982 9.9999999999999982 14.999999999999998 18 14.999999999999998 24 18 26 13.000000000000002 12.999999999999998 10.999999999999998 10.999999999999998 31 12.999999999999998 12.000000000000002 11.999999999999998 10.999999999999998
leaf_count=10 15 11 14 12 10 16 13 10 10 12 14 13 21 10 10 15 18 15 24 18 26 13 13 11 11 31 13 12 12 11
internal_value=1467.84 -6447.1 5306.19 30413 -1681.56 1428.69 3127.91 -14579 6079.05 10868.8 1421.67 -604.581 2415.21 -11313 -20279.1 5955.18 14521.1 8682.09 16487.5 -1133.85 -1977.03 -5830.51 -2086.57 -5566.89 -10202.5 -5007.91 -10041.7 -4262.12 -14491.5 14486.7
internal_weight=444 145 299 40 134 259 245 35 210 25 124 28 200 41 31 159 72 57 42 87 110 84 74 69 53 42 50 37 24 24
internal_count=444 145 299 40 134 259 245 35 210 25 124 28 200 41 31 159 72 57 42 87 110 84 74 69 53 42 50 37 24 24
is_linear=0
shrinkage=0.05


Tree=127
num_leaves=31
num_cat=0
split_feature=7 7 11 2 0 2 11 8 6 9 2 10 10 10 8 11 2 1 9 10 2 8 7 9 10 8 11 11 7 8
split_gain=4.86948e+12 1.0508e+13 3.2416e+13 9.46451e+12 4.55606e+12 1.33356e+13 8.28477e+12 6.80598e+12 6.1598e+12 5.86646e+12 3.62419e+12 3.49623e+12 4.63448e+12 3.42757e+12 3.28088e+12 3.23804e+12 3.20885e+12 4.05896e+12 2.76154e+12 3.65793e+12 4.80728e+12 2.55062e+12 2.05047e+12 1.61871e+12 5.14246e+12 1.98298e+12 1.31537e+12 2.82277e+12 9.7964e+11 1.03965e+12
threshold=5838300.0000000009 6369800.0000000009 8058263.0000000009 42.500000000000007 5.5000000000000009 307.50000000000006 11250280.666666668 6457500.0000000009 10384350.000000002 8816657.1428571437 171.50000000000003 9670582.1428571437 8498984.2857142892 6930771.7857142864 10373750.000000002 7976291.666666667 255.50000000000003 5.5000000000000009 6202457.1428571437 6694463.92857143 193.50000000000003 5457485.0000000009 7662375.0000000009 6395544.2857142864 6358571.42857143 3904000.0000000005 8184202.5000000009 7407550.3333333349 4292800.0000000009 8403800.0000000019
decision_type=2 2 2 2 2 2 2 2 2 2 2 2 2 2 2 2 2 2 2 2 2 2 2 2 2 2 2 2 2 2
left_child=3 2 10 -1 6 16 7 13 -8 18 -2 12 15 -3 -11 23 17 -6 -9 -20 -21 26 -22 24 -5 -25 27 -15 -27 -30
right_child=1 4 -4 11 5 -7 8 9 -10 14 -12 -13 -14 21 -16 -17 -18 -19 19 20 22 -23 -24 25 -26 28 -28 -29 29 -31
leaf_value=-53060.30812500001 -17320.782929687495 -26857.739687499998 97647.931831868496 1746.8102494864631 -14014.240340909086 56322.984012276786 -47459.042333984369 26141.604433371805 -1122.8153545673076 17435.523278166114 18748.453215144233 -31096.462460937502 26736.790429687502 17226.057368607952 52817.916914062509 -29539.881250000002 -23691.814026988635 26572.784123883928 -27193.054190340914 24519.801007401315 -24718.681995738636 -16266.647691761365 1929.3837518601192 22344.348437500001 -39833.597626953124 -10977.550585937501 18859.161588541665 -17188.774639423078 -3406.4774362664475 14202.3544140625
leaf_weight=9.9999999999999982 15.000000000000002 20 11.999999999999998 29 11.000000000000002 13.999999999999998 16.000000000000004 10.999999999999998 12.999999999999998 19.000000000000004 12.999999999999998 9.9999999999999982 13.999999999999998 11.000000000000002 9.9999999999999982 10.999999999999998 10.999999999999998 13.999999999999998 10.999999999999998 19 10.999999999999998 22 21 11.999999999999998 9.9999999999999982 14.999999999999998 11.999999999999998 12.999999999999998 19 14.999999999999998
leaf_count=10 15 20 12 29 11 14 16 11 13 19 13 10 14 11 10 11 11 14 11 19 11 22 21 12 10 15 12 13 19 15
internal_value=1394.45 5040.88 28892.3 -6124.75 1357.26 14915.5 -1886.33 2109.43 -26687.6 10611.5 -574.352 -2648.04 -372.168 -9008.7 29636.3 -3791.32 -1187.43 8714.49 3053.72 -1042.51 4597.8 -2853.86 -7230.89 -958.973 -8914.83 4127.56 5342.85 -1415.31 -333.694 4362.12
internal_weight=444 299 40 145 259 50 209 180 29 102 28 135 125 78 29 111 36 25 73 62 51 58 32 100 39 61 36 24 49 34
internal_count=444 299 40 145 259 50 209 180 29 102 28 135 125 78 29 111 36 25 73 62 51 58 32 100 39 61 36 24 49 34
is_linear=0
shrinkage=0.05


Tree=128
num_leaves=31
num_cat=0
split_feature=7 7 2 4 5 10 10 5 2 11 9 7 7 9 7 0 7 6 8 5 2 7 10 10 5 6 8 11 7 10
split_gain=4.49952e+12 2.0277e+13 1.97981e+13 5.7401e+12 4.03106e+12 3.27337e+12 4.14734e+12 2.74262e+12 3.78679e+12 2.89909e+12 2.9336e+12 4.03286e+12 6.46255e+12 2.8339e+12 2.04169e+12 2.75177e+12 3.07643e+12 2.43057e+12 2.39731e+12 1.92007e+12 2.43045e+12 1.856e+12 1.71839e+12 2.08362e+12 1.9731e+12 1.42926e+12 1.03235e+12 8.78724e+11 8.56026e+11 2.83828e+12
threshold=6051000.0000000009 6243000.0000000009 30.500000000000004 1.0000000180025095e-35 3564800.0000000005 9670582.1428571437 8498984.2857142892 14341000.000000002 340.50000000000006 11324816.833333336 8852812.1428571437 8022050.0000000009 7107500.0000000009 5884290.7142857155 5559700.0000000009 3.5000000000000004 4832500.0000000009 6975000.0000000009 5538185.0000000009 5898500.0000000009 180.50000000000003 9994100.0000000019 6644417.5000000009 6973041.7857142864 9802500.0000000019 6575025.0000000009 7662375.0000000009 7211026.3333333349 9187935.0000000019 7876025.0000000009
decision_type=2 2 2 2 2 2 2 2 2 2 2 2 2 2 2 2 2 2 2 2 2 2 2 2 2 2 2 2 2 2
left_child=2 -2 -1 4 -3 6 14 8 9 10 13 12 -12 -6 15 16 19 -18 -17 -4 -21 -13 26 -24 28 -22 -15 -16 29 -25
right_child=1 3 5 -5 7 -7 -8 -9 -10 -11 11 21 -14 22 27 18 17 -19 -20 20 25 -23 23 24 -26 -27 -28 -29 -30 -31
leaf_value=-73444.686914062506 58087.570726102946 -26184.116041782923 18904.093976151315 30776.394140625001 17525.161452907989 -25898.319970703127 24464.075551470589 -21846.058203125001 26126.688952636719 -21091.034312220985 538.32335937499988 -14259.748307291664 56075.682111150578 -25331.641406249997 3139.7583844866067 -4993.5307528409076 -26910.716003417965 4512.5201660156254 -38819.097265625001 17159.827038574218 1930.2961103959512 12537.536718750001 14030.716868832236 -5378.9642089843755 -21439.785693359376 -23558.217436079547 -3963.1047265625002 22545.840703125003 -6017.8654836554279 25727.227982954544
leaf_weight=9.9999999999999982 17 13.999999999999998 19 15.999999999999998 18 11.999999999999998 17 11.999999999999998 15.999999999999998 13.999999999999998 10.000000000000002 12.000000000000002 10.999999999999998 13.000000000000002 14.000000000000002 11.000000000000002 16.000000000000004 9.9999999999999982 9.9999999999999982 11.999999999999998 11.000000000000002 13.999999999999998 19 22 13.999999999999998 10.999999999999998 9.9999999999999982 9.9999999999999982 38 10.999999999999998
leaf_count=10 17 14 19 16 18 12 17 12 16 14 10 12 11 13 14 11 16 10 10 12 11 14 19 22 14 11 10 10 38 11
internal_value=1324.73 5158.28 -5284.05 1749.96 -122.714 -829.105 1304.45 1436.52 2695.03 875.099 2476.8 13332.4 29629.3 -1041.93 -1870.67 -5013.77 -737.439 -14824.9 -21100.9 6173.37 -940.859 169.559 -3673.48 -938.365 -4284.4 -10814 -16041 11225.6 -901.642 4989.77
internal_weight=444 281 163 264 248 153 141 234 222 206 192 47 21 145 124 100 79 26 21 53 34 26 127 104 85 22 23 24 71 33
internal_count=444 281 163 264 248 153 141 234 222 206 192 47 21 145 124 100 79 26 21 53 34 26 127 104 85 22 23 24 71 33
is_linear=0
shrinkage=0.05


Tree=129
num_leaves=31
num_cat=0
split_feature=9 2 6 2 2 5 9 5 2 5 6 8 8 2 9 8 9 5 7 2 6 5 2 6 8 6 6 9 6 6
split_gain=4.31082e+12 2.43545e+13 8.37758e+12 1.34941e+13 1.19563e+13 2.62553e+13 1.40555e+13 8.38462e+12 7.33085e+12 6.59255e+12 6.39339e+12 6.79081e+12 3.83531e+12 3.75388e+12 2.26588e+12 4.30684e+12 2.87524e+12 2.8306e+12 2.0229e+12 1.93673e+12 3.88117e+12 2.39872e+12 4.59413e+12 3.07072e+12 5.87551e+12 3.50371e+12 3.02854e+12 2.1486e+12 2.11184e+12 1.9989e+12
threshold=7814531.4285714291 42.500000000000007 11568950.000000002 30.500000000000004 316.50000000000006 13917500.000000002 11045362.142857144 8783500.0000000019 307.50000000000006 3341800.0000000005 13249685.000000002 6575025.0000000009 11568950.000000002 342.50000000000006 9723144.2857142892 7401900.0000000009 8284692.8571428582 7503200.0000000009 8787500.0000000019 227.50000000000003 5708800.0000000009 5285500.0000000009 93.500000000000014 5929500.0000000009 7001700.0000000009 9157335.0000000019 5929500.0000000009 6202457.1428571437 7835950.0000000009 6575025.0000000009
decision_type=2 2 2 2 2 2 2 2 2 2 2 2 2 2 2 2 2 2 2 2 2 2 2 2 2 2 2 2 2 2
left_child=1 -1 3 -2 6 7 12 -6 9 -3 11 -4 14 -10 15 16 -5 -17 -12 21 27 26 -23 24 -24 -25 -11 -21 -28 -22
right_child=2 8 10 4 5 -7 -8 -9 13 19 18 -13 -14 -15 -16 17 -18 -19 -20 20 29 22 23 25 -26 -27 28 -29 -30 -31
leaf_value=75137.56458333334 -52773.186672794123 -38981.924343039769 7414.1745442708316 -26279.258528645827 -36882.37835937499 -98344.559999999998 60473.209843749995 23062.665178571431 38592.138466282886 -30400.285820312503 9283.1256882440484 63203.559726562504 26271.865039062501 2871.1254272460938 -22684.79389935662 -1885.2210404829541 7159.4579882812504 34870.281464843749 -13918.303247272268 22586.232872596149 -34890.537719726562 -8117.0116015624999 49098.453932291653 -2124.6505126953125 -380.12710693359378 28952.119771634614 16926.984667968743 -5642.6595982142862 -14184.546875 -9313.5019843749997
leaf_weight=11.999999999999998 17 10.999999999999998 12.000000000000002 18.000000000000004 10.000000000000002 9.9999999999999982 9.9999999999999982 13.999999999999998 19.000000000000004 9.9999999999999982 21 9.9999999999999982 9.9999999999999982 11.999999999999998 17 11.000000000000002 9.9999999999999982 9.9999999999999982 17 13.000000000000002 10.999999999999998 30 15.000000000000002 30 9.9999999999999982 12.999999999999998 12.000000000000002 13.999999999999998 9.9999999999999982 25
leaf_count=12 17 11 12 18 10 10 10 14 19 10 21 10 10 12 17 11 10 10 17 13 11 30 15 30 10 13 12 14 10 25
internal_value=1258.49 5658.39 -4258.14 -11081.7 -5175.41 -30276.2 4748.17 -1914.44 2110.52 -1332.02 11322.3 32773 -2584.07 24764.6 -6956.18 -1499.32 -14336.9 15617.4 -1096.46 813.829 -6381.11 4300.61 8181.67 15372.3 29307 7270.65 -7585.14 7949.03 2785.38 -17128.7
internal_weight=444 247 197 137 120 34 86 24 235 204 60 22 76 31 66 49 28 21 38 193 63 130 98 68 25 43 32 27 22 36
internal_count=444 247 197 137 120 34 86 24 235 204 60 22 76 31 66 49 28 21 38 193 63 130 98 68 25 43 32 27 22 36
is_linear=0
shrinkage=0.05


Tree=130
num_leaves=31
num_cat=0
split_feature=5 9 7 1 9 5 2 6 9 0 6 6 8 11 7 11 11 2 7 6 5 0 6 8 7 2 0 5 5 7
split_gain=2.9573e+13 7.63473e+12 6.28533e+12 4.63261e+12 2.2994e+13 7.89581e+12 6.1068e+12 2.67641e+12 7.55662e+12 4.62267e+12 2.5597e+12 4.20836e+12 2.37455e+12 1.79548e+12 1.64293e+12 1.59224e+12 4.09938e+12 3.15431e+12 4.69449e+12 2.09656e+12 2.08941e+12 3.33905e+12 2.92893e+12 1.93546e+12 2.82453e+12 2.05918e+12 1.94153e+12 1.76121e+12 1.28036e+12 9.9395e+11
threshold=17430950.000000004 10648842.85714286 10166750.000000002 1.5000000000000002 8284692.8571428582 3207800.0000000005 297.50000000000006 7545000.0000000009 7142030.0000000009 4.5000000000000009 10752235.000000002 9983000.0000000019 6975000.0000000009 8014715.3333333349 7181000.0000000009 6923072.3333333349 6832008.5000000009 153.50000000000003 6812825.0000000009 3817075.0000000005 8280800.0000000009 2.5000000000000004 6609500.0000000009 4832500.0000000009 8066500.0000000009 239.50000000000003 1.5000000000000002 5130500.0000000009 7323000.0000000009 7107500.0000000009
decision_type=2 2 2 2 2 2 2 2 2 2 2 2 2 2 2 2 2 2 2 2 2 2 2 2 2 2 2 2 2 2
left_child=1 3 12 4 -1 -5 10 8 13 -9 11 15 -3 -8 -12 16 17 18 -7 -17 21 -19 -23 27 25 29 -26 -21 -29 -25
right_child=-2 2 -4 5 -6 6 7 9 -10 -11 14 -13 -14 -15 -16 19 -18 20 -20 23 -22 22 -24 24 26 -27 -28 28 -30 -31
leaf_value=77872.615553977244 -79755.839192708343 -23384.207386363632 -42269.573111979174 -43063.696640625007 -16035.445031738282 -9942.530283203123 37728.825187174472 49392.891346153832 -23392.824699519231 8656.9007291666676 -31044.847709517038 26905.776649911062 5806.7551912006584 9042.118833007813 -4789.5713942307693 19555.889374999999 -36817.496250000004 1601.8041748046876 38505.868710937502 6860.6739843750001 10683.601049804689 -40977.84257812499 -6500.4725852272732 10186.692292668269 6619.4305989583336 -10755.395703125001 -16502.506708559784 -29568.469205729158 -5952.1493963068187 26642.32330729167
leaf_weight=11.000000000000002 11.999999999999998 11.000000000000002 18 9.9999999999999982 15.999999999999998 10.000000000000002 12.000000000000002 13.000000000000002 12.999999999999998 14.999999999999998 11.000000000000002 13.999999999999998 19 9.9999999999999982 12.999999999999998 14.999999999999998 9.9999999999999982 20 9.9999999999999982 9.9999999999999982 10.999999999999998 14.000000000000002 10.999999999999998 39 14.999999999999998 9.9999999999999982 23 12.000000000000002 10.999999999999998 11.999999999999998
leaf_count=11 12 11 18 10 16 10 12 13 13 15 11 14 19 10 13 15 10 20 10 10 11 14 11 39 15 10 23 12 11 12
internal_value=-2363.91 -147.43 -18911.5 2280.26 22223.4 714.957 2025.7 16048 6830.3 27570 -1234.09 280.642 -4896.6 24689.4 -16823.2 -1319.15 -6723.03 -2763.24 14281.7 1842.3 -8850.7 -13625.8 -25807.8 -170.605 3324.94 9990.74 -7375.43 -10657.2 -18273.7 14058.6
internal_weight=431 419 48 371 27 344 334 63 35 28 271 247 30 22 24 233 86 76 20 147 56 45 25 132 99 61 38 33 23 51
internal_count=431 419 48 371 27 344 334 63 35 28 271 247 30 22 24 233 86 76 20 147 56 45 25 132 99 61 38 33 23 51
is_linear=0
shrinkage=0.05


Tree=131
num_leaves=31
num_cat=0
split_feature=4 2 9 5 9 5 5 5 6 0 1 7 7 7 6 5 6 0 8 10 8 2 10 7 7 8 6 7 10 1
split_gain=2.75315e+13 8.88775e+12 1.76651e+13 6.36265e+12 5.81589e+12 2.27918e+12 4.80847e+12 3.36143e+12 3.27157e+12 3.81171e+12 5.42793e+12 3.71578e+12 2.25563e+12 2.23272e+12 3.30789e+12 2.5473e+12 3.94373e+12 1.84186e+12 1.73154e+12 3.25925e+12 2.97086e+12 1.59512e+12 1.3687e+12 1.56394e+12 1.30121e+12 1.23731e+12 1.25279e+12 3.65458e+12 1.10111e+12 1.63933e+12
threshold=1.0000000180025095e-35 30.500000000000004 8284692.8571428582 3207800.0000000005 13420085.000000002 7198000.0000000009 7453500.0000000009 6953135.0000000009 14885500.000000002 5.5000000000000009 5.5000000000000009 7791050.0000000009 11801175.000000002 6609500.0000000009 12001950.000000002 9422500.0000000019 7383700.0000000009 1.5000000000000002 8787500.0000000019 7585335.0000000009 13279250.000000002 299.50000000000006 6223298.92857143 5130500.0000000009 6683535.0000000009 3217800.0000000005 5803250.0000000009 6457500.0000000009 6966353.2142857155 8.5000000000000018
decision_type=2 2 2 2 2 2 2 2 2 2 2 2 2 2 2 2 2 2 2 2 2 2 2 2 2 2 2 2 2 2
left_child=1 2 -1 -3 5 7 -7 12 9 13 -11 -12 17 15 18 16 -8 22 19 -15 -20 25 -5 -24 -25 -19 27 -27 29 -28
right_child=-2 3 -4 4 -6 6 8 -9 -10 10 11 -13 -14 14 -16 -17 -18 21 20 -21 -22 -23 23 24 -26 26 28 -29 -30 -31
leaf_value=80857.399531249976 -62777.671039496527 -40910.511093750007 -2892.7007238051474 -7382.8330566406257 -34749.22747395833 -35501.878125000003 27568.394204872529 27130.612226562502 -29054.269941406252 -14198.598046874995 10504.664559659088 52616.924843749999 22506.449008413463 -25531.774888392858 15424.947301136366 -7835.6783437499998 -10050.960582386364 10335.989843750001 -43866.569815340896 6262.2219983552641 -7892.619222005208 9846.682114955358 30380.475195312501 -5100.8935058593743 16679.79443359375 -36752.06676432291 10376.914959161933 1512.4930889423076 -11578.589473470052 -13263.360262784092
leaf_weight=10.000000000000002 18 9.9999999999999982 17 9.9999999999999982 11.999999999999998 10.999999999999998 19.000000000000004 14.999999999999998 9.9999999999999982 10.000000000000002 11.000000000000002 9.9999999999999982 12.999999999999998 13.999999999999998 10.999999999999998 25 10.999999999999998 10.999999999999998 11.000000000000002 19 11.999999999999998 21 9.9999999999999982 12.000000000000002 15.999999999999998 12.000000000000002 22 12.999999999999998 24 10.999999999999998
leaf_count=10 18 10 17 10 12 11 19 15 10 10 11 10 13 14 11 25 11 11 11 19 12 21 10 12 16 12 22 13 24 11
internal_value=-2245.71 392.486 28125.9 -1547.41 -500.522 628.556 -3505.83 4414.78 -1346.58 464.377 16120.5 30558.1 2467.71 -3513.81 -9642.27 3951.76 13774.6 859.662 -14566.2 -7226.14 -25097.6 -2599.8 9075.88 13407.1 7345.21 -5410.3 -7522.6 -16854.5 -3429.67 2496.82
internal_weight=431 413 27 386 376 364 174 190 163 153 31 21 175 122 67 55 30 162 56 33 23 114 48 38 28 93 82 25 57 33
internal_count=431 413 27 386 376 364 174 190 163 153 31 21 175 122 67 55 30 162 56 33 23 114 48 38 28 93 82 25 57 33
is_linear=0
shrinkage=0.05


Tree=132
num_leaves=31
num_cat=0
split_feature=5 9 0 11 11 11 11 5 11 11 6 2 11 10 11 2 5 6 6 10 9 8 8 11 11 11 10 8 11 2
split_gain=2.53253e+13 6.52126e+12 5.51692e+12 8.02476e+12 4.34223e+12 2.38708e+13 6.76594e+12 5.95274e+12 2.54788e+12 3.35564e+12 2.87776e+12 1.84492e+12 1.80562e+12 8.88691e+12 3.52793e+12 2.77593e+12 4.57343e+12 2.25902e+12 2.26855e+12 1.73628e+12 1.5792e+12 2.44908e+12 3.43747e+12 1.54928e+12 2.98389e+12 3.20768e+12 2.6439e+12 1.38917e+12 1.56789e+12 8.44092e+11
threshold=17430950.000000004 10648842.85714286 4.5000000000000009 11497119.66666667 8004808.3333333349 8110645.0000000009 8227103.0000000009 3341800.0000000005 7773976.3333333349 7665548.0000000009 10752235.000000002 299.50000000000006 6923072.3333333349 6950032.8571428582 7005973.666666667 245.50000000000003 7198000.0000000009 5640500.0000000009 7198000.0000000009 7004323.2142857155 8193714.2857142864 5051000.0000000009 6847850.0000000009 11124899.166666668 9243590.0000000019 8833590.0000000019 8817741.0714285728 7900200.0000000009 7303151.666666667 261.50000000000006
decision_type=2 2 2 2 2 2 2 2 2 2 2 2 2 2 2 2 2 2 2 2 2 2 2 2 2 2 2 2 2 2
left_child=1 4 3 -3 7 -6 -7 -1 9 10 11 12 13 15 -14 16 -9 -17 -19 27 21 -21 -23 24 25 26 -8 28 -16 -26
right_child=-2 2 -4 -5 5 6 23 8 -10 -11 -12 -13 14 -15 19 17 -18 18 -20 20 -22 22 -24 -25 29 -27 -28 -29 -30 -31
leaf_value=-39200.868798828124 -73751.922086588544 -8357.7064127604153 5466.3148552389712 -59911.293990384613 84129.085000000006 -35894.383212890629 15246.225874837241 33167.848541666659 -19839.068593750002 23520.147924804689 -25123.152361505683 19356.305889423078 31087.107066761368 -39108.974072265628 -317.40097656249992 7587.7009868421055 -8245.1263020833339 -33775.57524902343 -3417.7505126953129 -2560.4649504009049 -7648.6425000000008 42286.053693181806 5487.1941796874999 22119.190266927086 2192.4842578124994 35526.10497159091 -11512.981754557293 8349.062617187501 -24947.15463169643 -16325.4046875
leaf_weight=9.9999999999999982 11.999999999999998 18.000000000000004 17 12.999999999999998 9.9999999999999982 9.9999999999999982 24 15.000000000000002 14.999999999999998 15.999999999999998 10.999999999999998 12.999999999999998 10.999999999999998 15.999999999999998 12.000000000000002 19 11.999999999999998 10.000000000000002 15.999999999999998 19 14.999999999999998 11.000000000000002 14.999999999999998 14.999999999999998 10.000000000000002 10.999999999999998 14.999999999999998 9.9999999999999982 13.999999999999998 15.999999999999998
leaf_count=10 12 18 17 13 10 10 24 15 15 16 11 13 11 16 12 19 12 10 16 19 15 11 15 15 10 11 15 10 14 16
internal_value=-2133.42 -82.2986 -17424.1 -29977 2161.39 10440.1 3144.2 -1373 140.115 1415.38 -199.578 1118.5 -97.3587 -5402.74 4265.94 2087.54 14762.1 -5517.19 -15093.8 1192.68 6401.27 11084.6 21055.9 7434.15 4535.79 11680 4954.22 -7488.29 -13579.6 -9203.14
internal_weight=431 419 48 31 371 111 101 260 250 235 219 208 195 88 107 72 27 45 26 96 60 45 26 91 76 50 39 36 26 26
internal_count=431 419 48 31 371 111 101 260 250 235 219 208 195 88 107 72 27 45 26 96 60 45 26 91 76 50 39 36 26 26
is_linear=0
shrinkage=0.05


Tree=133
num_leaves=31
num_cat=0
split_feature=4 2 7 5 9 2 10 2 6 6 5 5 5 5 8 7 9 1 5 0 8 7 2 9 9 6 0 6 8 7
split_gain=2.39568e+13 7.57507e+12 1.61855e+13 5.48618e+12 4.8243e+12 2.18043e+12 3.59335e+12 3.06529e+12 3.05181e+12 2.35176e+12 2.17254e+12 2.12744e+12 1.93139e+12 4.03027e+12 2.54842e+12 3.54462e+12 3.73117e+12 4.18281e+12 3.11238e+12 1.89682e+12 1.86386e+12 1.80679e+12 1.7821e+12 1.74378e+12 1.69449e+12 1.59915e+12 2.46628e+12 2.11054e+12 2.24014e+12 1.99756e+12
threshold=1.0000000180025095e-35 30.500000000000004 6609500.0000000009 3207800.0000000005 13420085.000000002 356.50000000000006 9998980.3571428601 297.50000000000006 13249685.000000002 12832500.000000002 10060700.000000002 13917500.000000002 7001700.0000000009 6575025.0000000009 7651000.0000000009 6196000.0000000009 6774835.7142857155 7.5000000000000009 8678000.0000000019 3.5000000000000004 6457500.0000000009 5344000.0000000009 261.50000000000006 5935285.7142857155 7972730.9523809534 9983000.0000000019 1.5000000000000002 8210075.0000000009 8896500.0000000019 5368200.0000000009
decision_type=2 2 2 2 2 2 2 2 2 2 2 2 2 2 2 2 2 2 2 2 2 2 2 2 2 2 2 2 2 2
left_child=1 2 -1 -3 5 6 7 8 11 10 -8 12 13 22 15 20 -17 -18 -16 21 24 -9 25 -24 -14 26 29 28 -28 -5
right_child=-2 3 -4 4 -6 -7 9 19 -10 -11 -12 -13 14 -15 18 16 17 -19 -20 -21 -22 -23 23 -25 -26 -27 27 -29 -30 -31
leaf_value=76512.660156249985 -58492.467578125004 -37908.205000000002 -3653.3469267003675 32885.638203124989 -31577.309375000001 19992.817354910716 -9920.8284667968728 20804.361484374997 -26245.451278409091 4410.5777636718749 -40683.948153409088 23255.194218750003 19554.151796874994 30269.520351938103 23334.281770833335 -39925.400755208335 -23426.480262586803 16905.248906250003 -5699.0959391276047 25718.292580694902 -16615.559887695312 -7022.5861118861612 5749.8555468749983 -20866.1493347168 -7017.241171875 22062.109014337715 6175.0391805959307 -24127.00275390625 -18257.252067057292 2008.7861239346594
leaf_weight=10.000000000000002 18 9.9999999999999982 17 10.000000000000002 11.999999999999998 13.999999999999998 12.000000000000002 10.000000000000002 10.999999999999998 9.9999999999999982 10.999999999999998 9.9999999999999982 15.000000000000002 12.999999999999998 14.999999999999998 14.999999999999998 18.000000000000004 9.9999999999999982 24 19 9.9999999999999982 13.999999999999998 10.000000000000002 15.999999999999998 9.9999999999999982 10.999999999999998 43 9.9999999999999982 11.999999999999998 10.999999999999998
leaf_count=10 18 10 17 10 12 14 12 10 11 10 11 10 15 13 15 15 18 10 24 19 10 14 10 16 10 11 43 10 12 11
internal_value=-2026.75 434.222 26037.8 -1356.7 -384.585 643.746 -130.217 1504.39 -443.369 -15832.4 -24633.6 635.805 -258.242 3793.75 -4968.25 -10186.2 -19802.4 -9022.29 5467.59 13915.7 1628.12 4571.98 995.496 -10629.2 8925.59 4111.4 1815.38 -2997.39 844.357 16712
internal_weight=431 413 27 386 376 364 350 317 274 33 23 263 253 136 117 78 43 28 39 43 35 24 123 26 25 97 86 65 55 21
internal_count=431 413 27 386 376 364 350 317 274 33 23 263 253 136 117 78 43 28 39 43 35 24 123 26 25 97 86 65 55 21
is_linear=0
shrinkage=0.05


Tree=134
num_leaves=31
num_cat=0
split_feature=5 9 0 11 11 10 11 5 2 11 11 6 8 1 11 8 2 10 11 10 11 10 8 8 9 8 11 11 6 9
split_gain=2.20329e+13 5.53986e+12 4.86405e+12 7.21031e+12 3.8365e+12 1.7807e+13 8.20816e+12 4.94932e+12 2.76598e+12 2.60624e+12 2.58893e+12 2.58477e+12 2.21774e+12 1.99369e+12 2.61025e+12 3.28149e+12 1.61765e+12 1.6843e+12 2.57332e+12 6.34671e+12 3.21208e+12 1.48852e+12 1.36552e+12 2.57945e+12 1.34611e+12 1.2712e+12 1.42511e+12 1.25435e+12 1.62241e+12 1.17467e+12
threshold=17430950.000000004 10648842.85714286 4.5000000000000009 11497119.66666667 7940908.0000000009 7840821.42857143 8197331.666666667 3341800.0000000005 344.50000000000006 7742565.0000000009 7665548.0000000009 10752235.000000002 13730500.000000002 6.5000000000000009 9243590.0000000019 7274800.0000000009 299.50000000000006 5742630.3571428582 6923072.3333333349 6950032.8571428582 7005973.666666667 7004323.2142857155 4613000.0000000009 6120285.0000000009 7833676.42857143 7900200.0000000009 7303151.666666667 6280299.0000000009 5640500.0000000009 6594828.5714285718
decision_type=2 2 2 2 2 2 2 2 2 2 2 2 2 2 2 2 2 2 2 2 2 2 2 2 2 2 2 2 2 2
left_child=1 4 3 -3 7 -6 -7 -1 12 10 11 16 13 -8 15 -15 17 -9 19 27 -20 25 -23 -24 -25 26 -22 28 -19 -29
right_child=-2 2 -4 -5 5 6 8 9 -10 -11 -12 -13 -14 14 -16 -17 -18 18 20 -21 21 22 23 24 -26 -27 -28 29 -30 -31
leaf_value=-35871.4576953125 -68726.45690104166 -7289.8929253472206 5497.3615291819851 -56157.362740384619 55293.354882812506 -32839.912698160806 27092.467817826706 19905.753828125002 31995.209375000002 -23765.026988636368 21986.032952008929 -23812.752148437503 -15696.574291992189 35594.44428267044 -7469.539663461539 -899.01171875 18134.816038161058 5524.7195763221143 29465.569495738637 -36144.295300292972 -280.07425130208327 -4904.0010180664058 30492.159309895833 12279.168395996092 -9874.1570393880211 8052.9487890624996 -23761.611397879464 15121.34655330882 -17655.817751736115 -4436.4427036830357
leaf_weight=9.9999999999999982 11.999999999999998 18.000000000000004 17 12.999999999999998 18 14.999999999999998 10.999999999999998 9.9999999999999982 9.9999999999999982 10.999999999999998 13.999999999999998 10.999999999999998 11.999999999999998 11.000000000000002 26 13.999999999999998 12.999999999999998 13.000000000000002 10.999999999999998 15.999999999999998 12.000000000000002 20 11.999999999999998 16.000000000000004 11.999999999999998 9.9999999999999982 13.999999999999998 17.000000000000004 18 13.999999999999998
leaf_count=10 12 18 17 13 18 15 11 10 10 11 14 11 12 11 26 14 13 13 11 16 12 20 12 16 12 10 14 17 18 14
internal_value=-1925.42 -12.2598 -15996 -27782.7 2055.72 9547.32 1229.86 -1395.14 7313.75 17.8264 1140.62 -191.961 3978.42 7786.48 3622.44 15158.1 1057.22 -81.2916 -1161.67 -8068.45 3873.18 940.716 5763.38 11097.1 2784.89 -7097.05 -12924 -823.075 -7934.95 6288.8
internal_weight=431 419 48 31 371 117 99 254 84 244 233 219 74 62 51 25 208 195 185 78 107 96 60 40 28 36 26 62 31 31
internal_count=431 419 48 31 371 117 99 254 84 244 233 219 74 62 51 25 208 195 185 78 107 96 60 40 28 36 26 62 31 31
is_linear=0
shrinkage=0.05


Tree=135
num_leaves=31
num_cat=0
split_feature=5 5 5 5 2 9 11 1 10 5 8 9 0 6 6 9 10 2 6 9 9 11 8 6 6 11 10 5 5 9
split_gain=1.40603e+13 1.32006e+13 7.63694e+12 3.48747e+12 4.04689e+12 3.44401e+12 2.92565e+12 5.31655e+12 2.89795e+12 3.28474e+12 2.76098e+12 6.04562e+12 5.12285e+12 4.54697e+12 2.52912e+12 2.67265e+12 2.18113e+12 1.84789e+12 1.84661e+12 2.97874e+12 2.76254e+12 1.65519e+12 4.26465e+12 1.61121e+12 2.50751e+12 1.70026e+12 1.37175e+12 1.19392e+12 1.97105e+12 1.66047e+12
threshold=18678800.000000004 3207800.0000000005 15311000.000000002 13497000.000000002 354.50000000000006 6138921.42857143 6126399.6666666679 5.5000000000000009 11874561.428571431 9491225.0000000019 10306825.000000002 7100608.5714285718 3.5000000000000004 6303000.0000000009 5072500.0000000009 6624410.7142857155 6239529.2857142864 36.500000000000007 10969500.000000002 8731217.8571428601 7540357.1428571437 9080778.3333333358 6500200.0000000009 13294200.000000002 10482500.000000002 7637292.8333333349 9342578.928571431 4613000.0000000009 5130500.0000000009 7025512.1428571446
decision_type=2 2 2 2 2 2 2 2 2 2 2 2 2 2 2 2 2 2 2 2 2 2 2 2 2 2 2 2 2 2
left_child=1 -1 3 4 5 6 -3 -8 9 10 13 -12 -13 14 -7 -16 -9 -11 19 20 -19 23 -23 24 25 27 -21 -15 -29 -30
right_child=-2 2 -4 -5 -6 8 7 16 -10 17 11 12 -14 21 15 -17 -18 18 -20 26 -22 22 -24 -25 -26 -27 -28 28 29 -31
leaf_value=-53293.07630208334 55660.457528409097 -10462.095809659091 -43339.352460937502 25405.973214285714 27494.144786658657 -1653.5587402343751 -7879.2657877604179 49257.628542258513 -24014.798385416667 26449.871244673297 11027.950065104167 -11065.871044921872 -59521.758906250005 -9409.3039973958348 -37570.581305803578 -11498.904521780303 18433.684853108727 13398.962597656247 -11117.063033854167 36738.91662109374 -16468.573902994794 -5485.7745028409081 39629.66193359375 -17444.228338068184 21654.056067708334 -12201.273709239133 11151.7875 26647.119531250002 9614.508382844926 -8479.6420177641376
leaf_weight=11.999999999999998 10.999999999999998 10.999999999999998 9.9999999999999982 13.999999999999998 12.999999999999998 36 11.999999999999998 11.000000000000002 14.999999999999998 10.999999999999998 11.999999999999998 12.000000000000002 9.9999999999999982 14.999999999999998 13.999999999999998 33 11.999999999999998 16.000000000000004 14.999999999999998 10.000000000000002 14.999999999999998 11.000000000000002 9.9999999999999982 10.999999999999998 14.999999999999998 23 10.999999999999998 9.9999999999999982 32 21
leaf_count=12 11 11 10 14 13 36 12 11 15 11 12 12 10 15 14 33 12 16 15 10 15 11 10 11 15 23 11 10 32 21
internal_value=-194.463 -1550.76 -142.81 859.43 35.3258 -848.25 12030.5 19099.6 -2503.06 -1562.32 -4216.91 -17519.8 -33091.3 -2258.91 -11626.3 -19264.9 33175.6 7456.49 4338.17 8796.42 -1053.07 2994.4 15997.8 844.24 2578.49 -254.514 23336.1 3268.25 6286.71 2445.13
internal_weight=464 453 441 431 417 404 46 35 358 343 265 34 22 231 83 47 23 78 67 52 31 148 21 127 116 101 21 78 63 53
internal_count=464 453 441 431 417 404 46 35 358 343 265 34 22 231 83 47 23 78 67 52 31 148 21 127 116 101 21 78 63 53
is_linear=0
shrinkage=0.05


Tree=136
num_leaves=31
num_cat=0
split_feature=5 5 5 8 5 9 7 8 11 2 10 10 6 0 9 6 6 2 10 11 6 5 9 8 1 9 9 6 5 6
split_gain=1.26894e+13 1.19135e+13 6.89234e+12 3.39826e+12 7.19938e+12 2.98958e+12 4.93684e+12 2.7964e+12 3.50254e+12 2.8817e+12 3.12537e+12 5.64914e+12 3.85534e+12 2.71339e+12 4.54744e+12 3.04298e+12 4.2195e+12 2.39285e+12 2.34305e+12 4.02974e+12 3.45165e+12 3.61602e+12 2.168e+12 2.55254e+12 1.95498e+12 1.54743e+12 1.37726e+12 1.30725e+12 1.75022e+12 1.54618e+12
threshold=18678800.000000004 3207800.0000000005 15311000.000000002 13906500.000000002 9467800.0000000019 5884290.7142857155 7039250.0000000009 11810000.000000002 11691915.66666667 12.500000000000002 10893166.428571431 9901201.7857142873 10384350.000000002 5.5000000000000009 8090142.8571428573 6243000.0000000009 9761000.0000000019 312.50000000000006 8877895.3571428601 8989845.0000000019 9761000.0000000019 9896300.0000000019 7676582.1428571446 8822475.0000000019 7.5000000000000009 7876300.0000000009 8852812.1428571437 5803250.0000000009 5580500.0000000009 7198000.0000000009
decision_type=2 2 2 2 2 2 2 2 2 2 2 2 2 2 2 2 2 2 2 2 2 2 2 2 2 2 2 2 2 2
left_child=1 -1 3 5 -5 6 -3 8 9 -7 11 13 -13 14 17 -15 24 22 20 -20 21 26 23 27 -17 -9 -16 28 -11 -29
right_child=-2 2 -4 4 -6 7 -8 25 -10 10 -12 12 -14 15 18 16 -18 -19 19 -21 -22 -23 -24 -25 -26 -27 -28 29 -30 -31
leaf_value=-50628.422526041672 52877.434375000004 33711.842675781249 -41172.383515624999 -5019.0023437499985 51410.966093750001 -26478.652379261366 -8713.2752685546875 -3528.768146306817 23383.879921875003 -24166.678906250003 24584.633854166666 -44874.17558593749 -3893.5725142045458 -34824.84765625 -12367.748671874993 -2788.9375540597093 -23876.833886718752 18123.08631417411 -12055.004888237847 26357.712446732956 46628.648203125005 37592.482539062497 -20313.848846794579 14674.537467447917 26156.694375000003 -28588.96504778181 13270.683842606981 8221.0324478149414 -3804.4830361643144 -6294.1095203488376
leaf_weight=11.999999999999998 10.999999999999998 16.000000000000004 9.9999999999999982 13.000000000000002 9.9999999999999982 10.999999999999998 11.999999999999998 11.000000000000002 14.999999999999998 15.999999999999998 11.999999999999998 12.000000000000002 10.999999999999998 9.9999999999999982 10.000000000000005 14.000000000000002 15.999999999999998 13.999999999999998 18.000000000000004 10.999999999999998 9.9999999999999982 9.9999999999999982 17 21 9.9999999999999982 13.999999999999998 10.999999999999998 32 31 43
leaf_count=12 11 16 10 13 10 11 12 11 15 16 12 12 11 10 10 14 16 14 18 11 10 10 17 21 10 14 11 32 31 43
internal_value=-184.74 -1473.23 -135.669 816.459 19515.8 -237.669 15529.6 -1399.47 -261.231 -1304.4 -462.706 -1410.87 -25274.8 456.033 2630.45 -10155.1 -3987.69 -1699 13392.2 2515.34 21085.6 12846 -3433.44 -1426.67 9271.74 -17562.5 1061.91 -4198.19 -10736.3 -100.982
internal_weight=464 453 441 431 23 408 28 380 355 340 329 317 23 294 244 50 40 174 70 29 41 31 160 143 24 25 21 122 47 75
internal_count=464 453 441 431 23 408 28 380 355 340 329 317 23 294 244 50 40 174 70 29 41 31 160 143 24 25 21 122 47 75
is_linear=0
shrinkage=0.05


Tree=137
num_leaves=31
num_cat=0
split_feature=5 5 5 8 1 10 6 7 5 2 7 8 2 6 6 11 10 2 6 11 5 11 8 10 5 6 5 5 10 11
split_gain=1.14522e+13 1.07519e+13 6.22033e+12 3.06693e+12 6.67184e+12 2.6408e+12 2.37911e+12 4.35398e+12 3.53343e+12 2.34773e+12 2.45421e+12 3.12679e+12 5.3103e+12 4.38975e+12 4.37359e+12 4.03572e+12 3.52136e+12 3.29163e+12 2.99661e+12 2.71487e+12 2.56939e+12 4.38287e+12 2.86676e+12 2.40106e+12 2.36082e+12 2.17505e+12 1.94054e+12 1.52202e+12 3.42925e+12 1.95552e+12
threshold=18678800.000000004 3207800.0000000005 15311000.000000002 13906500.000000002 10.500000000000002 6339379.2857142864 7039250.0000000009 6457500.0000000009 6108500.0000000009 354.50000000000006 3904000.0000000005 10125000.000000002 289.50000000000006 11801175.000000002 18678800.000000004 10125686.66666667 10013842.85714286 229.50000000000003 10482500.000000002 8184202.5000000009 9491225.0000000019 7773976.3333333349 7651000.0000000009 7351952.5000000009 5109300.0000000009 13294200.000000002 4613000.0000000009 7651000.0000000009 7116631.0714285718 7399793.166666667
decision_type=2 2 2 2 2 2 2 2 2 2 2 2 2 2 2 2 2 2 2 2 2 2 2 2 2 2 2 2 2 2
left_child=1 -1 3 5 -5 6 7 8 -3 10 19 13 17 15 16 18 25 -13 20 -7 22 23 24 -22 -12 -15 -24 28 -26 -29
right_child=-2 2 -4 4 -6 9 -8 -9 -10 -11 11 12 -14 14 -16 -17 -18 -19 -20 -21 21 -23 26 -25 27 -27 -28 29 -30 -31
leaf_value=-48097.001367187506 50233.565909090918 21347.86656901041 -39113.763906250002 -5078.7897986778835 49244.376250000001 749.40947709517059 -4944.2547309027786 37990.343567708333 -18895.010156250002 19039.661929086538 4376.9538142277643 -22283.478075358074 -43107.323467548078 2783.7021093749981 11825.046552734377 31919.752578125001 -48925.520454545454 9851.6690027573532 22673.544827974762 32169.552890625004 7762.9898437499978 -8059.4966601562501 -11084.308931107955 40799.170223721594 -28832.934113533265 -30193.909765625001 13700.625240652902 11272.532031249997 -5996.5834240722661 -16152.304251802885
leaf_weight=11.999999999999998 10.999999999999998 12.000000000000002 9.9999999999999982 13.000000000000002 9.9999999999999982 22 18 14.999999999999998 9.9999999999999982 12.999999999999998 26 14.999999999999998 12.999999999999998 10.000000000000005 9.9999999999999982 9.9999999999999982 10.999999999999998 17 12.999999999999998 9.9999999999999982 11.000000000000002 20 10.999999999999998 10.999999999999998 31 9.9999999999999982 28 13.000000000000002 35 12.999999999999998
leaf_count=12 11 12 10 13 10 22 18 15 10 13 26 15 13 10 10 10 11 17 13 10 11 20 11 11 31 10 28 13 35 13
internal_value=-175.503 -1399.56 -128.886 775.636 18540 -225.785 9965.14 17218.4 3055.65 -1813.61 -2610.94 -3980.2 -16159.3 -1896.32 -16927.6 879.729 -26202.7 -5211.68 -584.423 10568.2 -2103.79 8880.81 -5042.34 24281.1 -8926.59 -13705.1 6710 -12686.3 -16722.7 -2439.89
internal_weight=464 453 441 431 23 408 55 37 22 353 340 308 45 263 41 222 31 32 212 32 199 42 157 22 118 20 39 92 66 26
internal_count=464 453 441 431 23 408 55 37 22 353 340 308 45 263 41 222 31 32 212 32 199 42 157 22 118 20 39 92 66 26
is_linear=0
shrinkage=0.05


Tree=138
num_leaves=31
num_cat=0
split_feature=1 2 5 5 8 7 10 8 8 10 10 6 10 0 10 6 6 2 6 8 2 10 8 5 8 6 8 8 8 6
split_gain=1.1065e+13 1.78792e+13 1.22541e+13 7.2943e+12 2.88054e+12 7.65797e+12 2.27571e+12 4.37282e+12 2.02861e+12 3.40631e+12 4.07777e+12 5.2363e+12 2.52836e+12 2.18061e+12 2.89242e+12 2.59892e+12 3.33503e+12 2.38216e+12 1.71188e+12 2.08958e+12 1.6758e+12 1.55921e+12 2.38106e+12 1.55567e+12 1.50441e+12 1.83201e+12 1.46858e+12 1.59471e+12 1.23867e+12 1.07027e+12
threshold=1.5000000000000002 18.500000000000004 16455800.000000002 8066500.0000000009 13906500.000000002 8606400.0000000019 6132371.4285714291 5767650.0000000009 11810000.000000002 10893166.428571431 9901201.7857142873 10384350.000000002 7998637.5000000009 5.5000000000000009 7339648.92857143 6243000.0000000009 9761000.0000000019 303.50000000000006 5130500.0000000009 6754300.0000000009 199.50000000000003 8339706.0714285718 9673050.0000000019 10330575.000000002 6847850.0000000009 8530000.0000000019 8403800.0000000019 9414250.0000000019 7274800.0000000009 8210075.0000000009
decision_type=2 2 2 2 2 2 2 2 2 2 2 2 2 2 2 2 2 2 2 2 2 2 2 2 2 2 2 2 2 2
left_child=1 3 4 -1 6 -6 7 -2 9 10 13 -12 -10 14 17 -15 20 26 19 -16 -17 24 28 -11 25 -20 29 -28 -23 -8
right_child=2 -3 -4 -5 5 -7 8 -9 12 23 11 -13 -14 15 18 16 -18 -19 21 -21 -22 22 -24 -25 -26 -27 27 -29 -30 -31
leaf_value=-33885.580450994305 -6641.5551452636719 -79910.754048295465 48079.737430245536 20523.518722098215 -13108.334707031245 47347.778693181819 -5419.8640707526411 29777.04881663603 4670.7134374999987 5510.3848437499983 -43228.834194711526 1648.3354567307692 -27378.381665039065 -32522.668203124998 -14186.532752182902 -7300.6913476562477 -22216.583059895835 18787.070738636365 307.36949965533086 13781.20331143466 19924.67578125 4406.8187255859366 24071.737837357956 33400.116562500007 31085.439568219866 24731.891378348213 18316.229947916661 -8719.0855468749996 -16482.157812500001 -18268.952182152159
leaf_weight=11.000000000000002 15.999999999999998 10.999999999999998 13.999999999999998 13.999999999999998 10.000000000000002 10.999999999999998 71 17 10.000000000000002 10.000000000000002 13.000000000000002 12.999999999999998 15.999999999999998 9.9999999999999982 17.000000000000004 10.000000000000002 14.999999999999998 10.999999999999998 17.000000000000004 10.999999999999998 12.999999999999998 20.000000000000004 10.999999999999998 9.9999999999999982 13.999999999999998 13.999999999999998 12.000000000000002 9.9999999999999982 10.999999999999998 21
leaf_count=11 16 11 14 14 10 11 71 17 10 10 13 13 16 10 17 10 15 11 17 11 13 20 11 10 14 14 12 10 11 21
internal_value=-166.728 -26789.7 2072.59 -3416.48 516.793 18559.2 -447.302 12119.5 -1599.26 -552.059 -1826.41 -20790.2 -15051.8 -114.397 1831.31 -9842.95 -3874.6 -3433.57 7554.02 -3199.21 8087.56 11014.8 4086.23 19455.3 17481.5 11337.8 -5577.67 6027.45 -3005.4 -8352.81
internal_weight=464 36 428 25 414 21 393 33 360 334 314 26 26 288 240 48 38 125 115 28 23 87 42 20 45 31 114 22 31 92
internal_count=464 36 428 25 414 21 393 33 360 334 314 26 26 288 240 48 38 125 115 28 23 87 42 20 45 31 114 22 31 92
is_linear=0
shrinkage=0.05


Tree=139
num_leaves=31
num_cat=0
split_feature=5 5 5 5 9 7 7 5 7 6 6 6 7 6 7 9 10 10 8 6 11 11 6 6 7 6 0 7 8 8
split_gain=1.01192e+13 9.07347e+12 5.66171e+12 2.69625e+12 2.11943e+12 3.15006e+12 6.94187e+12 2.11289e+12 2.87676e+12 4.51862e+12 4.27528e+12 4.05759e+12 2.38644e+12 3.19882e+12 2.78568e+12 2.22859e+12 2.20529e+12 3.33525e+12 2.31269e+12 2.17354e+12 2.79945e+12 2.67894e+12 1.71209e+12 1.71015e+12 1.70163e+12 1.64777e+12 1.32616e+12 3.16789e+12 2.5385e+12 2.09129e+12
threshold=3207800.0000000005 18678800.000000004 15311000.000000002 13497000.000000002 6138921.42857143 7567500.0000000009 6457500.0000000009 9491225.0000000019 4739000.0000000009 9896300.0000000019 13249685.000000002 5803250.0000000009 7107500.0000000009 6431300.0000000009 5640500.0000000009 7814531.4285714291 9670582.1428571437 9276716.0714285728 7740500.0000000009 8575200.0000000019 9322129.1666666679 11124899.166666668 5767650.0000000009 5072500.0000000009 6457500.0000000009 5100500.0000000009 3.5000000000000004 7471500.0000000009 8896500.0000000019 8403800.0000000019
decision_type=2 2 2 2 2 2 2 2 2 2 2 2 2 2 2 2 2 2 2 2 2 2 2 2 2 2 2 2 2 2
left_child=-1 2 3 4 5 6 25 8 9 15 11 23 14 -14 -9 22 17 26 -18 -15 -21 -22 -6 -10 -25 -2 27 29 -29 -13
right_child=1 -3 -4 -5 7 -7 -8 12 10 -11 -12 16 13 19 -16 -17 18 -19 -20 20 21 -23 -24 24 -26 -27 -28 28 -30 -31
leaf_value=-45475.63671875 -11762.566435546871 45899.675568181818 -37267.2646484375 22372.002566964289 23767.942734374992 -8840.7457063802085 53469.843867187505 8820.8585205078107 -6744.6766009706444 37718.549765625001 -29771.065877757355 -14286.564532791941 33339.931069711536 -11169.754506138393 -21171.507656250003 -20317.741958007813 2215.1499999999992 30933.273046875001 -28827.109147135419 34340.530664062491 -16531.839960937494 19225.436363636367 -2035.4433810763892 -38880.77407670454 -13919.401605902778 15718.823046875001 -3956.6865504807693 33973.719656808033 989.97162109375006 12375.281038411458
leaf_weight=11.999999999999998 10.000000000000002 10.999999999999998 9.9999999999999982 13.999999999999998 10.000000000000002 14.999999999999998 9.9999999999999982 16.000000000000004 33 9.9999999999999982 17 19.000000000000004 12.999999999999998 13.999999999999998 14.999999999999998 9.9999999999999982 12.000000000000002 9.9999999999999982 11.999999999999998 10.000000000000002 10.000000000000002 10.999999999999998 18 11.000000000000002 18 11.999999999999998 65 14.000000000000002 9.9999999999999982 11.999999999999998
leaf_count=12 10 11 10 14 10 15 10 16 33 10 17 19 13 14 15 10 12 10 12 10 10 11 18 11 18 12 65 14 10 12
internal_value=-158.391 1044.72 -74.1098 788.84 64.2259 10065.7 18928.1 -1206.23 -3332.65 7813.53 -5628.86 -3728.78 5507.53 11493.3 -5691.58 -56.2098 619.448 3190.3 -13306 5182 12566.7 2198.16 7180.05 -14529.2 -23387.5 3227.28 878.382 6592.55 20230.5 -3965.85
internal_weight=464 452 441 431 417 47 32 370 281 48 233 216 89 58 31 38 154 130 24 45 31 21 28 62 29 22 120 55 24 31
internal_count=464 452 441 431 417 47 32 370 281 48 233 216 89 58 31 38 154 130 24 45 31 21 28 62 29 22 120 55 24 31
is_linear=0
shrinkage=0.05


Tree=140
num_leaves=31
num_cat=0
split_feature=5 5 9 8 11 8 5 10 5 10 5 1 7 0 9 6 11 6 8 6 7 9 10 8 11 7 8 7 5 5
split_gain=1.08083e+13 4.74971e+12 6.077e+12 7.52475e+12 5.23031e+12 6.0271e+12 4.95296e+12 4.92668e+12 3.96377e+12 3.87164e+12 3.52728e+12 2.54418e+12 2.21112e+12 3.5903e+12 4.13719e+12 3.74492e+12 2.77764e+12 3.37131e+12 2.02328e+12 1.69944e+12 1.63086e+12 1.89284e+12 2.05379e+12 2.05995e+12 1.26767e+12 1.25704e+12 1.21352e+12 1.14974e+12 1.47682e+12 1.83968e+12
threshold=17430950.000000004 9467800.0000000019 11339707.142857146 13279250.000000002 11124899.166666668 8769300.0000000019 3207800.0000000005 7990031.7857142864 11600310.000000002 10781956.785714289 12832500.000000002 7.5000000000000009 4832500.0000000009 3.5000000000000004 6377196.4285714291 5100500.0000000009 6268048.166666667 6405800.0000000009 5368200.0000000009 5368200.0000000009 5640500.0000000009 7814531.4285714291 6992134.6428571437 7181000.0000000009 7197213.0000000009 7001700.0000000009 5520450.0000000009 7662375.0000000009 7415750.0000000009 5990000.0000000009
decision_type=2 2 2 2 2 2 2 2 2 2 2 2 2 2 2 2 2 2 2 2 2 2 2 2 2 2 2 2 2 2
left_child=1 6 3 4 5 7 -1 11 -9 12 -4 -3 19 14 -14 -15 -17 -18 -16 -8 -20 22 -22 -24 25 -19 -21 -26 29 -29
right_child=-2 2 10 -5 -6 -7 9 8 -10 -11 -12 -13 13 15 18 16 17 24 20 26 21 -23 23 -25 27 -27 -28 28 -30 -31
leaf_value=28817.342122395832 -46087.911418269236 -14655.713486328123 5735.2730859374979 53956.317316228698 43188.181875000002 -22242.407592773438 18372.635999177633 52011.18792613635 8516.3439874267588 -30628.221394230772 -36260.427031250001 17002.634099786934 -31451.647016601564 30704.136523437501 -19951.056131114132 19627.067550223215 -26001.478333333333 4874.1305078124988 -18311.635664062498 13897.365394176137 5639.819771321615 9161.26165111911 629.66534790039043 -29082.865276227676 13618.329667968752 -17466.829882812501 -5913.86865234375 -8958.4920010653386 -14834.01592548077 18824.48331580529
leaf_weight=11.999999999999998 12.999999999999998 15.000000000000002 10.000000000000002 10.999999999999998 9.9999999999999982 15.999999999999998 19 11.000000000000002 9.9999999999999982 12.999999999999998 9.9999999999999982 10.999999999999998 20 9.9999999999999982 23 13.999999999999998 14.999999999999998 10.000000000000002 14.999999999999998 10.999999999999998 18 31 10.000000000000002 13.999999999999998 20 17 26 11.000000000000002 12.999999999999998 12.999999999999998
leaf_count=12 13 15 10 11 10 16 19 11 10 13 10 11 20 10 23 14 15 10 15 11 18 31 10 14 20 17 26 11 13 13
internal_value=-1157.49 173.021 9507.22 15404.8 9595.66 4263.51 -2724.76 13286.8 31299.4 -3896.6 -15262.6 -1261.8 -2775.6 -4758.37 -10518.5 1376.44 -1218.93 -4166.85 -6746.81 6217.69 -3295.71 -210.241 -7127.3 -16702.6 -267.804 -9192.4 -24.0423 3959.64 -1261.28 6090.62
internal_weight=452 439 104 84 73 63 335 47 21 323 20 26 310 254 131 123 113 99 111 56 88 73 42 24 84 27 37 57 37 24
internal_count=452 439 104 84 73 63 335 47 21 323 20 26 310 254 131 123 113 99 111 56 88 73 42 24 84 27 37 57 37 24
is_linear=0
shrinkage=0.05


Tree=141
num_leaves=31
num_cat=0
split_feature=5 0 5 8 2 7 8 7 5 0 1 2 9 8 9 11 5 11 6 11 7 11 8 10 9 5 7 6 2 2
split_gain=9.75451e+12 4.46505e+12 1.15249e+13 9.52842e+12 4.92122e+12 5.20307e+12 4.89448e+12 5.6417e+12 3.71921e+12 2.94568e+12 2.32601e+12 3.9904e+12 3.45476e+12 2.55923e+12 2.55288e+12 3.00089e+12 2.06262e+12 1.76582e+12 1.69545e+12 3.33481e+12 2.63647e+12 1.83957e+12 2.27289e+12 1.5456e+12 1.28142e+12 1.11577e+12 1.32908e+12 2.54463e+12 1.38055e+12 3.0582e+12
threshold=17430950.000000004 2.5000000000000004 3452535.0000000005 13906500.000000002 48.500000000000007 12001950.000000002 10125000.000000002 11343035.000000002 10384350.000000002 1.0000000180025095e-35 5.5000000000000009 185.50000000000003 6188313.5714285718 5211500.0000000009 6429472.8571428582 11124899.166666668 4202500.0000000009 7665548.0000000009 11801175.000000002 8405544.333333334 9523725.0000000019 7503036.666666667 6953135.0000000009 7027211.0714285728 6042880.0000000009 9037500.0000000019 4832500.0000000009 5285500.0000000009 271.50000000000006 209.50000000000003
decision_type=2 2 2 2 2 2 2 2 2 2 2 2 2 2 2 2 2 2 2 2 2 2 2 2 2 2 2 2 2 2
left_child=1 4 -3 6 -1 8 10 -8 16 -10 13 -12 -13 -4 -14 18 -6 -15 19 21 -21 22 23 -16 -18 26 -26 -28 29 -29
right_child=-2 2 3 -5 5 -7 7 -9 9 -11 11 12 14 17 15 -17 24 -19 -20 20 -22 -23 -24 -25 25 -27 27 28 -30 -31
leaf_value=-33347.625773111984 -43783.513581730775 54417.657102272729 -22721.232739257815 49945.445820312503 14154.05908203125 -33764.176169996994 -40298.114830729159 6845.1563920454546 868.78515624999966 38364.051484374999 29598.15478515625 -16573.623679070726 30576.574853515627 -7204.7384125808203 29739.270917968737 30214.963203125 -22401.248508522727 12732.117993842232 -12398.583702256945 40385.154218749987 4077.6563867187501 -12836.251566938921 -11195.294918118991 3592.9184964693509 7530.3230590820312 -18795.748144531251 -21139.961855468751 7192.6187991333009 13302.13949497768 -23276.766957310268
leaf_weight=14.999999999999998 12.999999999999998 10.999999999999998 15.999999999999998 9.9999999999999982 13.999999999999998 12.999999999999998 15.000000000000002 10.999999999999998 11.000000000000002 9.9999999999999982 15.999999999999998 19 9.9999999999999982 29 10.000000000000002 9.9999999999999982 10.999999999999998 18 18 10.000000000000002 9.9999999999999982 22 12.999999999999998 12.999999999999998 24 11.999999999999998 20 20 13.999999999999998 13.999999999999998
leaf_count=15 13 11 16 10 14 13 15 11 11 10 16 19 10 29 10 10 11 18 18 10 10 22 13 13 24 12 20 20 14 14
internal_value=-1099.62 164.37 4328.66 2124.74 -5941.69 -3419.67 132.212 -20352.9 -789.817 18723.7 2621.06 5988.11 3189.88 -5449.19 6427.01 4148.75 -3966.43 430.653 1433.52 4625.54 22231.4 -1445.44 5515.61 14960.9 -6172.41 -4455.89 -2585.48 -6155.76 87.6582 -5353.6
internal_weight=452 439 261 250 178 163 240 26 150 21 214 151 135 63 116 106 129 47 96 78 20 58 36 23 115 104 92 68 48 34
internal_count=452 439 261 250 178 163 240 26 150 21 214 151 135 63 116 106 129 47 96 78 20 58 36 23 115 104 92 68 48 34
is_linear=0
shrinkage=0.05


Tree=142
num_leaves=31
num_cat=0
split_feature=5 5 9 8 11 8 5 11 8 5 5 2 5 1 2 6 5 6 6 0 7 11 7 5 2 6 2 9 11 5
split_gain=8.80344e+12 4.12067e+12 5.50287e+12 6.84595e+12 4.66471e+12 5.30096e+12 4.0252e+12 3.69727e+12 4.18715e+12 3.16682e+12 2.92089e+12 2.86988e+12 4.08811e+12 2.07315e+12 4.32252e+12 1.59765e+12 1.51903e+12 2.50902e+12 1.37577e+12 1.87266e+12 1.50628e+12 1.37442e+12 1.64856e+12 2.99992e+12 2.07876e+12 3.14793e+12 1.71829e+12 1.15079e+12 9.69376e+11 8.95866e+11
threshold=17430950.000000004 9467800.0000000019 11339707.142857146 13279250.000000002 11124899.166666668 8769300.0000000019 3207800.0000000005 7342569.0000000009 4905425.0000000009 12832500.000000002 11600310.000000002 329.50000000000006 6405800.0000000009 5.5000000000000009 185.50000000000003 4062500.0000000005 6683535.0000000009 9761000.0000000019 5485500.0000000009 2.5000000000000004 7181000.0000000009 9080778.3333333358 6609500.0000000009 7503200.0000000009 219.50000000000003 5640500.0000000009 291.50000000000006 9341762.1428571437 7265974.5000000009 7651000.0000000009
decision_type=2 2 2 2 2 2 2 2 2 2 2 2 2 2 2 2 2 2 2 2 2 2 2 2 2 2 2 2 2 2
left_child=1 6 3 4 5 7 -1 -3 -9 -4 -10 13 -13 16 -15 -16 18 28 -8 -20 -21 22 23 24 -17 -26 29 -23 -18 -24
right_child=-2 2 9 -5 -6 -7 11 8 10 -11 -12 12 -14 14 15 21 17 -19 19 20 -22 27 26 -25 25 -27 -28 -29 -30 -31
leaf_value=25891.998958333337 -41594.338341346156 -10331.135832331733 5175.6234374999985 51233.956503018468 40645.681015625007 -20972.116088867188 -16121.080440848214 -2738.3842285156252 53936.136319580059 -34616.431562500002 17347.293212890625 -36742.082239583331 826.14416155133938 23661.43896484375 16080.817022067808 12750.516676682693 -19391.402944711539 -36622.388969726562 16282.825037434895 -18206.668261718743 4128.8255886501738 -1098.7344029017856 -18424.084450591239 21107.363643973214 9404.1928013392862 -19466.27569201239 8190.8149804687509 21109.2734375 -2438.6724121093753 -3628.3249162946431
leaf_weight=11.999999999999998 12.999999999999998 12.999999999999998 10.000000000000002 10.999999999999998 9.9999999999999982 15.999999999999998 13.999999999999998 11.999999999999998 10.000000000000002 9.9999999999999982 11.999999999999998 15.000000000000002 13.999999999999998 19 11.999999999999998 12.999999999999998 12.999999999999998 9.9999999999999982 14.999999999999998 13.000000000000002 18 14.000000000000002 38 13.999999999999998 13.999999999999998 29 9.9999999999999982 9.9999999999999982 24 13.999999999999998
leaf_count=12 13 13 10 11 10 16 14 12 10 10 12 15 14 19 12 13 13 10 15 13 18 14 38 14 14 29 10 10 24 14
internal_value=-1044.64 156.151 8850.31 14462.4 8921.46 3885.87 -2542.93 12348.2 21019.7 -14720.4 33978.6 -3599.34 -18605.7 -2119.12 1056.9 -1499.56 -7669.73 -14400.9 -2397.01 1779.88 -5237.67 -2851.9 -4853.08 405.664 -4769.76 -10066.6 -10790.4 8154.6 -8395.04 -14440.6
internal_weight=452 439 104 84 73 63 335 47 34 20 22 323 29 294 187 168 107 47 60 46 31 156 132 70 56 43 62 24 37 52
internal_count=452 439 104 84 73 63 335 47 34 20 22 323 29 294 187 168 107 47 60 46 31 156 132 70 56 43 62 24 37 52
is_linear=0
shrinkage=0.05


Tree=143
num_leaves=31
num_cat=0
split_feature=5 0 5 8 2 7 8 7 5 0 1 2 9 9 11 8 5 6 11 7 11 8 11 9 5 7 6 6 1 2
split_gain=7.94511e+12 4.04126e+12 1.00776e+13 8.43216e+12 4.63532e+12 4.80083e+12 4.2756e+12 5.03812e+12 3.32951e+12 2.6525e+12 1.93943e+12 3.27912e+12 3.02632e+12 2.29939e+12 2.69247e+12 2.20049e+12 1.79481e+12 1.49127e+12 2.83378e+12 2.42694e+12 1.69463e+12 2.37017e+12 1.46323e+12 1.13965e+12 1.00891e+12 1.1063e+12 2.28438e+12 1.32311e+12 1.2446e+12 3.15866e+12
threshold=17430950.000000004 2.5000000000000004 3452535.0000000005 13906500.000000002 48.500000000000007 12001950.000000002 10125000.000000002 11343035.000000002 10384350.000000002 1.0000000180025095e-35 5.5000000000000009 185.50000000000003 6188313.5714285718 6429472.8571428582 11124899.166666668 5211500.0000000009 4202500.0000000009 11801175.000000002 8405544.333333334 9523725.0000000019 7377650.6333333338 6953135.0000000009 7665548.0000000009 6042880.0000000009 9037500.0000000019 4832500.0000000009 5285500.0000000009 6196000.0000000009 8.5000000000000018 209.50000000000003
decision_type=2 2 2 2 2 2 2 2 2 2 2 2 2 2 2 2 2 2 2 2 2 2 2 2 2 2 2 2 2 2
left_child=1 4 -3 6 -1 8 10 -8 16 -10 15 -12 -13 -14 17 -4 -6 18 20 -20 21 -15 -17 -18 25 27 -27 -25 29 -28
right_child=-2 2 3 -5 5 -7 7 -9 9 -11 11 12 13 14 -16 22 23 -19 19 -21 -22 -23 -24 24 -26 26 28 -29 -30 -31
leaf_value=-32258.678844401045 -39514.620913461542 50948.565838068185 -20884.003466796876 47034.941328125002 13210.707282366071 -32361.031693209137 -37819.573995768224 6730.544034090909 832.94996448863606 36413.336640624999 26978.143408203126 -15458.57060289885 28987.903940429693 17695.346461567122 28596.900234375 -6366.5127963362074 -21055.030291193183 -11637.932280815972 37975.155839843734 3140.2445703124999 -10425.984235749422 -10688.633764648439 11781.966026475695 19638.785187322439 -17767.367773437501 -19807.53107421875 6780.269602050781 -3922.8419433593754 11691.492010498048 -25667.956201171877
leaf_weight=14.999999999999998 12.999999999999998 10.999999999999998 15.999999999999998 9.9999999999999982 13.999999999999998 12.999999999999998 15.000000000000002 10.999999999999998 11.000000000000002 9.9999999999999982 15.999999999999998 19 9.9999999999999982 19.000000000000004 9.9999999999999982 29 10.999999999999998 18 10.000000000000002 9.9999999999999982 27 11.999999999999998 18 11.000000000000002 11.999999999999998 20 20 12.999999999999998 15.999999999999998 11.999999999999998
leaf_count=15 13 11 16 10 14 13 15 11 11 10 16 19 10 19 10 29 11 18 10 10 27 12 18 11 12 20 20 13 16 12
internal_value=-992.405 148.344 4110.08 2049.19 -5660.72 -3213.06 174.783 -18971.4 -686.901 17776 2500.96 5575.52 3038.91 6068.67 3906.48 -4868.21 -3692.49 1334.56 4328.21 20557.7 -1268.17 6708 583.968 -5750.27 -4131.5 -2352.9 -5610.25 6876.24 305.287 -5387.82
internal_weight=452 439 261 250 178 163 240 26 150 21 214 151 135 116 106 63 129 96 78 20 58 31 47 115 104 92 68 24 48 32
internal_count=452 439 261 250 178 163 240 26 150 21 214 151 135 116 106 63 129 96 78 20 58 31 47 115 104 92 68 24 48 32
is_linear=0
shrinkage=0.05


Tree=144
num_leaves=31
num_cat=0
split_feature=5 0 5 8 2 7 8 7 5 0 1 2 9 9 11 8 5 7 7 11 10 10 2 10 10 8 10 10 5 10
split_gain=7.17046e+12 3.64724e+12 9.09507e+12 7.61002e+12 4.18338e+12 4.33275e+12 3.85873e+12 4.5469e+12 3.00488e+12 2.39388e+12 1.75034e+12 2.95941e+12 2.73125e+12 2.0752e+12 2.42996e+12 2.07405e+12 1.61981e+12 1.47329e+12 1.70889e+12 1.20075e+12 3.18812e+12 1.69041e+12 1.1885e+12 1.0523e+12 1.94582e+12 1.98395e+12 1.69713e+12 1.27525e+12 1.10259e+12 9.38066e+11
threshold=17430950.000000004 2.5000000000000004 3452535.0000000005 13906500.000000002 48.500000000000007 12001950.000000002 10125000.000000002 11343035.000000002 10384350.000000002 1.0000000180025095e-35 5.5000000000000009 185.50000000000003 6188313.5714285718 6429472.8571428582 11124899.166666668 8022050.0000000009 4202500.0000000009 6120285.0000000009 7432700.0000000009 9322129.1666666679 9643228.2142857164 7976223.8095238106 299.50000000000006 7226263.92857143 8558855.0000000019 8229575.0000000009 6883375.3571428582 6223298.92857143 5640500.0000000009 7927414.2857142864
decision_type=2 2 2 2 2 2 2 2 2 2 2 2 2 2 2 2 2 2 2 2 2 2 2 2 2 2 2 2 2 2
left_child=1 4 -3 6 -1 8 10 -8 16 -10 15 -12 -13 -14 19 17 -6 -4 -19 20 21 22 -15 26 29 -26 27 -18 -29 -25
right_child=-2 2 3 -5 5 -7 7 -9 9 -11 11 12 13 14 -16 -17 23 18 -20 -21 -22 -23 -24 24 25 -27 -28 28 -30 -31
leaf_value=-30645.746171875002 -37538.890144230769 48401.140411931818 2992.9080824908087 44683.194453125005 12550.171901593891 -30742.977854567307 -35928.595703124993 6394.0171164772728 791.30280539772707 34592.669648437499 25629.236657714846 -14685.641491056744 27538.508720703128 924.21364307892645 27167.054843750004 14077.864697265626 -17988.189168294273 -30212.363151041671 -6755.8229270241472 -12265.453501674107 28625.823552911934 -11816.134472656251 20245.466093750001 -1720.2286965762869 3319.2511363636354 -26078.367708333335 -22986.935310872399 -11572.599882812496 9350.9082146139699 14657.741004774307
leaf_weight=14.999999999999998 12.999999999999998 10.999999999999998 17 9.9999999999999982 13.999999999999998 12.999999999999998 15.000000000000002 10.999999999999998 11.000000000000002 9.9999999999999982 15.999999999999998 19 9.9999999999999982 39 9.9999999999999982 11.999999999999998 11.999999999999998 11.999999999999998 22 13.999999999999998 10.999999999999998 22 9.9999999999999982 17 11.000000000000002 11.999999999999998 18 10.000000000000002 17 18
leaf_count=15 13 11 17 10 14 13 15 11 11 10 16 19 10 39 10 12 12 12 22 14 11 22 10 17 11 12 18 10 17 18
internal_value=-942.785 140.927 3904.58 1946.73 -5377.69 -3052.41 166.044 -18022.9 -652.556 16887.2 2375.91 5296.74 2886.96 5765.24 3711.15 -4624.8 -3507.86 -9025.43 -15034.6 1267.83 3578.39 -302.197 4867.33 -5462.76 -721.262 -12018.6 -10287.4 -4426.12 1601.46 6702.73
internal_weight=452 439 261 250 178 163 240 26 150 21 214 151 135 116 106 63 129 51 34 96 82 71 49 115 58 23 57 39 27 35
internal_count=452 439 261 250 178 163 240 26 150 21 214 151 135 116 106 63 129 51 34 96 82 71 49 115 58 23 57 39 27 35
is_linear=0
shrinkage=0.05


Tree=145
num_leaves=31
num_cat=0
split_feature=5 5 11 9 6 6 11 6 11 7 5 10 9 9 11 5 5 5 10 10 9 5 7 10 6 2 5 7 9 11
split_gain=4.581e+12 4.00218e+12 2.68014e+12 8.68123e+12 3.20805e+12 1.60019e+13 2.29252e+13 5.47274e+12 6.26481e+12 2.57067e+12 4.40829e+12 1.48627e+13 2.70403e+12 3.72832e+12 2.10948e+12 4.35999e+12 1.80053e+12 3.03581e+12 1.92229e+12 1.95124e+12 1.65516e+12 2.25926e+12 2.09741e+12 1.93125e+12 1.7875e+12 1.4378e+12 2.26414e+12 1.31839e+12 9.67255e+11 8.30454e+11
threshold=18678800.000000004 14614885.000000002 11566941.833333334 11278526.428571431 9712300.0000000019 8783500.0000000019 7640314.8717948729 10482500.000000002 7550486.8750000009 7210000.0000000009 9382200.0000000019 8679777.1428571437 6395544.2857142864 6042880.0000000009 8652095.0000000019 7198000.0000000009 10615300.000000002 7503200.0000000009 6505904.2857142864 8398294.6428571437 5507169.2857142864 4405000.0000000009 5457485.0000000009 7004323.2142857155 5873000.0000000009 168.50000000000003 5708800.0000000009 8022050.0000000009 6686014.2857142864 8014715.3333333349
decision_type=2 2 2 2 2 2 2 2 2 2 2 2 2 2 2 2 2 2 2 2 2 2 2 2 2 2 2 2 2 2
left_child=1 2 4 -4 5 9 -7 8 -6 16 12 -12 13 -11 15 -9 17 20 -19 -20 -1 24 25 -24 -22 -23 -27 -16 -14 -17
right_child=-2 -3 3 -5 7 6 -8 14 -10 10 11 -13 28 -15 27 29 -18 18 19 -21 21 22 23 -25 -26 26 -28 -29 -30 -31
leaf_value=11116.262265625001 31734.795703125001 -23363.222863051473 44918.952764423069 -17046.966718749998 4745.8967773437489 5981.6615953947367 99511.114550781262 13614.133816964288 -42668.636240748361 -8106.890387834821 66210.721173650556 -15982.807528409092 -19862.676704545458 25898.112726151317 23259.105696614577 -32955.28953124999 -23418.719401041668 25262.883522727276 -4971.0871262122855 20641.778203125003 -40127.84226562499 -30767.815781250003 -6858.3373113458802 16897.205719866073 -10232.187080078125 7614.3907226562478 -21524.091329752606 1613.1792049632354 -3322.8145312500001 -12578.1654296875
leaf_weight=9.9999999999999982 11.999999999999998 17 13.000000000000002 9.9999999999999982 11.000000000000002 19.000000000000004 9.9999999999999982 13.999999999999998 19 13.999999999999998 11.000000000000002 10.999999999999998 10.999999999999998 19 12.000000000000002 10.000000000000002 11.999999999999998 10.999999999999998 29 9.9999999999999982 10.000000000000002 9.9999999999999982 22 13.999999999999998 9.9999999999999982 12.000000000000002 14.999999999999998 17 45 9.9999999999999982
leaf_count=10 12 17 13 10 11 19 10 14 19 14 11 11 11 19 12 10 12 11 29 10 10 10 22 14 10 12 15 17 45 10
internal_value=1256.52 421.5 1381.93 17977.2 422.902 2901.7 38233.2 -7706.48 -25283.3 -810.671 5072.6 25114 118.557 11471.7 663.439 -7786.37 -4768.51 -3305.75 6802.96 1596.31 -8212.88 -10291.3 -6212.18 2379.93 -25180 -14572.1 -8573.65 10570.1 -6571.72 -22766.7
internal_weight=450 438 421 23 398 305 29 93 30 276 111 22 89 33 63 34 165 153 50 39 103 93 73 36 20 37 27 29 56 20
internal_count=450 438 421 23 398 305 29 93 30 276 111 22 89 33 63 34 165 153 50 39 103 93 73 36 20 37 27 29 56 20
is_linear=0
shrinkage=0.05


Tree=146
num_leaves=31
num_cat=0
split_feature=5 5 2 6 6 7 7 6 6 11 7 9 2 11 2 5 6 7 2 2 6 5 6 6 6 8 8 6 11 5
split_gain=4.13435e+12 3.61197e+12 2.45066e+12 1.04961e+13 2.01702e+13 4.32827e+12 4.26385e+12 2.61388e+12 2.38727e+12 1.80653e+12 1.25144e+12 4.2871e+12 2.63457e+12 1.83691e+12 2.18794e+12 1.58618e+12 1.68744e+12 2.20283e+12 1.78932e+12 1.18043e+12 2.83157e+12 3.39842e+12 1.10796e+12 8.72014e+11 3.07931e+12 1.83739e+12 1.58239e+12 1.45871e+12 1.1045e+12 2.04828e+12
threshold=18678800.000000004 14614885.000000002 81.500000000000014 8998160.0000000019 7513800.0000000009 13110000.000000002 15770850.000000002 5898500.0000000009 5408200.0000000009 11566941.833333334 9474500.0000000019 10713747.85714286 281.50000000000006 8989845.0000000019 271.50000000000006 3341800.0000000005 3685250.0000000005 5368200.0000000009 317.50000000000006 174.50000000000003 6405800.0000000009 6168000.0000000009 9712300.0000000019 5100500.0000000009 5580500.0000000009 10417000.000000002 6168000.0000000009 4613000.0000000009 7477574.0000000009 5580500.0000000009
decision_type=2 2 2 2 2 2 2 2 2 2 2 2 2 2 2 2 2 2 2 2 2 2 2 2 2 2 2 2 2 2
left_child=1 2 3 4 7 9 -7 8 -1 10 13 12 22 15 -15 -4 17 -17 19 20 -18 -22 -12 27 -25 26 28 -21 29 -26
right_child=-2 -3 5 -5 -6 6 -8 -9 -10 -11 11 -13 -14 14 -16 16 18 -19 -20 23 21 -23 -24 24 25 -27 -28 -29 -30 -31
leaf_value=11196.695930989581 30148.056250000001 -22195.063671875003 -22120.4096875 -23691.984053308825 85256.6552734375 39555.299999999988 -940.90431189903848 22034.19416015625 -20342.108284505211 15067.660000000002 -3765.5610916940782 -39215.357656250002 17000.837093098959 -5980.0030468749983 24641.690904017858 -2035.147844587053 -23898.315321180558 28690.58056640625 -15779.798937500002 2179.3521606445311 19366.52014781407 -13479.54769965278 -24327.005000000001 25817.13147536058 -3124.1745598929265 20022.817988281251 -9596.8285751714939 -22164.052265625 -7592.557342998799 24437.862916917071
leaf_weight=12.000000000000002 11.999999999999998 17 9.9999999999999982 17 9.9999999999999982 13.000000000000002 12.999999999999998 14.999999999999998 11.999999999999998 14.999999999999998 19.000000000000004 9.9999999999999982 11.999999999999998 10.000000000000002 13.999999999999998 14.000000000000002 18 9.9999999999999982 25 16.000000000000004 13.999999999999998 18 9.9999999999999982 12.999999999999998 14.000000000000002 9.9999999999999982 41 9.9999999999999982 12.999999999999998 12.999999999999998
leaf_count=12 12 17 10 17 10 13 13 15 12 15 19 10 12 10 14 14 18 10 25 16 14 18 10 13 14 10 41 10 13 13
internal_value=1193.7 400.425 1312.83 10160.2 21904.8 -332.024 19307.2 5660.72 -4572.71 -1884.06 -2693.86 -9861.95 -2702.58 -1303.85 11882.7 -2628.01 -1776.82 10767.2 -3245.39 -1504.5 -8033.41 890.607 -10855.7 1006.62 3054.15 -197.706 -2694.07 -7183.5 4381.26 10146.4
internal_weight=450 438 421 66 49 355 26 39 24 329 314 51 41 263 24 239 229 24 205 180 50 32 29 130 104 91 81 26 40 27
internal_count=450 438 421 66 49 355 26 39 24 329 314 51 41 263 24 239 229 24 205 180 50 32 29 130 104 91 81 26 40 27
is_linear=0
shrinkage=0.05


Tree=147
num_leaves=31
num_cat=0
split_feature=5 5 11 9 6 6 10 6 10 7 10 5 5 9 11 5 5 5 10 10 9 5 5 1 10 10 6 9 0 7
split_gain=3.73125e+12 3.2598e+12 2.29008e+12 7.88308e+12 2.6197e+12 1.41807e+13 2.10471e+13 4.88924e+12 5.65934e+12 2.19723e+12 4.07123e+12 1.44722e+13 1.849e+12 3.06022e+12 1.79539e+12 3.81833e+12 1.58989e+12 2.57596e+12 1.64e+12 1.76652e+12 1.43909e+12 1.92692e+12 1.89757e+12 2.79812e+12 1.86742e+12 1.75362e+12 1.63328e+12 1.12251e+12 1.1188e+12 1.11565e+12
threshold=18678800.000000004 14614885.000000002 11566941.833333334 11278526.428571431 9712300.0000000019 8783500.0000000019 7669532.1428571446 10482500.000000002 7840821.42857143 7210000.0000000009 8365632.1428571437 9637750.0000000019 6905000.0000000009 6226628.5714285718 8652095.0000000019 7415750.0000000009 10615300.000000002 7503200.0000000009 6505904.2857142864 8398294.6428571437 5507169.2857142864 4405000.0000000009 5708800.0000000009 8.5000000000000018 7056348.2142857155 6438614.2857142864 5873000.0000000009 6550221.42857143 1.5000000000000002 8022050.0000000009
decision_type=2 2 2 2 2 2 2 2 2 2 2 2 2 2 2 2 2 2 2 2 2 2 2 2 2 2 2 2 2 2
left_child=1 2 4 -4 5 9 -7 8 -6 16 11 12 13 -11 15 -9 17 20 -19 28 -1 26 24 -24 25 -23 -22 -14 -20 -16
right_child=-2 -3 3 -5 7 6 -8 14 -10 10 -12 -13 27 -15 29 -17 -18 18 19 -21 21 22 23 -25 -26 -27 -28 -29 -30 -31
leaf_value=10324.608515625001 28640.652213541671 -21085.308886718751 42260.759495192295 -16787.916875000003 -382.87634626116062 73.166676240808812 86560.114615885424 9886.1186810661766 -43912.95618286133 29390.643269230772 -11189.381611328126 66687.705732421877 -18837.154020182286 35.295172119140624 21737.723209635413 -23625.655170036767 -22078.494954427086 23183.817933238635 -15090.428076171873 19445.490625000002 -37675.41355468749 8226.332017933235 -3926.4109994741589 -32336.783867938702 18630.2685546875 -20006.646280184661 -9098.5075390625007 905.20202772352422 4562.8511197916669 1825.5661994485295
leaf_weight=9.9999999999999982 11.999999999999998 17 13.000000000000002 9.9999999999999982 14.000000000000002 17.000000000000004 11.999999999999998 17 15.999999999999998 12.999999999999998 30 9.9999999999999982 12.000000000000002 28 12.000000000000002 17 11.999999999999998 10.999999999999998 14.000000000000002 9.9999999999999982 10.000000000000002 11.000000000000002 26 12.999999999999998 11.999999999999998 10.999999999999998 9.9999999999999982 18 14.999999999999998 17
leaf_count=10 12 17 13 10 14 17 12 17 16 13 30 10 12 28 12 17 12 11 14 10 10 11 26 13 12 11 10 18 15 17
internal_value=1134.01 380.404 1247.19 16587.4 360.694 2600.68 35860.9 -6985.51 -23598.9 -894.045 4545.14 10372.7 2441.05 9343.09 925.638 -6869.77 -4553.13 -3178.59 6133.07 1323.89 -7698.82 -9636.82 -5869.66 -13396.5 2764.11 -5890.16 -23387 -6991.74 -4924.94 10065.1
internal_weight=450 438 421 23 398 305 29 93 30 276 111 81 71 41 63 34 165 153 50 39 103 93 73 39 34 22 20 30 29 29
internal_count=450 438 421 23 398 305 29 93 30 276 111 81 71 41 63 34 165 153 50 39 103 93 73 39 34 22 20 30 29 29
is_linear=0
shrinkage=0.05


Tree=148
num_leaves=31
num_cat=0
split_feature=5 7 5 4 1 10 11 11 10 2 2 2 9 7 10 5 5 5 6 6 10 6 6 5 8 7 7 6 9 6
split_gain=3.36746e+12 3.02377e+12 1.54581e+13 1.00419e+13 7.8954e+12 1.65938e+12 1.64206e+12 2.80945e+12 2.69783e+12 2.3124e+12 2.42572e+12 2.88348e+12 2.06975e+12 1.61134e+12 1.54432e+12 1.43544e+12 1.36825e+12 2.01154e+12 1.86898e+12 1.47994e+12 1.38721e+12 1.29322e+12 1.27133e+12 1.87817e+12 1.3934e+12 1.5695e+12 1.69197e+12 2.0623e+12 1.3822e+12 1.10738e+12
threshold=18678800.000000004 5838300.0000000009 3280000.0000000005 1.0000000180025095e-35 1.5000000000000002 6031524.6428571446 11942680.16666667 11124899.166666668 10013842.85714286 309.50000000000006 219.50000000000003 227.50000000000003 6744300.0000000009 10727235.000000002 6358571.42857143 10330575.000000002 6500200.0000000009 4613000.0000000009 9761000.0000000019 6575025.0000000009 7089067.8571428573 5211500.0000000009 9340085.0000000019 7198000.0000000009 5321500.0000000009 4150000.0000000005 4832500.0000000009 5580500.0000000009 7142030.0000000009 7181000.0000000009
decision_type=2 2 2 2 2 2 2 2 2 2 2 2 2 2 2 2 2 2 2 2 2 2 2 2 2 2 2 2 2 2
left_child=1 4 -3 5 -1 -4 7 8 9 10 16 -12 14 15 -13 -14 17 -7 19 21 -21 -18 24 -24 28 -26 -27 -28 -6 -19
right_child=-2 2 3 -5 22 6 -8 -9 -10 -11 11 12 13 -15 -16 -17 18 29 -20 20 -22 -23 23 -25 25 26 27 -29 -30 -31
leaf_value=-48354.783828125001 27208.620312500003 64413.283632812498 -20752.727500000001 47972.826704545456 13042.346137152779 -13030.678996394232 -18057.753645833334 18847.135937499999 -18735.943688322368 -14785.274438476563 34564.746777343753 6031.2705078124991 15829.705615234372 26142.080970982144 -19905.48387784091 -6093.2300153459828 992.92929687499964 2475.6520063920457 -25825.444744318185 19124.084588068177 -5986.7035156250004 -21375.636758858818 19271.015618489579 -5750.1181250000009 -21005.034113030688 7771.3506591796877 -27648.224422200521 -2589.4008319561299 -7905.0233537946442 19763.391154479981
leaf_weight=9.9999999999999982 11.999999999999998 9.9999999999999982 9.9999999999999982 10.999999999999998 18 12.999999999999998 11.999999999999998 20 19 21 9.9999999999999982 12.000000000000002 16.000000000000004 13.999999999999998 10.999999999999998 13.999999999999998 12.000000000000002 22 10.999999999999998 11.000000000000002 10.999999999999998 13.999999999999998 15.000000000000002 14.999999999999998 19 19 11.999999999999998 26 13.999999999999998 15.999999999999998
leaf_count=10 12 10 10 11 18 13 12 20 19 21 10 12 16 14 11 14 12 22 11 11 11 14 15 15 19 19 12 26 14 16
internal_value=1077.31 361.383 3329.21 1147.64 -5453.96 -767.146 4.49764 882.016 -700.814 946.626 2713.31 9519.76 5781.7 12135.4 -6373.26 5599 -2051.21 3946.66 -7235.8 -2975.68 6568.69 -11051.7 -2345.2 6760.45 -4874.55 -8559.78 -4411.36 -10502.7 3877.87 9754.7
internal_weight=450 438 290 280 148 269 259 247 227 208 187 77 67 44 23 30 110 51 59 48 22 26 138 30 108 76 57 38 32 38
internal_count=450 438 290 280 148 269 259 247 227 208 187 77 67 44 23 30 110 51 59 48 22 26 138 30 108 76 57 38 32 38
is_linear=0
shrinkage=0.05


Tree=149
num_leaves=31
num_cat=0
split_feature=5 9 5 11 11 8 5 8 9 7 5 10 6 10 11 6 9 5 6 9 9 10 10 11 5 10 5 9 7 5
split_gain=3.03913e+12 3.08099e+12 9.04957e+12 5.67767e+12 1.53477e+13 7.45009e+12 4.22824e+12 3.59456e+12 4.70944e+12 3.51473e+12 3.89043e+12 2.62771e+12 2.61153e+12 2.54271e+12 2.34293e+12 2.14921e+12 1.9028e+12 1.88289e+12 2.14362e+12 1.70307e+12 2.96491e+12 1.30351e+12 2.06438e+12 1.85125e+12 1.21246e+12 2.63151e+12 1.41491e+12 1.92003e+12 1.64374e+12 1.71779e+12
threshold=18678800.000000004 9498485.7142857164 13917500.000000002 8004808.3333333349 8110645.0000000009 5285500.0000000009 6431300.0000000009 13906500.000000002 7685035.7142857155 10166750.000000002 7107500.0000000009 11577390.000000002 10189250.000000002 8877895.3571428601 8621354.1666666679 9340085.0000000019 8531867.8571428601 8418000.0000000019 3904000.0000000005 10065485.714285716 11063742.142857144 6883375.3571428582 7339648.92857143 7598871.5000000009 5838300.0000000009 6198448.5714285718 5344000.0000000009 5727864.2857142864 5072500.0000000009 4405000.0000000009
decision_type=2 2 2 2 2 2 2 2 2 2 2 2 2 2 2 2 2 2 2 2 2 2 2 2 2 2 2 2 2 2
left_child=1 3 6 9 -5 -6 -3 8 14 12 -11 13 15 -8 -7 17 -10 18 -1 -15 -21 -19 -23 -24 26 -26 27 -20 -29 -30
right_child=-2 2 -4 4 5 7 11 -9 16 10 -12 -13 -14 19 -16 -17 -18 21 24 20 -22 22 23 -25 25 -27 -28 28 29 -31
leaf_value=-21104.640344238283 25848.190494791666 -23945.261906881893 -48233.128385416669 65967.971626790371 -29325.207712965745 3522.0178079044113 18570.281534090911 39713.799516601568 36543.032934570299 40797.986679687485 -684.14663085937502 19704.768256578947 -23318.188541666666 -26427.932695312502 -26978.473125000004 15890.293650817872 10204.285351562501 20663.041566051135 17145.406982421875 15908.706274414057 -18556.724969951923 -15936.312660725913 22236.706054687496 -5633.4791903409096 -29719.560856119795 -3594.9991011639031 14509.889192708335 -22951.209025065105 -13577.789471435548 8657.9796964946563
leaf_weight=20 11.999999999999998 17 11.999999999999998 11.999999999999998 12.999999999999998 17.000000000000004 10.999999999999998 9.9999999999999982 12.000000000000002 10.000000000000002 12.999999999999998 19 14.999999999999998 9.9999999999999982 9.9999999999999982 15.999999999999998 15.999999999999998 10.999999999999998 9.9999999999999982 12.000000000000002 12.999999999999998 11.999999999999998 13.000000000000002 10.999999999999998 11.999999999999998 49 14.999999999999998 11.999999999999998 15.999999999999998 19
leaf_count=20 12 17 12 12 13 17 11 10 12 10 13 19 15 10 10 16 16 11 10 12 13 12 13 11 12 49 15 12 16 19
internal_value=1023.44 343.314 -7678.89 2535.43 13326.7 5228.01 -1744.12 12138.7 7124.99 -1288.24 17351.6 4062.33 -3144.15 -2398.68 -7774.46 -1743.18 21492.3 -3153.85 -5842.73 -8988.92 -2013.32 5599.29 996.477 9462.87 -3547.71 -8734.26 846.457 -2749.18 -6982.08 -1506.94
internal_weight=450 438 94 344 90 78 82 65 55 254 23 65 231 46 27 216 28 200 153 35 25 47 36 24 133 61 72 57 47 35
internal_count=450 438 94 344 90 78 82 65 55 254 23 65 231 46 27 216 28 200 153 35 25 47 36 24 133 61 72 57 47 35
is_linear=0
shrinkage=0.05


Tree=150
num_leaves=31
num_cat=0
split_feature=7 1 5 6 2 10 10 1 6 5 5 9 7 6 2 6 9 0 6 5 0 9 10 9 2 9 9 10 8 8
split_gain=3.74088e+12 8.85293e+12 5.78576e+12 2.93612e+13 3.05237e+12 4.14574e+12 4.12214e+12 3.91577e+12 1.44572e+13 4.37127e+12 2.9756e+12 4.01368e+12 9.57077e+12 2.93547e+12 2.45077e+12 2.93995e+12 2.15778e+12 1.87059e+12 2.4888e+12 1.86727e+12 1.71345e+12 1.18338e+12 1.56012e+12 1.12427e+12 1.06981e+12 1.24713e+12 1.00374e+12 2.08148e+12 1.49642e+12 1.32457e+12
threshold=15109650.000000002 10.500000000000002 14341000.000000002 6975000.0000000009 344.50000000000006 10161300.000000002 10781956.785714289 1.5000000000000002 9402950.0000000019 3280000.0000000005 7198000.0000000009 6202457.1428571437 7017600.0000000009 5640500.0000000009 207.50000000000003 9157335.0000000019 6492750.0000000009 1.0000000180025095e-35 5211500.0000000009 7740500.0000000009 2.5000000000000004 8496214.2857142873 7217052.1428571437 7998440.7142857155 189.50000000000003 6594828.5714285718 8387850.0000000009 7792694.444444445 9932500.0000000019 5929500.0000000009
decision_type=2 2 2 2 2 2 2 2 2 2 2 2 2 2 2 2 2 2 2 2 2 2 2 2 2 2 2 2 2 2
left_child=2 -2 4 -4 6 -6 7 8 -1 -9 11 12 13 -11 15 24 19 23 -19 -12 -16 22 -22 -18 25 -13 27 -20 29 -28
right_child=1 -3 3 -5 5 -7 -8 9 -10 10 16 14 -14 -15 20 -17 17 18 26 -21 21 -23 -24 -25 -26 -27 28 -29 -30 -31
leaf_value=45711.381887637865 -12076.45061848958 48658.397200520834 25023.965985576917 -85968.704261363644 -1706.8370309012273 39311.746306818182 -28321.621160016741 -34700.021718750002 -30053.795781250003 16689.2719156901 -36831.053632812487 11033.605192057294 50491.166782924112 -17604.599399038463 -17143.519217354911 24462.239514160159 -6554.1138583096581 14650.244721679686 -2560.5391228170956 -6978.1539095791904 2681.151611328125 13921.756328125002 -21950.377109375 -29718.354687500003 14361.734019886366 -7578.8601253297593 5879.2604239327557 -24430.191110229494 16768.983948863635 -15870.734542410713
leaf_weight=17.000000000000004 12.000000000000002 11.999999999999998 13.000000000000002 10.999999999999998 14.000000000000002 10.999999999999998 13.999999999999998 9.9999999999999982 9.9999999999999982 12.000000000000002 10.000000000000002 11.999999999999998 13.999999999999998 12.999999999999998 28 15.999999999999998 11.000000000000002 20 34 10.999999999999998 18.000000000000004 9.9999999999999982 9.9999999999999982 9.9999999999999982 10.999999999999998 36 14.000000000000002 15.999999999999998 10.999999999999998 13.999999999999998
leaf_count=17 12 12 13 11 14 11 14 10 10 12 10 12 14 13 28 16 11 20 34 11 18 10 10 10 11 36 14 16 11 14
internal_value=-921.536 18291 -1991.37 -25847.7 -584.615 16341.3 -1692.33 -679.264 17650.2 -2130.57 -1146.6 3195.46 17392 -1143.54 -731.24 5452.52 -6322.57 -3920.29 -1287.69 -21193.8 -7758.24 -842.776 -6115.82 -17584.7 297.345 -2925.74 -4869.25 -9558.83 1143.03 -4995.74
internal_weight=455 24 431 24 407 25 382 368 27 341 331 180 39 25 141 75 151 130 109 21 66 38 28 21 59 48 89 50 39 28
internal_count=455 24 431 24 407 25 382 368 27 341 331 180 39 25 141 75 151 130 109 21 66 38 28 21 59 48 89 50 39 28
is_linear=0
shrinkage=0.05


Tree=151
num_leaves=31
num_cat=0
split_feature=7 1 5 6 2 11 11 11 11 7 5 5 11 2 6 9 6 11 0 6 9 0 5 2 2 6 11 2 0 7
split_gain=3.37614e+12 7.98977e+12 5.22165e+12 2.64985e+13 2.75477e+12 3.74153e+12 3.40204e+12 2.24669e+13 3.515e+12 4.86753e+12 2.99826e+12 2.93445e+12 7.4003e+12 2.75257e+12 2.14467e+12 3.48632e+12 7.59097e+12 2.14129e+12 1.96653e+12 1.92454e+12 1.93811e+12 1.83215e+12 1.60513e+12 1.60797e+12 2.50118e+12 1.64781e+12 1.44246e+12 1.20314e+12 8.43707e+11 1.17088e+12
threshold=15109650.000000002 10.500000000000002 14341000.000000002 6975000.0000000009 344.50000000000006 11432317.833333334 8079319.5000000009 8004808.3333333349 8191310.166666667 5130500.0000000009 3432750.0000000005 10437500.000000002 10125686.66666667 297.50000000000006 6145050.0000000009 6138921.42857143 5100500.0000000009 6424456.5000000009 2.5000000000000004 3817075.0000000005 7597344.2857142864 4.5000000000000009 10437500.000000002 207.50000000000003 197.50000000000003 10482500.000000002 7372632.8333333349 285.50000000000006 1.0000000180025095e-35 5457485.0000000009
decision_type=2 2 2 2 2 2 2 2 2 2 2 2 2 2 2 2 2 2 2 2 2 2 2 2 2 2 2 2 2 2
left_child=2 -2 4 -4 6 -6 7 10 -8 -10 -1 12 18 -13 15 16 -12 -17 -11 -19 26 -20 23 24 25 28 -21 -25 -16 -30
right_child=1 -3 3 -5 5 -7 8 -9 9 11 14 13 -14 -15 22 17 -18 19 21 20 -22 -23 -24 27 -26 -27 -28 -29 29 -31
leaf_value=-28308.131015625004 -11472.62824707031 46225.478385416674 23772.766706730763 -81670.268678977271 -1621.4953002929685 37346.159375000003 -37432.480039062502 74891.036367187495 22165.240715144231 -21758.090710449222 -3016.1345328194748 -9443.4334041819839 -52071.402437337238 23616.084404296878 8680.1009374999994 -21640.602910156253 52488.365980113638 20447.625473257212 11292.342749023435 1373.0891728940219 13800.354919433594 -14552.795499674479 -20317.493903459821 -14000.561588969984 24968.054375000003 14736.167720853366 -17834.106624827666 5491.4726171875009 3926.7156192555153 -11737.529360961915
leaf_weight=9.9999999999999982 12.000000000000002 11.999999999999998 13.000000000000002 10.999999999999998 14.000000000000002 10.999999999999998 9.9999999999999982 9.9999999999999982 12.999999999999998 15.999999999999998 14.000000000000002 17.000000000000004 11.999999999999998 9.9999999999999982 9.9999999999999982 9.9999999999999982 10.999999999999998 12.999999999999998 16.000000000000004 23 15.999999999999998 11.999999999999998 13.999999999999998 38 9.9999999999999982 12.999999999999998 17 9.9999999999999982 17 40
leaf_count=10 12 12 13 11 14 11 10 10 13 16 14 17 12 10 10 10 11 13 16 23 16 12 14 38 10 13 17 10 17 40
internal_value=-875.46 17376.4 -1891.81 -24555.3 -555.384 15524.3 -1607.72 1316.48 -9221.67 -6283.04 -1449.48 -10738.8 -17266.8 2800.83 -400.315 5132.37 21405.8 -17.4681 -7774.67 3116.32 -907.019 215.855 -4185.83 -2549.29 1392.27 -1554.7 -6789.97 -9939.72 -4715.61 -7065.74
internal_weight=455 24 431 24 407 25 382 276 106 96 266 83 56 27 256 104 25 79 44 69 56 28 152 138 90 80 40 48 67 57
internal_count=455 24 431 24 407 25 382 276 106 96 266 83 56 27 256 104 25 79 44 69 56 28 152 138 90 80 40 48 67 57
is_linear=0
shrinkage=0.05


Tree=152
num_leaves=31
num_cat=0
split_feature=8 0 11 11 10 7 7 11 0 5 5 5 9 9 10 11 11 9 0 7 11 7 11 9 8 11 0 8 3 0
split_gain=3.09271e+12 6.1374e+12 4.99044e+12 1.85675e+13 1.01867e+13 6.31578e+12 3.35813e+12 6.12402e+12 5.98203e+12 3.0985e+12 2.64856e+12 4.53758e+12 3.81106e+12 3.00003e+12 2.39158e+12 2.02963e+12 1.33571e+12 1.60452e+12 3.90415e+12 1.54802e+12 2.01464e+12 2.82456e+12 1.98098e+12 2.38491e+12 1.72302e+12 1.13015e+12 9.67774e+11 9.55868e+11 1.54112e+12 9.46307e+11
threshold=12556000.000000002 2.5000000000000004 8079319.5000000009 8004808.3333333349 8281153.2142857155 6575025.0000000009 6108500.0000000009 9690329.1666666698 1.0000000180025095e-35 3452535.0000000005 5109300.0000000009 8238500.0000000009 10065485.714285716 9436694.2857142892 10116871.428571431 7773976.3333333349 7665548.0000000009 6138921.42857143 3.5000000000000004 6196000.0000000009 7399793.166666667 7791050.0000000009 7211026.3333333349 7597344.2857142864 6754300.0000000009 6969908.6666666679 4.5000000000000009 6609500.0000000009 1.0000000180025095e-35 3.5000000000000004
decision_type=2 2 2 2 2 2 2 2 2 2 2 2 2 2 2 2 2 2 2 2 2 2 2 2 2 2 2 2 2 2
left_child=2 -2 3 9 5 -4 7 -6 -8 -1 -10 13 -13 -12 -14 16 17 18 -11 22 21 27 24 -24 -19 -23 -22 28 -21 -27
right_child=1 -3 4 -5 6 -7 8 -9 10 15 11 12 14 -15 -16 -17 -18 19 -20 20 26 25 23 -25 -26 29 -28 -29 -30 -31
leaf_value=-25968.217154947917 -3050.5276891637732 35300.973483455884 -71180.040058593717 62435.907340494792 -10122.578794642855 -14984.930721435549 -45359.952109375008 39731.202272727271 17333.411165364585 -4713.775124640214 -8646.3908837890594 -18754.731111812591 -6330.7723555131379 -47376.436081542975 23589.851022518385 -17215.088671875001 17436.208528645835 4057.8224679129471 29409.451250000002 -30441.415846946024 -10109.861762438321 22487.776464843751 2893.3375418526789 28168.155831473217 -15770.150884331597 12266.614794921872 -29326.575976562501 -2104.6958435058596 -3974.2497336647721 -7659.5466458407318
leaf_weight=11.999999999999998 27 17 10.000000000000002 11.999999999999998 14.000000000000002 9.9999999999999982 9.9999999999999982 10.999999999999998 11.999999999999998 19 10.000000000000002 15.999999999999998 11.000000000000002 9.9999999999999982 17 15.999999999999998 11.999999999999998 28 14.999999999999998 11 19.000000000000004 10.999999999999998 28 13.999999999999998 18 13.000000000000002 9.9999999999999982 20 11 10.999999999999998
leaf_count=12 27 17 10 12 14 10 10 11 12 19 10 16 11 10 17 16 12 28 15 11 19 11 28 14 18 13 10 20 11 11
internal_value=-831.687 11767.1 -2180.46 1588.09 -10235.4 -43082.5 -4317 11813.1 -9005.97 -1136.43 -4222.55 -8264.3 711.665 -28011.4 11835.3 27.5555 1177.07 321.321 10340.6 -1434.63 -5504.18 -1273.89 3467.32 11318.3 -3700.95 9216.47 -16736.3 -10015.9 -17207.8 3133.79
internal_weight=455 44 411 280 131 20 111 25 86 268 76 64 44 20 28 256 240 228 34 194 106 77 88 42 46 35 29 42 22 24
internal_count=455 44 411 280 131 20 111 25 86 268 76 64 44 20 28 256 240 228 34 194 106 77 88 42 46 35 29 42 22 24
is_linear=0
shrinkage=0.05


Tree=153
num_leaves=31
num_cat=0
split_feature=7 1 5 6 2 10 2 9 2 5 10 9 6 6 6 9 10 9 10 7 5 2 6 8 6 0 10 9 9 5
split_gain=3.01819e+12 6.88214e+12 4.71372e+12 2.3309e+13 2.32662e+12 3.42918e+12 3.49518e+12 1.75889e+13 6.99055e+12 3.57077e+12 3.18121e+12 2.22771e+12 5.19287e+12 6.15874e+12 1.67857e+12 1.70594e+12 8.95396e+11 2.00204e+12 2.31504e+12 2.25959e+12 1.45095e+12 1.56273e+12 4.58226e+12 1.86345e+12 1.22448e+12 1.51286e+12 1.15861e+12 1.17186e+12 1.15112e+12 7.3011e+11
threshold=15109650.000000002 10.500000000000002 14341000.000000002 6975000.0000000009 344.50000000000006 10781956.785714289 45.500000000000007 7720171.42857143 18.500000000000004 3280000.0000000005 10161300.000000002 6138921.42857143 6108500.0000000009 5100500.0000000009 3817075.0000000005 6279437.1428571437 9729565.0000000019 8601428.5714285728 8184475.0000000009 7181000.0000000009 7415750.0000000009 207.50000000000003 9157335.0000000019 4062500.0000000005 7596300.0000000009 2.5000000000000004 6595270.3571428582 6744300.0000000009 6492750.0000000009 10437500.000000002
decision_type=2 2 2 2 2 2 2 2 2 2 2 2 2 2 2 2 2 2 2 2 2 2 2 2 2 2 2 2 2 2
left_child=2 -2 4 -4 5 6 7 -1 -9 -8 -6 12 13 -11 -13 -16 17 18 20 -19 21 22 23 -17 25 -23 -22 -28 -25 -18
right_child=1 -3 3 -5 10 -7 9 8 -10 11 -12 14 -14 -15 15 16 29 19 -20 -21 26 24 -24 28 -26 -27 27 -29 -30 -31
leaf_value=67050.395862926132 -10307.697290039061 43241.8935546875 22042.321874999994 -76851.650155362222 -1513.8015938895087 -25736.486317661831 -31576.726875 13828.794257812497 -38648.382421875001 4724.8416044347423 34417.732386363634 12776.243420410157 -11078.860320723685 54175.644140625001 -24160.396250000002 18305.740553977274 -19049.814957682287 -3796.7881861636511 -18354.292441406251 20588.233295641447 7827.2730175781253 -7895.9018286175187 38128.932440795899 8515.9503515625001 -17343.592386300224 16359.671928710939 -22577.569361979171 -6132.8585887419877 -11943.538097589668 -2503.1711914062503
leaf_weight=10.999999999999998 12.000000000000002 11.999999999999998 13.000000000000002 10.999999999999998 14.000000000000002 13.999999999999998 9.9999999999999982 15.000000000000002 10.999999999999998 17.000000000000004 10.999999999999998 15.999999999999998 19 9.9999999999999982 9.9999999999999982 10.999999999999998 15.000000000000002 19 25 19 9.9999999999999982 18.000000000000004 9.9999999999999982 9.9999999999999982 13.999999999999998 9.9999999999999982 14.999999999999998 39 22 11.999999999999998
leaf_count=11 12 12 13 11 14 14 10 15 11 17 11 16 19 10 10 11 15 19 25 19 10 18 10 10 14 10 15 39 22 12
internal_value=-790.102 16467.1 -1751.06 -23284.1 -481.3 -1448.41 -524.402 14050.1 -8373.09 -2153.58 14296.1 -1236.97 8947.4 23040 -2940.54 -3911.46 -3098.25 -2052.6 -4210.41 8395.72 -1986.53 1933.84 7642.53 552.67 -5270 766.803 -7805.82 -10700.8 -5549.95 -11695.8
internal_weight=455 24 431 24 407 382 368 37 26 331 25 321 46 27 275 259 249 222 184 38 159 95 53 43 42 28 64 54 32 27
internal_count=455 24 431 24 407 382 368 37 26 331 25 321 46 27 275 259 249 222 184 38 159 95 53 43 42 28 64 54 32 27
is_linear=0
shrinkage=0.05


Tree=154
num_leaves=31
num_cat=0
split_feature=7 7 8 6 9 9 5 5 8 6 10 2 10 10 8 11 8 8 6 5 8 7 7 5 9 10 6 5 10 8
split_gain=2.86961e+12 2.10762e+13 6.54317e+12 8.83549e+12 6.57947e+12 7.06668e+12 5.25381e+12 5.17741e+12 2.65963e+12 3.07696e+12 3.26805e+12 2.51075e+12 2.46911e+12 1.66863e+12 2.3895e+12 2.3005e+12 1.60903e+12 3.79328e+12 1.65778e+12 2.67264e+12 1.45667e+12 2.23692e+12 3.24155e+12 1.4192e+12 1.22352e+12 9.21782e+11 8.99295e+11 1.0165e+12 1.47002e+12 8.36879e+11
threshold=6051000.0000000009 6243000.0000000009 12695000.000000002 7287800.0000000009 6148714.2857142864 5845521.42857143 3904000.0000000005 13294200.000000002 9523725.0000000019 13497000.000000002 10220283.928571431 60.500000000000007 10302256.071428573 7274728.5714285718 7900200.0000000009 7243910.666666667 6500200.0000000009 8229575.0000000009 8955000.0000000019 9382200.0000000019 7181000.0000000009 5130500.0000000009 4405000.0000000009 8575200.0000000019 6542742.8571428573 8755842.8571428601 4460000.0000000009 5520450.0000000009 7515953.2467532484 5538185.0000000009
decision_type=2 2 2 2 2 2 2 2 2 2 2 2 2 2 2 2 2 2 2 2 2 2 2 2 2 2 2 2 2 2
left_child=6 -2 4 -4 5 -3 -1 11 9 10 13 -8 -10 14 24 -15 18 25 19 -17 23 22 -22 26 -6 -18 -13 -28 29 -29
right_child=1 2 3 -5 8 -7 7 -9 12 -11 -12 20 -14 15 -16 16 17 -19 -20 -21 21 -23 -24 -25 -26 -27 27 28 -30 -31
leaf_value=-41214.439023437502 56226.90285500919 -3578.2068949381501 -2807.064384191176 51951.224804687503 -25395.717057291666 53333.099511718756 17672.696820068359 -33957.217427884614 -9039.1754828559042 -26323.567061941969 21204.366183035716 18304.506064453126 -34914.535351562503 18961.826199776788 9897.754614257814 -4741.0951074218747 29497.401015624982 -17791.817223011367 4188.2625122070312 -35424.950923295452 -19276.757756696425 -24816.330485983457 14176.294967447917 -11407.117491319445 -9274.3856919232549 8029.0294586181644 -9516.7484375000004 25139.970624999991 -6722.5219501201927 5154.489080255682
leaf_weight=9.9999999999999982 17 12.000000000000002 17.000000000000004 12.999999999999998 18 9.9999999999999982 15.999999999999998 12.999999999999998 27 13.999999999999998 13.999999999999998 9.9999999999999982 13.999999999999998 13.999999999999998 11.999999999999998 20.000000000000004 10.000000000000005 10.999999999999998 15.999999999999998 10.999999999999998 14.000000000000002 17 14.999999999999998 18 34 9.9999999999999982 13.999999999999998 10.000000000000002 12.999999999999998 10.999999999999998
leaf_count=10 17 12 17 13 18 10 16 13 27 14 14 10 14 14 12 20 10 11 16 11 14 17 15 18 34 10 14 10 13 11
internal_value=-750.597 2187.83 -1128.65 20921.5 -3806.8 22290.6 -6116.42 -3792.05 -6358.55 -3792.46 -1936.95 -950.405 -17874.7 -4013.74 -10213.7 299.301 -3050.38 5792.07 -8882.64 -15628.9 -3392.78 -10415.4 -1973.45 857.747 -14854.8 18763.2 4664.08 1822.33 6491.36 14671.4
internal_weight=455 294 277 30 247 22 161 151 225 184 170 138 41 156 64 92 78 31 47 31 122 46 29 76 52 20 58 48 34 21
internal_count=455 294 277 30 247 22 161 151 225 184 170 138 41 156 64 92 78 31 47 31 122 46 29 76 52 20 58 48 34 21
is_linear=0
shrinkage=0.05


Tree=155
num_leaves=31
num_cat=0
split_feature=5 10 5 5 5 11 11 2 7 7 7 6 7 11 7 6 11 6 8 8 8 5 11 7 10 6 2 5 11 10
split_gain=1.0221e+13 5.99383e+12 1.07367e+13 5.19772e+12 4.65659e+12 3.53643e+12 3.94412e+12 3.53875e+12 2.53564e+12 1.68178e+12 2.92062e+12 7.25875e+12 2.90804e+12 2.13427e+12 3.41286e+12 3.14294e+12 2.01784e+12 1.54382e+12 1.24968e+12 1.93147e+12 2.33617e+12 1.69228e+12 1.43093e+12 1.05413e+12 1.31779e+12 1.4464e+12 1.18398e+12 1.02079e+12 1.01986e+12 2.57557e+12
threshold=3207800.0000000005 11874561.428571431 18678800.000000004 13026200.000000002 12832500.000000002 11566941.833333334 9930848.333333334 348.50000000000006 6905000.0000000009 6905000.0000000009 7297000.0000000009 6457500.0000000009 7596300.0000000009 7243910.666666667 9979800.0000000019 5803250.0000000009 7665548.0000000009 8783500.0000000019 10417000.000000002 5100500.0000000009 3392550.0000000005 6905000.0000000009 7516777.1515151532 4560000.0000000009 6630883.5714285718 6196000.0000000009 219.50000000000003 6683535.0000000009 9243590.0000000019 9643228.2142857164
decision_type=2 2 2 2 2 2 2 2 2 2 2 2 2 2 2 2 2 2 2 2 2 2 2 2 2 2 2 2 2 2
left_child=-1 2 3 5 -3 6 7 9 -5 18 11 -11 -12 14 15 -14 17 -15 19 20 22 -22 -2 -21 -25 -26 27 -27 29 -18
right_child=1 4 -4 8 -6 -7 -8 -9 -10 10 12 -13 13 16 -16 -17 28 -19 -20 23 21 -23 -24 24 25 26 -28 -29 -30 -31
leaf_value=-49211.841068892048 8565.0347265624969 -6962.23184814453 52238.883886718751 -42861.025957031234 -50456.360820312504 25756.363099888393 -30818.676152343753 -22748.079296875003 -7254.5797265625006 48803.782682291654 -17808.985550130208 -8875.7517138671883 -16246.848164062494 -1311.0510632966693 40368.947451171873 18083.906115722657 3454.7623260498049 -25582.232207031251 11026.672167968751 -15838.430453125002 5525.3575137867638 31447.051884765628 -15852.564388020835 6652.5742234002973 -18797.192612304687 16485.399439697259 -15525.199857954545 -4430.6753906250005 -2813.3915829613097 31500.664044744321
leaf_weight=10.999999999999998 10.000000000000002 16.000000000000004 9.9999999999999982 10.000000000000002 9.9999999999999982 13.999999999999998 9.9999999999999982 14.999999999999998 9.9999999999999982 12.000000000000002 14.999999999999998 9.9999999999999982 10.000000000000002 19.000000000000004 9.9999999999999982 20 32 9.9999999999999982 18 25 17.000000000000004 9.9999999999999982 14.999999999999998 21 20 10.000000000000002 10.999999999999998 13.999999999999998 21 10.999999999999998
leaf_count=11 10 16 10 10 10 14 10 15 10 12 15 10 10 19 10 20 32 10 18 25 17 10 15 21 20 10 11 14 21 11
internal_value=-1611.6 -410.68 1065.62 -213.715 -23690.7 1093.87 150.494 1020.41 -25057.8 2065.95 5587.64 22585.8 3060.88 5414.63 15072.5 6640.32 1260.71 -9680.42 -1435.14 -2901.24 4928.14 15126 -6085.52 -6932.21 -4002.53 -8070.85 -1941.5 4284.36 6218.41 10629.3
internal_weight=447 436 410 400 26 380 366 356 20 341 170 22 148 133 40 30 93 29 171 153 52 27 25 101 76 55 35 24 64 43
internal_count=447 436 410 400 26 380 366 356 20 341 170 22 148 133 40 30 93 29 171 153 52 27 25 101 76 55 35 24 64 43
is_linear=0
shrinkage=0.05


Tree=156
num_leaves=31
num_cat=0
split_feature=5 2 5 5 2 6 9 11 2 7 7 8 9 5 6 6 7 2 5 7 7 2 8 11 11 6 5 6 0 8
split_gain=9.22442e+12 4.21837e+12 7.43027e+12 5.37111e+12 3.17914e+12 3.79244e+12 2.75516e+12 4.1949e+12 2.4087e+12 1.49518e+12 1.88689e+12 4.75665e+12 2.12795e+12 3.44408e+12 1.53645e+12 2.95617e+12 2.94421e+12 1.84273e+12 2.57498e+12 1.22699e+12 4.40882e+12 1.27539e+12 1.02259e+12 8.89335e+11 2.24337e+12 1.73828e+12 9.99874e+11 8.80936e+11 8.46806e+11 1.05482e+12
threshold=3207800.0000000005 345.50000000000006 18678800.000000004 13026200.000000002 360.50000000000006 8575200.0000000019 10713747.85714286 11324816.833333336 331.50000000000006 16306150.000000002 10373750.000000002 5767650.0000000009 9463219.2857142873 7383700.0000000009 5803250.0000000009 6021300.0000000009 3341800.0000000005 168.50000000000003 5873000.0000000009 9474500.0000000019 8886050.0000000019 271.50000000000006 7234500.0000000009 7332356.7222222229 7423742.333333334 9340085.0000000019 6683535.0000000009 8066500.0000000009 3.5000000000000004 7791050.0000000009
decision_type=2 2 2 2 2 2 2 2 2 2 2 2 2 2 2 2 2 2 2 2 2 2 2 2 2 2 2 2 2 2
left_child=-1 2 3 6 5 -3 8 22 9 10 12 -12 14 -14 16 -16 -2 18 -18 20 21 23 -8 25 -25 -17 -26 -13 29 -19
right_child=1 4 -4 -5 -6 -7 7 -9 -10 -11 11 27 13 -15 15 19 17 28 -20 -21 -22 -23 -24 24 26 -27 -28 -29 -30 -31
leaf_value=-46751.248297674007 17302.717529296875 -51024.005747070296 43600.226796875002 -25977.598067434214 4806.883700284091 -10067.632451923077 -11877.477715454093 -39651.660859374999 23678.468216646637 -15589.368619791667 38832.404589843754 12204.867322716347 -8593.4675781249971 28811.821838378906 26248.47265625 -7724.7605023051428 -36913.211360677073 -12555.356851074219 -7328.2836605674347 -14234.639806189904 32161.734375 -13184.894032118056 10214.435848721592 26088.178728693183 7957.111245888158 13797.422985839845 -9007.3410766601573 -4514.2137792968751 9804.539179687501 5004.002959735577
leaf_weight=10.999999999999998 11.999999999999998 10.000000000000002 9.9999999999999982 19 10.999999999999998 12.999999999999998 10.000000000000005 9.9999999999999982 12.999999999999998 11.999999999999998 11.999999999999998 12.999999999999998 10.000000000000002 15.999999999999998 11.999999999999998 43 12.000000000000002 25 19 12.999999999999998 10.999999999999998 18 10.999999999999998 10.999999999999998 19 11.999999999999998 15.999999999999998 20 9.9999999999999982 12.999999999999998
leaf_count=11 12 10 10 19 11 13 10 10 13 12 12 13 10 16 12 43 12 25 19 13 11 18 11 11 19 12 16 20 10 13
internal_value=-1531.02 -390.146 1040.15 -45.5674 -17301.3 -27874.8 1275.37 -12997.8 2569.14 1735.03 2390.84 11874.8 821.798 14425.2 -615.957 2411.77 -5773.07 -9278.26 -18780.5 411.487 1876.1 -923.413 -305.523 1261.8 6392.12 -3029.01 201.933 2072.09 -3141.39 -6548.21
internal_weight=447 436 402 392 34 23 373 31 342 329 317 45 272 26 246 155 91 79 31 143 130 119 21 101 46 55 35 33 48 38
internal_count=447 436 402 392 34 23 373 31 342 329 317 45 272 26 246 155 91 79 31 143 130 119 21 101 46 55 35 33 48 38
is_linear=0
shrinkage=0.05


Tree=157
num_leaves=31
num_cat=0
split_feature=5 10 9 5 8 5 11 11 2 10 7 7 11 9 10 7 5 6 8 8 9 9 6 7 6 5 10 8 8 5
split_gain=8.32504e+12 5.16896e+12 1.53726e+13 7.26488e+12 7.75255e+12 4.24739e+12 3.58602e+12 4.49738e+12 2.99023e+12 1.52629e+12 1.57722e+12 3.35042e+12 1.95461e+12 1.11125e+12 1.69987e+12 2.61733e+12 1.65384e+12 1.16521e+12 1.10629e+12 1.29716e+12 2.42246e+12 2.22789e+12 2.13718e+12 1.96217e+12 1.34266e+12 1.37903e+12 1.23958e+12 1.23448e+12 2.553e+12 9.80842e+11
threshold=3207800.0000000005 11874561.428571431 12012200.000000002 13026200.000000002 7995510.0000000009 12832500.000000002 11566941.833333334 9909900.0000000019 348.50000000000006 5764964.2857142864 10727235.000000002 14825500.000000002 8892930.0000000019 8601428.5714285728 8450095.0000000019 6533000.0000000009 9637750.0000000019 3685250.0000000005 12415000.000000002 7567500.0000000009 6744300.0000000009 6885646.42857143 9157335.0000000019 8907300.0000000019 6533000.0000000009 5142500.0000000009 6595270.3571428582 5100500.0000000009 1.0000000180025095e-35 4560000.0000000009
decision_type=2 2 2 2 2 2 2 2 2 2 2 2 2 2 2 2 2 2 2 2 2 2 2 2 2 2 2 2 2 2
left_child=-1 2 3 6 -5 -3 7 8 9 -2 13 12 -12 17 15 -15 -16 -11 19 20 24 -22 29 27 25 -19 -26 28 -23 -21
right_child=1 5 -4 4 -6 -7 -8 -9 -10 10 11 -13 -14 14 16 -17 -18 18 -20 22 21 23 -24 -25 26 -27 -28 -29 -30 -31
leaf_value=-44413.684712357957 21335.325039062503 -6012.929577636718 59310.106520774149 -55679.096028645814 2433.3723544034092 -47552.098750000005 26864.089471905052 -31345.301728959515 -20722.176966145835 12250.880234374999 36569.211621093738 -9216.7006911057688 8031.1644042968755 182.19329723011359 -10732.746729871964 34674.142301247339 11747.032552083334 -4022.6311079545458 -18400.112089843751 -13950.29859375 22419.150799005685 -5206.5379394531237 23512.665892537436 -22294.036317138671 6139.3191894531237 -25704.935919744319 -15420.89990234375 -4916.7626518698307 24481.739369419643 3397.3276633522728
leaf_weight=10.999999999999998 9.9999999999999982 16.000000000000004 10.999999999999998 12.000000000000002 10.999999999999998 9.9999999999999982 12.999999999999998 10.999999999999998 14.999999999999998 14.999999999999998 12.000000000000002 12.999999999999998 11.999999999999998 11.000000000000002 18 10.999999999999998 14.999999999999998 10.999999999999998 9.9999999999999982 9.9999999999999982 10.999999999999998 15.000000000000002 11.999999999999998 9.9999999999999982 15.000000000000002 22 11.999999999999998 34 13.999999999999998 44
leaf_count=11 10 16 11 12 11 10 13 11 15 15 12 13 12 11 18 11 15 11 10 10 11 15 12 10 15 22 12 34 14 44
internal_value=-1454.47 -370.639 1000.32 -607.223 -27886.2 -21989.5 1061.44 137.375 1121.21 2093.47 1505.03 11226.7 22300.2 264.681 6662.47 17428.2 -514.665 -1232.67 -2152.01 -1378.29 -4038.69 1442.22 4426.23 -1718.69 -11712 -18477.5 -3443 1547.24 9125.73 184.804
internal_weight=447 436 410 399 23 26 376 363 352 337 327 37 24 290 55 22 33 235 220 210 144 84 66 73 60 33 27 63 29 54
internal_count=447 436 410 399 23 26 376 363 352 337 327 37 24 290 55 22 33 235 220 210 144 84 66 73 60 33 27 63 29 54
is_linear=0
shrinkage=0.05


Tree=158
num_leaves=31
num_cat=0
split_feature=5 10 9 5 8 10 11 11 10 6 6 1 7 6 11 1 7 10 8 11 10 6 1 9 11 6 6 0 10 9
split_gain=7.51335e+12 4.66498e+12 1.38737e+13 6.55655e+12 6.99668e+12 4.08026e+12 3.23639e+12 4.05889e+12 1.51821e+12 1.22018e+12 2.31695e+12 1.56798e+12 1.7061e+12 2.19171e+12 3.15254e+12 2.14951e+12 1.89186e+12 3.0694e+12 1.61948e+12 1.29249e+12 2.89063e+12 1.40956e+12 2.26821e+12 2.5913e+12 1.28893e+12 1.2005e+12 1.13294e+12 1.02484e+12 1.43653e+12 1.58781e+12
threshold=3207800.0000000005 11874561.428571431 12012200.000000002 13026200.000000002 7995510.0000000009 12652509.642857146 11566941.833333334 9909900.0000000019 5764964.2857142864 3817075.0000000005 3280000.0000000005 11.500000000000002 7596300.0000000009 5559700.0000000009 7243910.666666667 7.5000000000000009 9673050.0000000019 8339706.0714285718 10417000.000000002 8496010.6666666679 8267596.0714285718 6683535.0000000009 9.5000000000000018 7597344.2857142864 7723700.833333334 4876250.0000000009 10752235.000000002 3.5000000000000004 6950032.8571428582 7580805.0000000009
decision_type=2 2 2 2 2 2 2 2 2 2 2 2 2 2 2 2 2 2 2 2 2 2 2 2 2 2 2 2 2 2
left_child=-1 2 3 6 -5 -3 7 8 -2 10 -10 12 18 -14 15 -15 24 -18 19 20 21 22 23 25 -16 -11 -19 28 -23 -30
right_child=1 5 -4 4 -6 -7 -8 -9 9 11 -12 -13 13 14 16 -17 17 26 -20 -21 -22 27 -24 -25 -26 -27 -28 -29 29 -31
leaf_value=-42193.00150479404 20268.557460937503 -45944.650703124986 56344.599431818177 -52895.14189453124 2311.7036177201708 -5230.9350036621099 25520.885832331733 -29778.036558948865 -1289.9000651041665 -8317.6250532670456 29780.906445312503 -13211.921990411933 -8250.8033650716152 38887.848665364574 2223.4796608664765 10496.545859375001 -23529.345582932696 13578.640483940973 13211.970305989584 -18482.002696010048 19027.884291294642 -16884.980773925781 10226.307404119318 2652.794716796875 25918.72077229818 -28139.075371093753 -5386.1943498883929 6975.0512467447916 17734.036249999994 -7987.3181901041671
leaf_weight=10.999999999999998 9.9999999999999982 10.000000000000002 10.999999999999998 12.000000000000002 10.999999999999998 15.999999999999998 12.999999999999998 10.999999999999998 15.000000000000002 10.999999999999998 9.9999999999999982 22 24 12.000000000000002 11.000000000000002 14.999999999999998 12.999999999999998 18 14.999999999999998 13.999999999999998 13.999999999999998 15.999999999999998 10.999999999999998 14.999999999999998 11.999999999999998 25 13.999999999999998 30 10.000000000000002 14.999999999999998
leaf_count=11 10 10 11 12 11 16 13 11 15 11 10 22 24 12 11 15 13 18 15 14 14 16 11 15 12 25 14 30 10 15
internal_value=-1381.75 -352.107 950.3 -576.862 -26491.9 -20890.1 1008.36 130.506 1065.15 503.645 11138.4 -335.06 625.248 5249.52 8660.13 23114.9 2920.74 -3041.62 -2501.39 -3965.37 -2582.83 -4857.65 -10366 -14807.4 14586.2 -22082.5 5281.53 -47.5713 -5186.08 2301.22
internal_weight=447 436 410 399 23 26 376 363 352 342 25 317 295 119 95 27 68 45 176 161 147 133 62 51 23 36 32 71 41 25
internal_count=447 436 410 399 23 26 376 363 352 342 25 317 295 119 95 27 68 45 176 161 147 133 62 51 23 36 32 71 41 25
is_linear=0
shrinkage=0.05


Tree=159
num_leaves=31
num_cat=0
split_feature=5 10 9 5 11 5 11 11 2 7 7 6 7 6 11 1 7 9 11 0 8 8 8 5 10 10 7 11 11 0
split_gain=6.7808e+12 4.21015e+12 1.25211e+13 5.98205e+12 6.38261e+12 3.75948e+12 2.94504e+12 3.63743e+12 2.49845e+12 1.33913e+12 2.61048e+12 6.40188e+12 2.22526e+12 1.62791e+12 2.98721e+12 1.9699e+12 1.95527e+12 1.28776e+12 2.92988e+12 1.49607e+12 1.26868e+12 1.62569e+12 1.57733e+12 1.38168e+12 9.14592e+11 8.44985e+11 1.34749e+12 1.30726e+12 1.54539e+12 9.39559e+11
threshold=3207800.0000000005 11874561.428571431 12012200.000000002 13294200.000000002 8058263.0000000009 12832500.000000002 11566941.833333334 9909900.0000000019 348.50000000000006 6905000.0000000009 7297000.0000000009 6457500.0000000009 7596300.0000000009 5559700.0000000009 7243910.666666667 7.5000000000000009 9742000.0000000019 8496214.2857142873 9243590.0000000019 2.5000000000000004 5100500.0000000009 10417000.000000002 3392550.0000000005 6905000.0000000009 9643228.2142857164 6630883.5714285718 4613000.0000000009 6943682.3333333349 7550486.8750000009 3.5000000000000004
decision_type=2 2 2 2 2 2 2 2 2 2 2 2 2 2 2 2 2 2 2 2 2 2 2 2 2 2 2 2 2 2
left_child=-1 2 3 6 -5 -3 7 8 9 20 11 -11 -12 16 15 -15 -14 19 24 -16 22 25 -2 -24 -19 26 -22 -27 -29 -30
right_child=1 5 -4 4 -6 -7 -8 -9 -10 10 12 -13 13 14 17 -17 -18 18 -20 -21 21 -23 23 -25 -26 27 -28 28 29 -31
leaf_value=-40083.351595791901 -3841.5700546875 -4814.5844238281243 53527.370845170459 1046.8165551757809 -55444.835156250003 -43895.103437500002 24244.840880408654 -28289.135378196021 -19065.212571614582 45639.249218749988 -15053.439874267578 -8528.9463476562505 -15930.354622395833 36943.45683593749 9579.6563267299116 10144.31116333008 10125.637548828126 10885.899033203123 -9672.8689778645839 -10693.671332256612 -11776.353152901786 9711.7522365993918 4912.8163143382344 28335.214140625001 32270.379140624998 -23374.745312500003 8666.8208052785776 3624.391633406929 -19143.350794566762 -659.36136718750004
leaf_weight=10.999999999999998 25 16.000000000000004 10.999999999999998 10.000000000000002 9.9999999999999982 9.9999999999999982 12.999999999999998 10.999999999999998 14.999999999999998 12.000000000000002 15.999999999999998 9.9999999999999982 18.000000000000004 12.000000000000002 13.999999999999998 15.999999999999998 11.999999999999998 10.000000000000002 11.999999999999998 26 13.999999999999998 18 17.000000000000004 9.9999999999999982 9.9999999999999982 13.999999999999998 19 23 22 9.9999999999999982
leaf_count=11 25 16 11 10 10 10 13 11 15 12 16 10 18 12 14 16 12 10 12 26 14 18 17 10 10 14 19 23 22 10
internal_value=-1312.66 -334.502 902.785 -548.019 -27199 -19845.6 858.366 27.699 905.122 1786.17 4961.23 21017.3 2541.81 4707.38 7771.99 21629.7 -5507.96 2382.89 9859.01 -3598.01 -1315.06 -4141.84 5208.28 13587.8 21578.1 -6586.59 -6.04087 -9733.81 -6261.57 -13367.1
internal_weight=447 436 410 399 20 26 379 366 355 340 168 22 146 130 100 28 30 72 32 40 172 120 52 27 20 102 33 69 55 32
internal_count=447 436 410 399 20 26 379 366 355 340 168 22 146 130 100 28 30 72 32 40 172 120 52 27 20 102 33 69 55 32
is_linear=0
shrinkage=0.05


Tree=160
num_leaves=31
num_cat=0
split_feature=5 2 7 5 11 5 11 5 8 8 7 9 5 6 2 9 6 7 11 6 5 7 7 6 11 7 11 6 8 1
split_gain=3.95824e+12 3.92399e+12 5.10693e+12 4.54772e+12 3.08792e+12 3.35778e+12 2.6338e+12 1.5249e+12 1.21281e+12 1.02501e+12 9.33911e+11 1.65315e+12 1.20714e+12 1.01715e+12 1.86814e+12 1.916e+12 5.73023e+12 1.66274e+12 2.07113e+12 1.32618e+12 1.5094e+12 7.75193e+11 9.92923e+11 7.12708e+11 1.32003e+12 1.27303e+12 1.03459e+12 9.18114e+11 1.73478e+12 8.04855e+11
threshold=3075750.0000000005 30.500000000000004 7995510.0000000009 16455800.000000002 11904506.500000002 13497000.000000002 11432317.833333334 10678300.000000002 5929500.0000000009 8288800.0000000009 3904000.0000000005 7142030.0000000009 7453500.0000000009 3564800.0000000005 342.50000000000006 6202457.1428571437 5873000.0000000009 7596300.0000000009 6819473.1666666679 9983000.0000000019 9467800.0000000019 10727235.000000002 6683535.0000000009 7995510.0000000009 7640314.8717948729 5072500.0000000009 7332356.7222222229 5457485.0000000009 5321500.0000000009 5.5000000000000009
decision_type=2 2 2 2 2 2 2 2 2 2 2 2 2 2 2 2 2 2 2 2 2 2 2 2 2 2 2 2 2 2
left_child=-1 2 -2 4 5 6 7 10 -9 -10 11 -3 -13 -12 15 16 -15 18 -18 23 21 22 -21 25 26 -17 -25 28 -27 -30
right_child=1 3 -4 -5 -6 -7 -8 8 9 -11 13 12 -14 14 -16 19 17 -19 -20 20 -22 -23 -24 24 -26 27 -28 -29 29 -31
leaf_value=31929.6175 -36737.430867004397 25439.567070312503 2619.6178538602944 28484.746928710942 -25686.633593750001 22262.078472222223 25432.375 3255.7129438920456 -27126.598763020826 -6460.4895009358734 -14082.563716947116 14148.857792968745 -8958.0364332932695 34646.443041992192 -17542.608511788505 -14671.530299479169 -25026.281072443177 14904.318652343751 5656.315984552557 8764.1034712357923 21667.898893229169 13276.59650390625 -10514.961842256434 -10691.909648980034 -22732.189615885418 -23236.322656250002 8261.5051595052082 4363.9280954071974 12373.193828124997 -6494.5935133713947
leaf_weight=9.9999999999999982 15.999999999999998 9.9999999999999982 17 14.999999999999998 10.999999999999998 18 9.9999999999999982 10.999999999999998 12.000000000000002 11.999999999999998 12.999999999999998 10.000000000000002 12.999999999999998 15.999999999999998 13.999999999999998 14.999999999999998 11.000000000000002 9.9999999999999982 10.999999999999998 11.000000000000002 11.999999999999998 9.9999999999999982 17 18.000000000000004 11.999999999999998 9.9999999999999982 11.999999999999998 66 10.000000000000002 12.999999999999998
leaf_count=10 16 10 17 15 11 18 10 11 12 12 13 10 13 16 14 15 11 10 11 11 12 10 17 18 12 10 12 66 10 13
internal_value=827.015 113.653 -16462.6 1471.01 426.667 1188.59 131.984 -592.955 -10492.3 -16793.5 510.48 8467.57 1088.44 -423.982 238.561 1218.63 10214.9 -2000.83 -9684.98 -877.601 6208.63 1326.76 -2941.04 -3148.83 -8716.73 -1097.5 -3110.54 959.174 -5850.33 1708.79
internal_weight=446 436 33 403 388 377 359 349 35 24 314 33 23 281 268 254 48 32 22 206 50 38 28 156 42 114 30 99 33 23
internal_count=446 436 33 403 388 377 359 349 35 24 314 33 23 281 268 254 48 32 22 206 50 38 28 156 42 114 30 99 33 23
is_linear=0
shrinkage=0.05


Tree=161
num_leaves=31
num_cat=0
split_feature=5 4 8 6 10 2 9 8 6 5 11 9 5 9 5 9 11 11 6 11 5 5 5 5 0 6 5 9 6 9
split_gain=3.57231e+12 5.30281e+12 9.27193e+12 2.65039e+12 2.3735e+12 1.48608e+12 2.34408e+12 2.47775e+12 1.14867e+12 4.49878e+12 2.07008e+12 1.70454e+12 1.31019e+12 2.51391e+12 1.51117e+12 1.15287e+12 1.14871e+12 2.16272e+12 1.6093e+12 9.32325e+11 9.42521e+11 3.71299e+12 1.82064e+12 2.35107e+12 9.41258e+11 9.06082e+11 8.68668e+11 2.19429e+12 9.22889e+11 6.75375e+11
threshold=3075750.0000000005 1.0000000180025095e-35 8715000.0000000019 3744200.0000000005 5896986.0714285728 357.50000000000006 11589428.571428573 7513800.0000000009 11568950.000000002 5708800.0000000009 8280714.166666667 10354842.85714286 13497000.000000002 9723144.2857142892 10437500.000000002 8331414.2857142864 8621354.1666666679 8280714.166666667 8066500.0000000009 7773976.3333333349 5803250.0000000009 5368200.0000000009 7323000.0000000009 6953135.0000000009 1.5000000000000002 3432750.0000000005 8806175.0000000019 6656307.1428571437 6243000.0000000009 7142030.0000000009
decision_type=2 2 2 2 2 2 2 2 2 2 2 2 2 2 2 2 2 2 2 2 2 2 2 2 2 2 2 2 2 2
left_child=-1 3 -3 25 -5 6 8 -8 12 -10 -11 -12 14 -14 16 -16 17 19 -18 20 21 24 23 -22 -6 -2 27 -24 -28 -26
right_child=1 2 -4 4 5 -7 7 -9 9 10 11 -13 13 -15 15 -17 18 -19 -20 -21 22 -23 26 -25 29 -27 28 -29 -30 -31
leaf_value=30333.132558593748 -9327.9991570723669 -5603.0833984374985 59586.139804687504 21822.431901041666 10790.538058035716 17335.510573508524 -33907.0041903409 -1053.9262369791666 -22594.0665625 -1640.9662760416668 37118.265071614573 10468.212247721356 28654.997646484368 -6798.5353417968763 -25798.94868607954 -5459.1025699013162 2400.745594889323 21922.13650346236 -19774.258062065972 -9881.6402734375006 -2787.2569532825105 30294.000748697919 -5733.6122146606449 -28119.667578125001 -97.283213227370695 -27922.129746093753 -14131.552416992185 19108.756425781252 4471.7647916666674 -14201.365519205729
leaf_weight=9.9999999999999982 19.000000000000004 12.000000000000002 9.9999999999999982 11.999999999999998 13.999999999999998 10.999999999999998 11.000000000000002 11.999999999999998 9.9999999999999982 11.999999999999998 12.000000000000002 11.999999999999998 10.000000000000002 9.9999999999999982 11.000000000000002 19 14.999999999999998 10.999999999999998 18 25 31 11.999999999999998 15.999999999999998 12.999999999999998 29 9.9999999999999982 12.000000000000002 20 14.999999999999998 11.999999999999998
leaf_count=10 19 12 10 12 14 11 11 12 10 12 12 12 10 10 11 19 15 11 18 25 31 12 16 13 29 10 12 20 15 12
internal_value=785.664 107.97 24028.4 -1163.16 -65.1848 -769.344 -1319.49 -16766.3 -271.48 7074.03 15315.2 23793.2 -1424.7 10928.2 -2329.68 -12917 -1022.59 340.167 -9694.71 -852.807 444.44 5094.89 -2467.53 -10271.8 -403.092 -15739.8 2983.1 8067.7 -3796.38 -4225.31
internal_weight=446 436 22 414 385 373 362 23 339 46 36 24 293 20 273 30 243 210 33 199 174 67 107 44 55 29 63 36 27 41
internal_count=446 436 22 414 385 373 362 23 339 46 36 24 293 20 273 30 243 210 33 199 174 67 107 44 55 29 63 36 27 41
is_linear=0
shrinkage=0.05


Tree=162
num_leaves=31
num_cat=0
split_feature=5 4 8 6 10 7 2 7 2 7 2 5 2 5 0 5 11 7 5 5 6 7 8 8 5 11 11 7 5 7
split_gain=3.22401e+12 4.78579e+12 8.36792e+12 2.39198e+12 2.14209e+12 1.46888e+12 2.08164e+12 3.64881e+12 1.6701e+12 1.44981e+12 1.32751e+12 9.14799e+11 3.12665e+12 1.32039e+12 2.30687e+12 1.06907e+12 2.56109e+12 1.10841e+12 2.16025e+12 1.87251e+12 1.45068e+12 1.8814e+12 1.4476e+12 1.13855e+12 1.56214e+12 1.09066e+12 1.25836e+12 1.72452e+12 7.25807e+11 8.03073e+11
threshold=3075750.0000000005 1.0000000180025095e-35 8715000.0000000019 3744200.0000000005 5896986.0714285728 3904000.0000000005 21.500000000000004 7995510.0000000009 180.50000000000003 5072500.0000000009 357.50000000000006 13497000.000000002 283.50000000000006 10678300.000000002 3.5000000000000004 9467800.0000000019 7671406.1666666679 6609500.0000000009 7383700.0000000009 6051000.0000000009 12440250.000000002 7432700.0000000009 6405800.0000000009 5485500.0000000009 5929500.0000000009 9080778.3333333358 8033114.166666667 8288800.0000000009 5559700.0000000009 5520450.0000000009
decision_type=2 2 2 2 2 2 2 2 2 2 2 2 2 2 2 2 2 2 2 2 2 2 2 2 2 2 2 2 2 2
left_child=-1 3 -3 9 -5 8 7 -7 -6 -2 11 13 -13 15 -15 17 -17 18 19 28 21 22 -19 24 -23 26 27 -25 29 -8
right_child=1 2 -4 4 5 6 10 -9 -10 -11 -12 12 -14 14 -16 16 -18 20 -20 -21 -22 23 -24 25 -26 -27 -28 -29 -30 -31
leaf_value=28816.477451171879 -651.79025656960209 -5322.9274739583325 56606.835390624998 20731.309667968751 26615.11746093749 -36973.069247159081 -7228.7897363281263 2894.786295572917 1370.8015522203948 -23692.273513454864 16468.735138494318 27470.325270774141 -10228.529829545456 -26768.815345110215 -20.399187911184214 -9456.2520241477232 22307.136197916669 -29806.060859374989 15811.975315259851 -17509.936166992189 -19756.832868303572 19047.179833984377 -5555.5179378509529 11425.383293805804 -2719.9977424172794 6945.7398572419816 -21262.132299804689 -10067.027645438058 13419.208317057291 8734.3264573317319
leaf_weight=9.9999999999999982 11.000000000000002 12.000000000000002 9.9999999999999982 11.999999999999998 10.000000000000002 11.000000000000002 20 11.999999999999998 19 18 10.999999999999998 11.000000000000002 10.999999999999998 13.999999999999998 19 11.000000000000002 14.999999999999998 10.000000000000002 23 14.999999999999998 13.999999999999998 15.999999999999998 15.999999999999998 13.999999999999998 17 19 11.999999999999998 28 11.999999999999998 12.999999999999998
leaf_count=10 11 12 10 12 10 11 20 12 19 18 11 11 11 14 19 11 15 10 23 15 14 16 16 14 17 19 12 28 12 13
internal_value=746.381 102.572 22827 -1105 -61.9256 -730.877 -1641.9 -16172.4 10075.7 -14952.8 -600.77 -1206.46 8620.9 -1957.16 -11368.2 -739.263 8868.78 -1830.13 2783.46 -2210.8 -4452.93 -2829.79 -14882.6 126.575 7833.79 -3357.51 -6982.72 -2902.89 2888.91 -940.289
internal_weight=446 436 22 414 385 373 344 23 29 29 321 310 22 288 33 255 26 229 83 60 146 132 26 106 33 73 54 42 45 33
internal_count=446 436 22 414 385 373 344 23 29 29 321 310 22 288 33 255 26 229 83 60 146 132 26 106 33 73 54 42 45 33
is_linear=0
shrinkage=0.05


Tree=163
num_leaves=31
num_cat=0
split_feature=5 4 2 8 9 11 10 8 8 7 9 2 7 11 5 5 6 0 7 7 0 8 11 6 5 6 0 7 7 8
split_gain=2.90967e+12 4.31917e+12 8.2922e+12 2.35815e+12 2.71375e+12 2.47397e+12 1.62231e+12 1.47065e+12 1.02457e+12 1.69983e+12 1.59306e+12 1.56628e+12 1.19335e+12 1.72084e+12 1.30226e+12 1.43134e+12 1.37799e+12 1.05708e+12 1.1888e+12 2.46085e+12 1.9609e+12 1.0346e+12 9.08294e+11 9.09208e+11 1.00256e+12 9.93947e+11 8.43158e+11 8.19638e+11 9.67232e+11 1.32684e+12
threshold=3075750.0000000005 1.0000000180025095e-35 316.50000000000006 19172550.000000004 12333087.142857146 11691915.66666667 5764964.2857142864 12556000.000000002 10727235.000000002 12695000.000000002 8731217.8571428601 183.50000000000003 6120285.0000000009 8280714.166666667 9422500.0000000019 8210075.0000000009 4405000.0000000009 1.0000000180025095e-35 7791050.0000000009 8066500.0000000009 5.5000000000000009 4658000.0000000009 7637292.8333333349 9237500.0000000019 5344000.0000000009 6953135.0000000009 2.5000000000000004 8606400.0000000019 10576250.000000002 5485500.0000000009
decision_type=2 2 2 2 2 2 2 2 2 2 2 2 2 2 2 2 2 2 2 2 2 2 2 2 2 2 2 2 2 2
left_child=-1 3 -3 4 5 6 -2 8 9 12 -10 -11 13 14 15 16 -8 -14 20 -20 21 -19 23 24 -18 -26 -21 -28 29 -29
right_child=1 2 -4 -5 -6 -7 7 -9 10 11 -12 -13 17 -15 -16 -17 22 18 19 26 -22 -23 -24 -25 25 -27 27 28 -30 -31
leaf_value=27375.655732421874 19547.931015624999 52382.438494318165 -9011.2086647727283 -23890.554651988637 -19401.968706597221 21093.745926339288 -18078.100405273439 12309.495283203127 2103.9586035156244 -2720.4986328124992 -25470.055601917615 23600.172562349762 -16120.054799397789 15621.642084703948 -12577.895741673521 17172.244411057694 -7820.9333237591918 -18219.089026988637 22579.109077592333 6477.987036132813 -27696.798135653415 -1035.1406743958939 -9917.9494591346156 17617.964311079544 18143.434277343746 -2664.4830788352274 -18677.975078125 14018.954987980769 -14660.466887019233 -5965.6575152853266
leaf_weight=9.9999999999999982 9.9999999999999982 11.000000000000002 10.999999999999998 10.999999999999998 18 13.999999999999998 9.9999999999999982 20 10.000000000000002 10.000000000000002 10.999999999999998 12.999999999999998 18 19 19 12.999999999999998 17 10.999999999999998 10.999999999999998 19 10.999999999999998 43 12.999999999999998 10.999999999999998 12.000000000000002 10.999999999999998 9.9999999999999982 12.999999999999998 12.999999999999998 23
leaf_count=10 10 11 11 11 18 14 10 20 10 10 11 13 18 19 19 13 17 11 11 19 11 43 13 11 12 11 10 13 13 23
internal_value=709.062 97.443 21685.6 -1049.75 -426.308 460.865 -317.734 -868.029 -1640.9 -938.805 -12339.6 12156.4 -1952.91 1764.88 -718.883 1871.02 -817.037 -4654.79 -3314.7 439.578 -8455.17 -4535.57 1880 4887.33 1386.4 8191.82 -2682.66 -5632.7 -2970.4 1251.01
internal_weight=446 436 22 414 403 385 371 361 341 320 21 23 297 125 106 87 74 172 154 89 65 54 64 51 40 23 78 59 49 36
internal_count=446 436 22 414 403 385 371 361 341 320 21 23 297 125 106 87 74 172 154 89 65 54 64 51 40 23 78 59 49 36
is_linear=0
shrinkage=0.05


Tree=164
num_leaves=31
num_cat=0
split_feature=6 5 5 2 4 7 10 5 8 8 5 10 10 11 0 7 5 7 10 11 11 2 10 10 2 9 11 11 9 8
split_gain=2.70269e+12 4.50688e+12 4.3151e+12 3.69679e+12 4.55772e+12 3.89519e+12 1.30742e+12 1.29237e+12 1.6149e+12 1.14657e+12 1.00772e+12 9.42335e+11 2.72212e+12 8.69943e+11 8.90791e+11 1.44139e+12 1.36216e+12 1.31313e+12 1.72824e+12 1.61034e+12 1.59097e+12 1.20516e+12 9.93919e+11 1.37877e+12 9.23162e+11 7.21477e+11 9.44867e+11 1.07166e+12 8.25003e+11 9.88041e+11
threshold=3564800.0000000005 18678800.000000004 3280000.0000000005 30.500000000000004 1.0000000180025095e-35 7995510.0000000009 5835603.5714285718 13497000.000000002 9673050.0000000019 6145050.0000000009 12440250.000000002 11577390.000000002 10302256.071428573 9652651.6666666698 5.5000000000000009 12891300.000000002 9037500.0000000019 9271250.0000000019 9670582.1428571437 8280714.166666667 7598871.5000000009 275.50000000000006 8164394.6428571446 7943010.7142857155 213.50000000000003 7025512.1428571446 7033363.8333333349 7291353.0000000009 6701426.42857143 5767650.0000000009
decision_type=2 2 2 2 2 2 2 2 2 2 2 2 2 2 2 2 2 2 2 2 2 2 2 2 2 2 2 2 2 2
left_child=9 2 -2 5 6 -4 -5 10 -9 -1 11 12 13 14 15 17 24 18 19 22 -19 -21 23 25 -16 28 -27 -28 29 -8
right_child=1 -3 3 4 -6 -7 7 8 -10 -11 -12 -13 -14 -15 16 -17 -18 20 -20 21 -22 -23 -24 -25 -26 26 27 -29 -30 -31
leaf_value=-4730.5675781249984 31743.030184659088 34825.325312499997 -33744.195532226557 18195.749326171874 31703.917936197919 1721.5824479166668 -7439.6389950706844 25128.945543323858 -1964.2926136363637 -25351.887274639423 -16566.844736328127 11785.216975911459 -25468.097940340911 14365.247299804687 -5053.3017903645823 17341.830118815105 5772.3377197265627 -22319.040806361609 -17986.010640092332 28004.957187499993 -1109.9004475911458 4021.8580965909091 -9711.1556640625004 19197.093323863635 -24665.821232096354 -14373.342630208334 14485.848469238281 -4675.1623923972802 14818.176679338729 5897.1672053639486
leaf_weight=14.000000000000002 10.999999999999998 9.9999999999999982 16.000000000000004 9.9999999999999982 11.999999999999998 14.999999999999998 21 11.000000000000002 10.999999999999998 12.999999999999998 9.9999999999999982 14.999999999999998 10.999999999999998 9.9999999999999982 12.000000000000002 11.999999999999998 11.999999999999998 13.999999999999998 10.999999999999998 10.000000000000002 24 10.999999999999998 20 10.999999999999998 11.999999999999998 14.999999999999998 9.9999999999999982 27 13.999999999999998 41
leaf_count=14 11 10 16 10 12 15 21 11 11 13 10 15 11 10 12 12 12 14 11 10 24 11 20 11 12 15 10 27 14 41
internal_value=673.609 1661.65 850.804 -3.00117 1397.52 -16583.3 373.076 -143.523 11582.3 -14659.4 -942.188 -442.998 -1058.51 -122.953 -645.993 449.882 -7982.26 -435.286 1253.53 2429.28 -8923.79 15442.4 710.565 2210.09 -14859.6 750.272 -3787.9 503.489 3855.34 1379.86
internal_weight=446 419 409 398 367 31 355 345 22 27 323 313 298 287 277 241 36 229 191 180 38 21 159 139 24 128 52 37 76 62
internal_count=446 419 409 398 367 31 355 345 22 27 323 313 298 287 277 241 36 229 191 180 38 21 159 139 24 128 52 37 76 62
is_linear=0
shrinkage=0.05


Tree=165
num_leaves=31
num_cat=0
split_feature=2 5 2 7 7 2 7 9 9 10 5 2 7 9 2 5 6 11 10 6 5 6 2 5 9 2 9 8 2 6
split_gain=6.68132e+12 1.39422e+13 8.89656e+12 4.52935e+12 1.77398e+13 6.33847e+12 3.93204e+12 2.73519e+12 1.06985e+13 2.10525e+12 3.31775e+12 3.02913e+12 2.00013e+12 1.98414e+12 1.90279e+12 1.68215e+12 1.64278e+12 1.56009e+12 2.316e+12 1.45439e+12 1.21381e+12 1.34356e+12 1.32251e+12 1.03011e+12 1.0235e+12 9.15893e+11 7.31932e+11 6.01894e+11 8.52776e+11 5.42735e+11
threshold=316.50000000000006 14614885.000000002 309.50000000000006 6145050.0000000009 6405800.0000000009 30.500000000000004 10306825.000000002 5596771.42857143 6202457.1428571437 9998980.3571428601 10784000.000000002 281.50000000000006 6812825.0000000009 6395544.2857142864 332.50000000000006 4613000.0000000009 10820000.000000002 11124899.166666668 8679777.1428571437 7662375.0000000009 7415750.0000000009 9157335.0000000019 201.50000000000003 11504000.000000002 5935285.7142857155 129.50000000000003 6686014.2857142864 9358585.0000000019 129.50000000000003 5211500.0000000009
decision_type=2 2 2 2 2 2 2 2 2 2 2 2 2 2 2 2 2 2 2 2 2 2 2 2 2 2 2 2 2 2
left_child=2 6 3 5 -5 -1 17 -6 -9 10 11 12 -10 24 -8 -14 19 18 -2 26 21 -17 25 -11 -7 -22 -15 28 -28 -30
right_child=1 -3 -4 4 7 13 14 8 9 23 -12 -13 15 16 -16 20 -18 -19 -20 -21 22 -23 -24 -25 -26 -27 27 -29 29 -31
leaf_value=-39643.263161057694 7935.6388355928302 -66225.767897727274 46338.764435369318 70265.628769531249 -21122.784521484376 -3590.2714843749995 -39601.101796874987 51340.072940340913 -22595.649769176136 -4640.0484570312492 24265.911843872072 23130.153185096155 -16445.199039132258 9950.1289438100976 -8756.4449999999997 1765.0381944739302 -17653.093963068182 14381.214384191178 -19526.355461774554 15064.533480674343 -7967.952968749998 18215.040375114892 -17304.989383370539 -25357.47768173218 -22907.388024902346 13431.7370703125 -18796.91017578125 7071.1085937500002 -9295.3290318080344 3998.6856351964616
leaf_weight=12.999999999999998 17.000000000000004 10.999999999999998 10.999999999999998 9.9999999999999982 11.999999999999998 12.000000000000002 10.000000000000002 10.999999999999998 10.999999999999998 15.000000000000002 15.999999999999998 12.999999999999998 13.999999999999998 12.999999999999998 9.9999999999999982 46 10.999999999999998 17 13.999999999999998 19 10.000000000000002 17 13.999999999999998 9.9999999999999982 15.999999999999998 9.9999999999999982 9.9999999999999982 10.999999999999998 14.000000000000002 17
leaf_count=13 17 11 11 10 12 12 10 11 11 15 16 13 14 13 10 46 11 17 14 19 10 17 14 10 16 10 10 11 14 17
internal_value=-846.215 -14000.5 2072.86 661.482 5282.9 -6440.54 -5552.32 2017.43 3502.37 512.509 2737.6 186.093 -2258.77 -2931.31 -24178.8 -243.4 516.315 2208.7 -4466.55 2895.64 2095 6203.93 -5518.59 -12927 -14628.6 2731.89 -661.418 -3314.3 -6100.64 -2005.06
internal_weight=435 79 356 345 209 136 68 199 187 176 151 135 122 123 20 111 95 48 31 84 97 63 34 25 28 20 65 52 41 31
internal_count=435 79 356 345 209 136 68 199 187 176 151 135 122 123 20 111 95 48 31 84 97 63 34 25 28 20 65 52 41 31
is_linear=0
shrinkage=0.05


Tree=166
num_leaves=31
num_cat=0
split_feature=2 5 2 7 7 2 7 9 9 10 5 2 7 9 2 5 6 11 10 6 5 6 2 2 9 2 9 6 6 7
split_gain=6.02989e+12 1.25829e+13 8.02915e+12 4.08774e+12 1.60102e+13 5.72047e+12 3.54867e+12 2.46851e+12 9.65538e+12 1.89999e+12 2.99427e+12 2.73379e+12 1.80512e+12 1.79068e+12 1.71726e+12 1.51814e+12 1.48261e+12 1.40798e+12 2.09019e+12 1.31259e+12 1.09546e+12 1.21257e+12 1.19357e+12 9.84734e+11 9.23709e+11 8.26594e+11 6.60569e+11 5.2459e+11 1.17051e+12 5.18159e+11
threshold=316.50000000000006 14614885.000000002 309.50000000000006 6145050.0000000009 6405800.0000000009 30.500000000000004 10306825.000000002 5596771.42857143 6202457.1428571437 9998980.3571428601 10784000.000000002 281.50000000000006 6812825.0000000009 6395544.2857142864 332.50000000000006 4613000.0000000009 10820000.000000002 11124899.166666668 8679777.1428571437 7662375.0000000009 7415750.0000000009 9157335.0000000019 201.50000000000003 261.50000000000006 5935285.7142857155 129.50000000000003 6686014.2857142864 7198000.0000000009 5580500.0000000009 3263000.0000000005
decision_type=2 2 2 2 2 2 2 2 2 2 2 2 2 2 2 2 2 2 2 2 2 2 2 2 2 2 2 2 2 2
left_child=2 6 3 5 -5 -1 17 -6 -9 10 11 12 -10 24 -8 -14 19 18 -2 26 21 27 25 -11 -7 -22 -15 28 -17 -28
right_child=1 -3 -4 4 7 13 14 8 9 23 -12 -13 15 16 -16 20 -18 -19 -20 -21 22 -23 -24 -25 -26 -27 29 -29 -30 -31
leaf_value=-37661.102403846155 7538.8572279986201 -62914.479332386371 44021.825519353697 66752.344985351563 -20066.645442708337 -3410.7575195312493 -37621.045576171862 48773.069870515305 -21465.867400568182 -4178.2660156249995 23052.615672302247 21973.645252403847 -15622.939578683037 9452.6225266676684 -8318.623046875 -4643.4015779622387 -16770.44012784091 13662.153102022061 -18550.037965611049 14311.306927490235 -7569.5554687499971 17304.287856158087 -16439.739648437502 -24434.275000000001 -21762.018612670901 12760.149843750001 5496.3184495192309 -5999.2370084635422 14798.234350585939 -6030.225904259315
leaf_weight=12.999999999999998 17.000000000000004 10.999999999999998 10.999999999999998 9.9999999999999982 11.999999999999998 12.000000000000002 10.000000000000002 10.999999999999998 10.999999999999998 15.000000000000002 15.999999999999998 12.999999999999998 13.999999999999998 12.999999999999998 9.9999999999999982 15.000000000000002 10.999999999999998 17 13.999999999999998 19 10.000000000000002 17 13.999999999999998 9.9999999999999982 15.999999999999998 9.9999999999999982 12.999999999999998 14.999999999999998 15.999999999999998 39
leaf_count=13 17 11 11 10 12 12 10 11 11 15 16 13 14 13 10 15 11 17 14 19 10 17 14 10 16 10 13 15 16 39
internal_value=-803.905 -13300.5 1969.22 628.408 5018.75 -6118.52 -5274.71 1916.56 3327.25 486.883 2600.72 176.788 -2145.83 -2784.75 -22969.8 -231.23 490.499 2098.26 -4243.22 2750.86 1990.25 5893.73 -5242.66 -12280.7 -13897.2 2595.3 -628.347 1676.79 5390.99 -3148.59
internal_weight=435 79 356 345 209 136 68 199 187 176 151 135 122 123 20 111 95 48 31 84 97 63 34 25 28 20 65 46 31 52
internal_count=435 79 356 345 209 136 68 199 187 176 151 135 122 123 20 111 95 48 31 84 97 63 34 25 28 20 65 46 31 52
is_linear=0
shrinkage=0.05


Tree=167
num_leaves=31
num_cat=0
split_feature=2 5 2 7 5 7 10 7 10 11 7 9 9 11 11 1 1 2 2 11 7 9 9 11 7 6 8 2 8 7
split_gain=5.44198e+12 1.1356e+13 7.26941e+12 3.52356e+12 9.44415e+12 6.42878e+12 7.36092e+12 3.20267e+12 2.99165e+12 2.27169e+12 2.64902e+12 2.18938e+12 5.79515e+12 2.18217e+12 3.49214e+12 1.98704e+12 1.93013e+12 1.54983e+12 1.41098e+12 1.31823e+12 1.42911e+12 1.30399e+12 2.48085e+12 1.25805e+12 1.05726e+12 1.98618e+12 1.57894e+12 1.48957e+12 1.02943e+12 7.8685e+11
threshold=316.50000000000006 14614885.000000002 307.50000000000006 5838300.0000000009 3341800.0000000005 5408200.0000000009 7690664.2857142864 10306825.000000002 8101364.2857142864 9243590.0000000019 7017600.0000000009 5845521.42857143 6285101.42857143 7665548.0000000009 8014715.3333333349 7.5000000000000009 6.5000000000000009 332.50000000000006 263.50000000000006 7399793.166666667 7791050.0000000009 11589428.571428573 9436694.2857142892 8892930.0000000019 3432750.0000000005 6754300.0000000009 6812825.0000000009 201.50000000000003 6812825.0000000009 6051000.0000000009
decision_type=2 2 2 2 2 2 2 2 2 2 2 2 2 2 2 2 2 2 2 2 2 2 2 2 2 2 2 2 2 2
left_child=2 7 3 5 -5 8 -7 21 24 10 15 -12 -13 19 -15 29 -10 -9 -11 20 -14 22 -2 -16 -1 26 -26 -28 -22 -6
right_child=1 -3 -4 4 9 6 -8 17 16 18 11 12 13 14 23 -17 -18 -19 -20 -21 28 -23 -24 -25 25 -27 27 -29 -30 -31
leaf_value=3310.0731062455616 -2144.3684020996093 -59768.755610795459 35937.14588541667 49166.852166193188 679.9421289062501 -3562.0477272727267 -62834.034804687501 -35739.99363281249 31508.024414062489 -2586.9136939639138 -14669.576289062499 44255.652237215916 -8586.66172688802 40739.869375000002 574.46961696458902 9510.4605995178226 442.52476562499999 -7902.6917968750004 -24079.454361979166 -8972.6369954427082 21624.064292689727 -10230.230455729166 26937.305775035511 21817.255742187503 -28737.854277343751 4790.1660552978519 -20923.362529296868 6367.3699023437503 2449.7246372767859 -15584.87613820043
leaf_weight=22 22 10.999999999999998 14.999999999999998 10.999999999999998 9.9999999999999982 11.000000000000002 9.9999999999999982 10.000000000000002 10.000000000000002 21 9.9999999999999982 10.999999999999998 11.999999999999998 9.9999999999999982 23 15.999999999999998 9.9999999999999982 9.9999999999999982 11.999999999999998 24 14.000000000000002 14.999999999999998 10.999999999999998 9.9999999999999982 14.999999999999998 15.999999999999998 10.000000000000002 9.9999999999999982 13.999999999999998 29
leaf_count=22 22 11 15 11 10 11 10 10 10 21 10 11 12 10 23 16 10 10 12 24 14 15 11 10 15 16 10 10 14 29
internal_value=-763.71 -12635.5 1870.75 372.233 3974.06 -6799.83 -31786.8 -5010.97 -1157.61 1672.58 3850.03 7793.36 9697 6144.24 14855.4 -5327.17 15975.3 -21821.3 -10402.4 291.403 5849.83 1993.35 7549.52 7011.68 -5851.55 -9803.63 -16475.1 -7278 12036.9 -11414.4
internal_weight=435 79 356 341 227 114 21 68 93 216 183 128 118 107 43 55 20 20 33 64 40 48 33 33 73 51 35 20 28 39
internal_count=435 79 356 341 227 114 21 68 93 216 183 128 118 107 43 55 20 20 33 64 40 48 33 33 73 51 35 20 28 39
is_linear=0
shrinkage=0.05


Tree=168
num_leaves=31
num_cat=0
split_feature=2 5 2 5 5 8 2 2 2 6 2 6 9 0 5 0 6 6 11 10 11 5 6 9 10 10 10 11 11 9
split_gain=4.91139e+12 1.02488e+13 6.64157e+12 3.20798e+12 2.83309e+12 1.7084e+12 1.63712e+12 1.97723e+12 1.76091e+12 2.58937e+12 1.57059e+12 1.42128e+12 1.85441e+12 3.12494e+12 2.58651e+12 2.20799e+12 4.15764e+12 1.78392e+12 2.0729e+12 1.05857e+12 9.61413e+11 1.64506e+12 2.36985e+12 9.52506e+11 1.16362e+12 8.40128e+11 7.83379e+11 1.69153e+12 6.58626e+11 6.13338e+11
threshold=316.50000000000006 14614885.000000002 309.50000000000006 15311000.000000002 3207800.0000000005 10671075.000000002 332.50000000000006 325.50000000000006 345.50000000000006 8998160.0000000019 265.50000000000006 13798750.000000002 8090142.8571428573 1.5000000000000002 10330575.000000002 4.5000000000000009 6457500.0000000009 10060700.000000002 9243590.0000000019 8253410.7142857155 6943682.3333333349 6905000.0000000009 5321500.0000000009 6492750.0000000009 6958314.2857142864 7226263.92857143 7792694.444444445 8191310.166666667 7900603.833333334 6774835.7142857155
decision_type=2 2 2 2 2 2 2 2 2 2 2 2 2 2 2 2 2 2 2 2 2 2 2 2 2 2 2 2 2 2
left_child=2 6 3 4 -1 11 7 -2 -8 -10 28 12 14 -14 15 20 -17 19 -19 -15 21 22 -6 -22 -25 29 -26 -28 -7 -18
right_child=1 -3 -4 -5 5 10 8 -9 9 -11 -12 -13 13 17 -16 16 25 18 -20 -21 23 -23 -24 24 26 -27 27 -29 -30 -31
leaf_value=27603.919482421876 -3453.9974739583326 -56780.317826704544 40023.877343750006 -27348.313981933596 -28592.323151041666 -9903.196235795449 17417.838500976562 -32156.716249999998 -18253.906157908717 10783.624051339286 5729.4279296875002 -15091.36756184896 28736.264501953126 10868.661980646308 -20769.407017299109 34576.417698317309 2057.4272570800781 30735.671590909085 39.914275568181822 -7347.779732644969 15095.432324218751 5031.623573133681 -2301.540460205078 -14223.612919029823 7691.9193753150212 -7720.8295132432677 -15732.53180803571 10468.60067471591 -27632.953125 17223.235174903872
leaf_weight=9.9999999999999982 15.000000000000002 10.999999999999998 10.999999999999998 9.9999999999999982 14.999999999999998 11.000000000000005 11.999999999999998 9.9999999999999982 17.000000000000004 13.999999999999998 9.9999999999999982 11.999999999999998 15.999999999999998 10.999999999999998 13.999999999999998 12.999999999999998 20.000000000000004 11.000000000000002 10.999999999999998 29 10.999999999999998 18 20 12.999999999999998 31 13.999999999999998 14.000000000000002 10.999999999999998 9.9999999999999982 9.9999999999999982
leaf_count=10 15 11 11 10 15 11 12 10 17 14 10 12 16 11 14 13 20 11 11 29 11 18 20 13 31 14 14 11 10 10
internal_value=-725.524 -12003.7 1777.22 557.758 1390.78 584.217 -4760.42 -14935.1 1155.08 -5140.18 -10579.7 1761.36 2478.5 9035.66 -28.6469 1499.62 9733.03 3951.63 15387.8 -2338.26 -2028.98 -7251.82 -13569 1431.14 -747.222 2392.94 2381.23 -4204.03 -18345.9 7112.7
internal_weight=435 79 356 345 335 325 68 25 43 31 31 294 282 78 204 190 57 62 22 40 133 53 35 80 69 44 56 25 21 30
internal_count=435 79 356 345 335 325 68 25 43 31 31 294 282 78 204 190 57 62 22 40 133 53 35 80 69 44 56 25 21 30
is_linear=0
shrinkage=0.05


Tree=169
num_leaves=31
num_cat=0
split_feature=2 5 2 7 7 2 7 5 11 8 10 6 10 5 5 8 8 9 5 5 8 5 11 10 6 7 6 8 8 7
split_gain=4.43253e+12 9.24955e+12 5.99401e+12 3.33997e+12 1.44225e+13 5.00925e+12 2.71836e+12 2.51344e+12 2.929e+12 4.71605e+12 2.28066e+12 2.41876e+12 3.05188e+12 2.58414e+12 2.71443e+12 1.57953e+12 2.20325e+12 1.51184e+12 1.43595e+12 1.29408e+12 1.24293e+12 2.29671e+12 1.20243e+12 1.84722e+12 1.05856e+12 9.26331e+11 9.00371e+11 6.79243e+11 8.73511e+11 8.57131e+11
threshold=316.50000000000006 14614885.000000002 309.50000000000006 6145050.0000000009 6405800.0000000009 30.500000000000004 10306825.000000002 3452535.0000000005 6631289.833333334 6168000.0000000009 6223298.92857143 4371750.0000000009 9998980.3571428601 10784000.000000002 8678000.0000000019 9187935.0000000019 6120285.0000000009 6395544.2857142864 10727235.000000002 8998160.0000000019 8022050.0000000009 6575025.0000000009 11124899.166666668 8679777.1428571437 8210075.0000000009 5142500.0000000009 5211500.0000000009 5457485.0000000009 6303000.0000000009 8458500.0000000019
decision_type=2 2 2 2 2 2 2 2 2 2 2 2 2 2 2 2 2 2 2 2 2 2 2 2 2 2 2 2 2 2
left_child=2 6 3 5 -5 -1 22 -6 9 -9 -10 -12 13 14 20 16 26 -18 -14 -8 27 -22 23 -2 -16 -19 -7 29 -29 -13
right_child=1 -3 -4 4 7 15 19 8 10 -11 11 12 18 -15 24 -17 17 25 -20 -21 21 -23 -24 -25 -26 -27 -28 28 -30 -31
leaf_value=-35085.485426682695 7146.4223029641544 -53941.303000710235 38022.683558238634 63091.066816406259 -22875.12173828125 -8496.4360064338234 -32728.164687499986 45220.031093749989 -22455.5727734375 -3339.4801025390625 23746.16853027344 17145.136248224426 -4780.796235795453 22116.117723083498 -26262.745241477267 10409.199016113282 -27077.637629045763 -16319.926157924103 -30959.829980468752 -7291.1615502929699 -1173.1524518694193 27466.947795758926 12617.127274816177 -17379.311968994141 -3785.5543359375001 1563.1572526041668 5096.011418400255 -16614.533007812501 870.57536718749998 -1230.3308463541669
leaf_weight=12.999999999999998 17.000000000000004 10.999999999999998 10.999999999999998 9.9999999999999982 9.9999999999999982 17 10.000000000000002 10.000000000000002 9.9999999999999982 9.9999999999999982 11.999999999999998 11.000000000000002 11.000000000000002 15.999999999999998 11.000000000000002 20 13.999999999999998 14.000000000000002 9.9999999999999982 9.9999999999999982 14.000000000000002 13.999999999999998 17 13.999999999999998 9.9999999999999982 14.999999999999998 43 9.9999999999999982 25 14.999999999999998
leaf_count=13 17 11 11 10 10 17 10 10 10 10 12 11 11 16 11 20 14 14 10 10 14 14 17 14 10 15 43 10 25 15
internal_value=-689.248 -11403.5 1688.36 529.87 4498.38 -5568.8 -4522.4 1554.03 2846.57 20940.3 705.308 2161.97 399.992 3341.16 610.254 -2449.15 -4945.92 -13584.2 -17247 -20009.7 4425.55 13146.9 1930.62 -3929.72 -15559.3 -7070.06 1244.82 422.305 -4125.17 6543.91
internal_weight=435 79 356 345 209 136 68 199 189 20 169 159 147 126 110 123 103 43 21 20 89 28 48 31 21 29 60 61 35 26
internal_count=435 79 356 345 209 136 68 199 189 20 169 159 147 126 110 123 103 43 21 20 89 28 48 31 21 29 60 61 35 26
is_linear=0
shrinkage=0.05


Tree=170
num_leaves=31
num_cat=0
split_feature=5 0 10 5 5 10 10 8 8 6 11 2 2 9 10 2 5 5 6 2 10 0 11 8 5 8 10 11 11 11
split_gain=9.15317e+12 3.98158e+12 1.1873e+13 9.82439e+12 3.3339e+12 3.46355e+12 2.89231e+12 5.36864e+12 2.85069e+12 2.37324e+12 2.31285e+12 1.59846e+12 1.99063e+12 1.39129e+12 2.62121e+12 3.57194e+12 1.34542e+12 1.30866e+12 1.2188e+12 1.21033e+12 9.25879e+11 1.00049e+12 1.78321e+12 1.4926e+12 1.32719e+12 1.23404e+12 6.73347e+11 6.11618e+11 1.28067e+12 1.76835e+12
threshold=3207800.0000000005 5.5000000000000009 9774853.5714285728 16455800.000000002 6953135.0000000009 8210817.8571428582 10781956.785714289 9523725.0000000019 5898500.0000000009 7651000.0000000009 10018076.66666667 345.50000000000006 327.50000000000006 8157835.7142857155 9729565.0000000019 221.50000000000003 10437500.000000002 9491225.0000000019 8530000.0000000019 253.50000000000003 5896986.0714285728 3.5000000000000004 6693446.3333333349 3106550.0000000005 4460000.0000000009 4658000.0000000009 6819388.2142857155 7361479.8333333349 6943682.3333333349 6641296.166666667
decision_type=2 2 2 2 2 2 2 2 2 2 2 2 2 2 2 2 2 2 2 2 2 2 2 2 2 2 2 2 2 2
left_child=-1 3 4 6 -3 8 10 -8 -6 -10 11 12 13 16 15 18 20 -16 -15 -17 -2 23 -23 -22 -25 -24 -27 28 29 -26
right_child=1 2 -4 -5 5 -7 7 -9 9 -11 -12 -13 -14 14 17 19 -18 -19 -20 -21 21 22 25 24 27 26 -28 -29 -30 -31
leaf_value=43942.259147135424 -15684.866139914775 -21296.118302408853 61210.989843750001 -51180.915498046874 -3559.4423177083336 -17431.050351562499 7353.4357700892842 -34457.943962545956 44725.909902343737 11745.109472656251 24068.905253906254 -15754.512586021425 21341.089817116477 -7023.711758700284 -20536.042065429683 38297.888828124989 -19535.572793856536 1965.6216831752236 11459.578463541668 16123.673046875001 11625.934687500001 18289.202378216913 -16226.687890625 -18041.434800091913 1889.6279518821023 -5625.0978515625002 9222.1600051153273 -8117.8384358723961 7770.8237224710392 -21971.528674316407
leaf_weight=11.999999999999998 10.999999999999998 11.999999999999998 9.9999999999999982 9.9999999999999982 11.999999999999998 9.9999999999999982 14.000000000000002 17 10.000000000000002 11.999999999999998 9.9999999999999982 15.999999999999998 10.999999999999998 22 12.000000000000002 10.000000000000002 10.999999999999998 13.999999999999998 14.999999999999998 15.999999999999998 14.999999999999998 17 9.9999999999999982 17 22 11.999999999999998 21 36 29 11.999999999999998
leaf_count=12 11 12 10 10 12 10 14 17 10 12 10 16 11 22 12 10 11 14 15 16 15 17 10 17 22 12 21 36 29 12
internal_value=849.951 -309.483 11026.3 -2278.32 2064.7 8435.83 -956.631 -15575.4 16043.7 26736.4 380.187 -339.835 448.136 -312.866 4937.26 10449.7 -2506.58 -8419.76 469.514 24652.2 -1579.26 -766.892 4580.23 -3215.96 -5135.17 -839.598 3823.16 -2918.94 51.8628 -6531.96
internal_weight=458 446 66 380 56 44 370 31 34 22 339 329 313 302 89 63 213 26 37 26 202 191 60 131 116 43 33 99 63 34
internal_count=458 446 66 380 56 44 370 31 34 22 339 329 313 302 89 63 213 26 37 26 202 191 60 131 116 43 33 99 63 34
is_linear=0
shrinkage=0.05


Tree=171
num_leaves=31
num_cat=0
split_feature=5 6 5 11 10 5 10 7 0 5 8 2 5 5 10 0 5 6 7 7 1 2 7 10 8 5 2 2 8 9
split_gain=8.26073e+12 3.59695e+12 8.94202e+12 6.20329e+12 5.76419e+12 6.66843e+12 1.93548e+12 1.88921e+12 1.33705e+12 1.13602e+12 1.07671e+12 9.51484e+11 1.25678e+12 3.05165e+12 2.58781e+12 2.03376e+12 1.86372e+12 1.36274e+12 1.47777e+12 1.21116e+12 1.06707e+12 1.57552e+12 1.39187e+12 1.41775e+12 1.85653e+12 1.08016e+12 8.70487e+11 1.0853e+12 8.37154e+11 8.94349e+11
threshold=3207800.0000000005 11568950.000000002 17430950.000000004 11691915.66666667 10425942.85714286 13497000.000000002 9774853.5714285728 5130500.0000000009 3.5000000000000004 10909000.000000002 7181000.0000000009 21.500000000000004 7001700.0000000009 6575025.0000000009 6889463.2142857155 5.5000000000000009 7323000.0000000009 5580500.0000000009 7397150.0000000009 9075200.0000000019 7.5000000000000009 235.50000000000003 6196000.0000000009 7316805.0000000009 4832500.0000000009 8752250.0000000019 168.50000000000003 261.50000000000006 8403800.0000000019 6061065.7142857155
decision_type=2 2 2 2 2 2 2 2 2 2 2 2 2 2 2 2 2 2 2 2 2 2 2 2 2 2 2 2 2 2
left_child=-1 2 4 7 5 6 11 -3 -9 -6 -10 -2 13 15 -15 17 -14 18 26 28 22 -22 23 -18 -25 -23 -13 -28 29 -19
right_child=1 3 -4 -5 9 -7 -8 8 10 -11 -12 12 16 14 -16 -17 20 19 -20 -21 21 25 -24 24 -26 -27 27 -29 -30 -31
leaf_value=41745.146731058761 -14763.939115084135 20328.335611979168 -48894.282343750005 39846.631319754466 -38983.115429687488 38847.463272372166 17478.58431919643 -14824.627762276788 -4664.0689481847421 -15150.168750000001 14060.4798828125 -11183.962606534093 -21069.646647135418 38228.919711914052 3085.0561054576528 -21244.293363813922 14107.406868489585 -14721.607500000002 -17879.411682128906 17459.503160095217 16368.04938639323 -11445.17742084704 -14114.542270359849 -22865.352187499993 7602.1284375000005 4000.4775177001957 15582.287796724757 -5757.1234375000004 10982.568635639393 2131.1749353357263
leaf_weight=11.999999999999998 12.999999999999998 11.999999999999998 9.9999999999999982 13.999999999999998 10.000000000000002 10.999999999999998 13.999999999999998 13.999999999999998 17.000000000000004 9.9999999999999982 13.999999999999998 10.999999999999998 14.999999999999998 10.000000000000002 10.999999999999998 10.999999999999998 11.999999999999998 9.9999999999999982 15.999999999999998 15.999999999999998 14.999999999999998 19 33 10.000000000000002 9.9999999999999982 28 13.000000000000002 10.999999999999998 19 37
leaf_count=12 13 12 10 14 10 11 14 14 17 10 14 11 15 10 11 11 12 10 16 16 15 19 33 10 10 28 13 11 19 37
internal_value=807.453 -294.009 -2247.82 10025.4 -969.838 543.02 -718.504 2700.93 -1999.72 -27066.6 3792.18 -1514.63 -953.58 2014.2 19820.2 -582.512 -4402.06 1126.36 -5291.23 5117.78 -2433.44 2259.29 -6909.59 520.52 -7631.61 -2243.51 463.366 5801.72 2125.85 -1454.52
internal_weight=458 446 375 71 365 345 334 57 45 20 31 320 307 165 21 144 142 133 51 82 127 62 65 32 20 47 35 24 66 47
internal_count=458 446 375 71 365 345 334 57 45 20 31 320 307 165 21 144 142 133 51 82 127 62 65 32 20 47 35 24 66 47
is_linear=0
shrinkage=0.05


Tree=172
num_leaves=31
num_cat=0
split_feature=5 0 10 5 5 2 1 10 8 11 2 2 9 10 2 2 7 5 6 8 9 8 7 0 10 5 7 6 2 8
split_gain=7.45531e+12 3.6265e+12 1.01315e+13 8.28061e+12 2.86132e+12 2.80713e+12 3.8525e+12 2.57891e+12 4.72597e+12 2.09583e+12 1.41444e+12 1.75128e+12 1.16938e+12 2.41469e+12 3.3448e+12 1.40303e+12 1.27763e+12 1.15355e+12 1.02418e+12 8.08192e+11 1.09312e+12 9.3383e+11 1.68847e+12 1.02028e+12 8.55294e+11 1.24709e+12 8.01085e+11 5.59245e+11 4.95863e+11 6.32775e+11
threshold=3207800.0000000005 5.5000000000000009 9774853.5714285728 16455800.000000002 12628500.000000002 237.50000000000003 5.5000000000000009 10781956.785714289 9523725.0000000019 10018076.66666667 345.50000000000006 327.50000000000006 8157835.7142857155 9670582.1428571437 221.50000000000003 265.50000000000006 7001700.0000000009 10437500.000000002 8530000.0000000019 3106550.0000000005 7158260.7142857155 3960000.0000000005 10671075.000000002 3.5000000000000004 6958314.2857142864 5014550.0000000009 6303000.0000000009 5538185.0000000009 269.50000000000006 6953135.0000000009
decision_type=2 2 2 2 2 2 2 2 2 2 2 2 2 2 2 2 2 2 2 2 2 2 2 2 2 2 2 2 2 2
left_child=-1 3 4 7 5 6 -3 9 -9 10 11 12 17 14 18 -16 -15 19 -14 20 -2 -21 23 26 25 -25 28 -28 29 -23
right_child=1 2 -4 -5 -6 -7 -8 8 -10 -11 -12 -13 13 16 15 -17 -18 -19 -20 21 -22 22 -24 24 -26 -27 27 -29 -30 -31
leaf_value=39657.890388997395 19756.328564453121 -8307.5086181640618 56897.513124999998 -47054.573652343752 26501.177088317869 -17732.800683593752 30131.023703835232 6763.774190848213 -32465.295438878675 22867.396113281251 -14868.28201904297 19969.945867365059 -6246.072576349432 -22012.780351562495 38894.013593749987 14372.65228794643 277.50574273003474 -18119.742036576707 10697.415813802085 -17421.571875000001 -3084.8210404829547 -6181.9927135120743 18233.883007812499 12757.218671874996 12179.903575942095 -8695.8773437500004 -16408.587451171876 -5257.888601286515 -9806.8504882812504 4982.1267545572919
leaf_weight=11.999999999999998 10.000000000000002 16.000000000000004 9.9999999999999982 9.9999999999999982 9.9999999999999982 19 10.999999999999998 14.000000000000002 17 9.9999999999999982 15.999999999999998 10.999999999999998 22 10.000000000000002 10.000000000000002 13.999999999999998 18 10.999999999999998 14.999999999999998 9.9999999999999982 10.999999999999998 22 9.9999999999999982 10.000000000000002 17 21 22 23 15.999999999999998 30
leaf_count=12 10 16 10 10 10 19 11 14 17 10 16 11 22 10 10 14 18 11 15 10 11 22 10 10 17 21 22 23 16 30
internal_value=767.081 -279.309 10539.2 -2158.31 2260.89 -3008.74 7352.63 -944.894 -14748.9 317.423 -367.987 373.243 -340.545 4472.72 10052.5 24589.9 -7683.31 -2351.72 622.909 -1493.07 7791.92 -2570.33 -1701.84 -2940.08 3167.02 -1775.52 -5534.25 -10709.3 -2109.55 258.845
internal_weight=458 446 66 380 56 46 27 370 31 339 329 313 302 89 61 24 28 213 37 202 21 181 171 161 48 31 113 45 68 52
internal_count=458 446 66 380 56 46 27 370 31 339 329 313 302 89 61 24 28 213 37 202 21 181 171 161 48 31 113 45 68 52
is_linear=0
shrinkage=0.05


Tree=173
num_leaves=31
num_cat=0
split_feature=5 0 10 5 5 10 8 10 8 6 11 2 2 9 10 2 5 8 5 6 10 9 11 8 6 5 11 5 11 8
split_gain=6.72842e+12 3.27291e+12 9.14364e+12 7.47325e+12 2.82038e+12 3.1197e+12 2.48074e+12 2.32747e+12 4.26519e+12 2.18526e+12 1.89149e+12 1.27653e+12 1.58053e+12 1.05537e+12 2.19487e+12 2.71533e+12 1.18275e+12 1.06464e+12 1.04108e+12 9.24326e+11 7.38425e+11 7.91839e+11 1.76702e+12 1.10439e+12 1.1328e+12 9.49886e+11 1.33688e+12 1.26559e+12 1.06604e+12 7.8955e+11
threshold=3207800.0000000005 5.5000000000000009 9774853.5714285728 16455800.000000002 6953135.0000000009 8210817.8571428582 5898500.0000000009 10781956.785714289 9523725.0000000019 8418000.0000000019 10018076.66666667 345.50000000000006 327.50000000000006 8157835.7142857155 9729565.0000000019 221.50000000000003 8955000.0000000019 8857950.0000000019 10437500.000000002 8530000.0000000019 5896986.0714285728 6202457.1428571437 6764070.3333333349 3106550.0000000005 4150000.0000000005 7567500.0000000009 7423742.333333334 9491225.0000000019 8191310.166666667 5520450.0000000009
decision_type=2 2 2 2 2 2 2 2 2 2 2 2 2 2 2 2 2 2 2 2 2 2 2 2 2 2 2 2 2 2
left_child=-1 3 4 7 -3 6 -6 10 -9 -8 11 12 13 18 15 19 -16 -17 20 -15 -2 22 -22 -23 -25 26 29 -27 -28 -26
right_child=1 2 -4 -5 5 -7 9 8 -10 -11 -12 -13 -14 14 16 17 -18 -19 -20 -21 21 23 -24 24 25 27 28 -29 -30 -31
leaf_value=37674.995515950519 -14015.431853693182 -19338.648262532555 54052.638046875007 -44701.846337890631 -3058.8077311197922 -16541.510126953126 39588.213077004737 6425.5859374999991 -30842.029492187503 7940.5203515625008 21724.025417480472 -14124.867660522461 18971.44891690341 -5933.7688920454548 -21462.789472656244 31043.551199776779 457.31996459960942 10747.867578125 -17213.754829545458 10162.544570312501 17664.072100471047 9430.6990342881945 -4814.2366644965286 -19944.530859375001 15039.687667410713 -14337.228455010776 -17670.88731770833 5581.019975142046 1891.3583327073318 1478.6612077795942
leaf_weight=11.999999999999998 10.999999999999998 11.999999999999998 9.9999999999999982 9.9999999999999982 11.999999999999998 9.9999999999999982 12.000000000000002 14.000000000000002 17 9.9999999999999982 9.9999999999999982 15.999999999999998 10.999999999999998 22 10.000000000000002 14.000000000000002 15.999999999999998 11.999999999999998 10.999999999999998 14.999999999999998 17 18 18 9.9999999999999982 13.999999999999998 29 15.000000000000002 10.999999999999998 12.999999999999998 46
leaf_count=12 11 12 10 10 12 10 12 14 17 10 10 16 11 22 10 14 16 12 11 15 17 18 18 10 14 29 15 11 13 46
internal_value=728.727 -265.343 10012.2 -2050.39 2147.84 8007.79 15228.2 -897.649 -14011.5 25202.9 301.552 -349.587 354.581 -323.517 4249.09 9293.32 -7973.49 21676.3 -2234.14 591.764 -1418.41 -692.931 6103.8 -2217.84 -3737.21 -2471.02 432.936 -8859.71 -8588.42 4642.9
internal_weight=458 446 66 380 56 44 34 370 31 22 339 329 313 302 89 63 26 26 213 37 202 191 35 156 138 128 88 40 28 60
internal_count=458 446 66 380 56 44 34 370 31 22 339 329 313 302 89 63 26 26 213 37 202 191 35 156 138 128 88 40 28 60
is_linear=0
shrinkage=0.05


Tree=174
num_leaves=31
num_cat=0
split_feature=7 4 2 2 7 11 9 7 10 7 8 10 8 7 9 2 1 10 7 6 6 2 8 10 0 7 7 7 7 9
split_gain=2.67189e+12 3.01142e+12 5.43256e+12 1.74392e+13 1.72592e+12 1.18345e+12 1.18709e+12 1.82191e+12 2.04412e+12 1.81307e+12 1.17897e+12 1.74311e+12 1.6367e+12 2.0517e+12 1.60808e+12 1.41693e+12 1.08586e+12 1.58243e+12 1.04176e+12 1.36507e+12 2.69329e+12 8.72709e+11 6.73188e+11 5.56702e+11 5.4091e+11 1.35243e+12 1.70332e+12 9.23564e+11 7.80194e+11 6.63449e+11
threshold=15109650.000000002 1.0000000180025095e-35 45.500000000000007 27.500000000000004 7995510.0000000009 11830390.333333334 8229339.2857142864 7107500.0000000009 6644417.5000000009 6905000.0000000009 9037500.0000000019 10220283.928571431 10034000.000000002 10727235.000000002 8531867.8571428601 304.50000000000006 5.5000000000000009 9729565.0000000019 10576250.000000002 7995510.0000000009 5803250.0000000009 263.50000000000006 7835950.0000000009 7239416.0714285718 2.5000000000000004 5368200.0000000009 3452535.0000000005 5948085.0000000009 6457500.0000000009 6462921.42857143
decision_type=2 2 2 2 2 2 2 2 2 2 2 2 2 2 2 2 2 2 2 2 2 2 2 2 2 2 2 2 2 2
left_child=1 2 3 4 -1 6 7 9 21 24 11 14 -12 -14 -8 16 -16 -18 19 20 -10 -9 -21 -22 -4 26 -26 -27 -29 -28
right_child=-2 -3 5 -5 -6 -7 10 8 18 -11 12 -13 13 -15 15 -17 17 -19 -20 22 23 -23 -24 -25 25 27 29 28 -30 -31
leaf_value=-15008.239101562498 19049.312534693669 -23808.115084134617 2585.7645779854911 68591.558056640628 9882.7622145432688 -18172.818242187503 19340.679101562502 -27082.802807617183 -9577.2462049696187 21436.703095703124 -21022.653750000001 23783.665685096155 -7213.1593852796041 20766.942480468751 -8241.1477982954548 -13896.205970982142 21760.698158482137 -3581.3931352095169 -15580.369954427086 -17400.245368303567 24455.625278542255 -8253.6183007812506 -871.19495072798293 8548.199462890625 5154.5476236979166 12751.998059895835 -27738.330517578113 -12012.096110026039 6423.1263738458811 -11111.937513020835
leaf_weight=15.000000000000002 19 12.999999999999998 70 11.999999999999998 12.999999999999998 9.9999999999999982 12.999999999999998 16.000000000000004 18 9.9999999999999982 9.9999999999999982 12.999999999999998 19.000000000000004 9.9999999999999982 10.999999999999998 13.999999999999998 14.000000000000002 10.999999999999998 14.999999999999998 14.000000000000002 11.000000000000002 9.9999999999999982 10.999999999999998 10.999999999999998 11.999999999999998 14.999999999999998 10.000000000000002 12.000000000000002 10.999999999999998 14.999999999999998
leaf_count=15 19 13 70 12 13 10 13 16 18 10 10 13 19 10 11 14 14 11 15 14 11 10 11 11 12 15 10 12 11 15
internal_value=692.29 -102.205 621.215 18161.3 -3451.7 -1196.41 -744.908 -2609.77 -7661.34 844.851 3487.52 7114.1 -3579.67 2435.15 3674.35 -398.901 4850.05 10610.2 -3703.01 -962.076 4766.29 -19840.8 -10127.5 16501.9 -575.276 -3525.58 -10329.9 3099.72 -3195.25 -17762.5
internal_weight=458 439 426 40 28 386 376 261 106 155 115 76 39 29 63 50 36 25 80 65 40 26 25 22 145 75 37 38 23 25
internal_count=458 439 426 40 28 386 376 261 106 155 115 76 39 29 63 50 36 25 80 65 40 26 25 22 145 75 37 38 23 25
is_linear=0
shrinkage=0.05


Tree=175
num_leaves=31
num_cat=0
split_feature=5 11 2 5 2 8 5 7 7 2 11 2 9 9 1 8 11 7 6 6 9 2 8 5 6 11 11 9 11 8
split_gain=7.55097e+12 3.21198e+12 5.33476e+12 3.77898e+12 2.33537e+12 1.24265e+13 2.87776e+12 2.75967e+12 2.56327e+12 1.47974e+12 5.09217e+12 1.36381e+12 1.33193e+12 2.25913e+12 1.12739e+12 1.11431e+12 1.81131e+12 1.29504e+12 2.09461e+12 1.83644e+12 1.23095e+12 9.97787e+11 8.5217e+11 7.92683e+11 7.7043e+11 7.65066e+11 8.04862e+11 6.62139e+11 9.13577e+11 1.12347e+12
threshold=16455800.000000002 11497119.66666667 336.50000000000006 12203975.000000002 36.500000000000007 6683535.0000000009 3280000.0000000005 12695000.000000002 15770850.000000002 153.50000000000003 6734466.666666667 168.50000000000003 6377196.4285714291 6594828.5714285718 6.5000000000000009 3447035.0000000005 7794323.3333333349 7297000.0000000009 5344000.0000000009 9340085.0000000019 6550221.42857143 205.50000000000003 7494200.0000000009 6975000.0000000009 10615300.000000002 6943682.3333333349 7582663.3333333349 6928979.2857142864 8989845.0000000019 7234500.0000000009
decision_type=2 2 2 2 2 2 2 2 2 2 2 2 2 2 2 2 2 2 2 2 2 2 2 2 2 2 2 2 2 2
left_child=1 4 -3 -4 5 -1 -6 9 -9 10 -8 -11 -12 -14 -13 16 21 18 22 -20 23 -16 -17 -19 -21 -15 -27 -22 29 -29
right_child=-2 2 3 -5 6 -7 7 8 -10 11 12 14 13 25 15 17 -18 20 19 24 27 -23 -24 -25 -26 26 -28 28 -30 -31
leaf_value=-23555.599446614578 36641.811757812502 -45044.396289062483 21417.074296874995 -22051.188203124999 -24522.296608664776 42899.610064338238 39373.046074218757 31662.332087053564 829.51461838942305 -18971.160653409093 -11386.601196289062 15468.34806640625 23324.070485276447 -11734.085182883522 6030.281263950892 8758.4916381835919 -27913.982265625 -6387.7354905348548 -6130.9702226562504 21139.067342529292 10715.505283203125 -14648.770388183595 27364.780429687504 -25112.313173828126 3447.621881103516 10910.021213107641 -3663.7318164062499 -500.98426192434209 3873.9705998347363 -18805.889270833333
leaf_weight=12.000000000000002 14.999999999999998 10.000000000000002 10.000000000000002 9.9999999999999982 10.999999999999998 17 9.9999999999999982 14.000000000000002 12.999999999999998 10.999999999999998 15.999999999999998 9.9999999999999982 12.999999999999998 10.999999999999998 14.000000000000002 16.000000000000004 9.9999999999999982 13.000000000000002 50 10.000000000000002 9.9999999999999982 9.9999999999999982 9.9999999999999982 9.9999999999999982 15.999999999999998 18 20 19 26 14.999999999999998
leaf_count=12 15 10 10 10 11 17 10 14 13 11 16 10 13 11 14 16 10 13 50 10 10 10 10 10 16 18 20 19 26 15
internal_value=1762.8 560.076 -15226.2 -317.057 1729.43 15400.9 674.979 1434.35 16816.9 205.565 5781.69 -1757.23 1475.1 4794.25 -964.957 -1682.57 -10035.4 -226.178 3664.59 -526.262 -4493.47 -2585.99 15914.8 -14528.9 10252 -121.82 3239.62 -1196.13 -3181.4 -8576.68
internal_weight=450 435 30 20 405 29 376 365 27 338 88 250 78 62 239 229 34 195 102 76 93 24 26 23 26 49 38 70 60 34
internal_count=450 435 30 20 405 29 376 365 27 338 88 250 78 62 239 229 34 195 102 76 93 24 26 23 26 49 38 70 60 34
is_linear=0
shrinkage=0.05


Tree=176
num_leaves=31
num_cat=0
split_feature=5 10 10 11 2 2 8 5 7 2 10 8 9 2 11 2 10 2 2 6 6 8 11 3 5 10 9 8 2 10
split_gain=6.81475e+12 4.07638e+12 4.46206e+12 3.952e+12 3.25596e+12 2.25173e+12 1.1215e+13 2.4941e+12 2.36567e+12 1.58964e+12 1.19172e+12 1.15447e+12 1.34711e+12 2.40417e+12 3.97668e+12 1.45151e+12 1.07364e+12 3.06524e+12 1.44723e+12 1.37313e+12 1.42157e+12 1.00835e+12 2.13224e+12 1.59272e+12 9.7919e+11 1.13259e+12 8.86108e+11 1.47376e+12 6.93785e+11 7.8011e+11
threshold=16455800.000000002 10425942.85714286 10161300.000000002 11497119.66666667 343.50000000000006 36.500000000000007 6683535.0000000009 3280000.0000000005 12891300.000000002 342.50000000000006 9729565.0000000019 11810000.000000002 8157835.7142857155 156.50000000000003 6734466.666666667 174.50000000000003 7217052.1428571437 297.50000000000006 231.50000000000003 5640500.0000000009 7198000.0000000009 8606400.0000000019 6943682.3333333349 1.0000000180025095e-35 5873000.0000000009 7792694.444444445 10023051.428571431 6953135.0000000009 199.50000000000003 6950032.8571428582
decision_type=2 2 2 2 2 2 2 2 2 2 2 2 2 2 2 2 2 2 2 2 2 2 2 2 2 2 2 2 2 2
left_child=1 2 5 -3 -5 6 -1 -7 9 10 11 12 13 14 -9 -14 17 18 28 -20 -21 22 -16 -24 -18 -26 27 -17 -15 -30
right_child=-2 3 -4 4 -6 7 -8 8 -10 -11 -12 -13 15 16 21 26 24 -19 19 20 -22 -23 23 -25 25 -27 -28 -29 29 -31
leaf_value=-22377.817447916663 34809.72156901042 5965.1494140625 35066.194204101565 -43957.048505108163 -8569.3203725961539 -23296.182141668149 40754.631333295038 37404.394208984377 18038.627975945725 -15479.933197021484 -13063.859661458335 -10212.658559570315 -4720.7743088942307 -5305.0002485795458 -19485.43963955966 8005.7949137369769 -19962.016880580359 26415.598867187498 1545.4778852982954 -28260.583569335933 -6278.5979594983555 14645.056850585939 13455.764414911686 -9015.0782552083328 1015.8822010585241 -16842.70184795673 4187.6988281250005 32786.168750000004 59.218909801136341 18151.175118314302
leaf_weight=12.000000000000002 14.999999999999998 14.999999999999998 9.9999999999999982 13.000000000000002 12.999999999999998 10.999999999999998 17 9.9999999999999982 19 15.999999999999998 14.999999999999998 20 12.999999999999998 10.999999999999998 10.999999999999998 12.000000000000002 13.999999999999998 9.9999999999999982 22 12.000000000000002 19 14.999999999999998 23 11.999999999999998 28 12.999999999999998 12.999999999999998 11.999999999999998 11.000000000000002 12.999999999999998
leaf_count=12 15 15 10 13 13 11 17 10 19 16 15 20 13 11 11 12 14 10 22 12 19 15 23 12 28 13 13 12 11 13
internal_value=1674.66 532.073 2093.44 -14472.3 -26263.2 1234.78 14630.9 140.451 889.879 -112.664 683.053 1384.43 2230.93 574.557 8178.61 9651.47 -2954.12 183.651 -2797.25 -8007.92 -14787.8 3387.5 -283.439 5751.48 -8545.07 -4646.6 14701.2 20396 5093.19 9859.03
internal_weight=450 435 394 41 26 384 29 355 344 325 309 294 274 224 71 50 153 98 88 53 31 61 46 35 55 41 37 24 35 24
internal_count=450 435 394 41 26 384 29 355 344 325 309 294 274 224 71 50 153 98 88 53 31 61 46 35 55 41 37 24 35 24
is_linear=0
shrinkage=0.05


Tree=177
num_leaves=31
num_cat=0
split_feature=5 10 10 11 2 2 10 10 5 7 5 2 2 10 9 8 10 11 10 2 10 8 10 8 7 7 0 11 5 10
split_gain=6.15031e+12 3.67893e+12 4.02701e+12 3.56668e+12 2.9385e+12 2.03664e+12 7.32795e+12 1.96329e+13 4.84047e+12 2.36619e+12 1.48588e+12 1.31395e+12 1.03108e+12 9.79748e+11 9.01102e+11 1.68049e+12 8.75851e+11 9.95837e+11 3.10335e+12 1.48561e+12 1.21098e+12 1.21055e+12 1.19884e+12 8.74987e+11 1.01393e+12 1.0717e+12 1.07578e+12 8.59412e+11 8.3828e+11 6.13757e+11
threshold=16455800.000000002 10425942.85714286 10161300.000000002 11497119.66666667 343.50000000000006 72.500000000000014 7792694.444444445 6653559.6428571437 5767650.0000000009 12891300.000000002 3280000.0000000005 342.50000000000006 18.500000000000004 9729565.0000000019 9559564.2857142892 8769300.0000000019 5764964.2857142864 6943682.3333333349 6922347.8571428582 117.50000000000001 7195261.0714285718 5321500.0000000009 6319873.92857143 5142500.0000000009 8458500.0000000019 5072500.0000000009 2.5000000000000004 7342569.0000000009 5109300.0000000009 7792694.444444445
decision_type=2 2 2 2 2 2 2 2 2 2 2 2 2 2 2 2 2 2 2 2 2 2 2 2 2 2 2 2 2 2
left_child=1 2 5 -3 -5 6 7 -1 -8 10 -7 13 -10 14 16 -16 -12 18 19 -18 -20 -21 -23 28 25 -25 -27 -28 -19 -30
right_child=-2 3 -4 4 -6 9 8 -9 12 -11 11 -13 -14 -15 15 -17 17 23 20 21 -22 22 -24 24 -26 26 27 -29 29 -31
leaf_value=-6000.669843749999 33069.235807291669 5666.8923567708334 33312.8837890625 -41759.196874999994 -8140.8544170673085 -20361.754892578127 -34794.930039062507 84444.811328125012 19017.027499999993 16777.323918071546 13662.957537286933 -14705.936242675782 -2721.8420572916671 -12410.666536458333 24149.564240056814 -4170.974609375 17090.332439630682 8900.4876953125004 -34359.580175781237 8467.6510131835948 -10318.666352982955 -2619.7645019531251 -22787.820234375002 -4191.2218610491072 -2305.9124934016049 4020.7313085937503 10762.641920776365 29162.543501420456 -2953.8971914062499 -16710.417602539062
leaf_weight=15.000000000000002 14.999999999999998 14.999999999999998 9.9999999999999982 13.000000000000002 12.999999999999998 9.9999999999999982 9.9999999999999982 9.9999999999999982 10.000000000000002 19 10.999999999999998 15.999999999999998 11.999999999999998 14.999999999999998 11.000000000000002 9.9999999999999982 10.999999999999998 9.9999999999999982 10.000000000000002 15.999999999999998 10.999999999999998 28 9.9999999999999982 13.999999999999998 37 25 15.000000000000002 10.999999999999998 25 11.999999999999998
leaf_count=15 15 15 10 13 13 10 10 10 10 19 11 16 12 15 11 10 11 10 10 16 11 28 10 14 37 25 15 11 25 12
internal_value=1590.93 505.469 1988.77 -13748.7 -24950 1173.04 9894.68 30177.5 -5951.29 -347.246 -1403.63 -767.454 7159.46 23.3822 721.924 10663.6 -126.755 -772.231 -5056.47 342.223 -21766.7 -3069.43 -7927.15 1700.55 4301.47 8062.6 11426.4 18547.2 -3943.99 -7415.47
internal_weight=450 435 394 41 26 384 57 25 32 327 308 298 22 282 267 21 246 235 86 65 21 54 38 149 102 65 51 26 47 37
internal_count=450 435 394 41 26 384 57 25 32 327 308 298 22 282 267 21 246 235 86 65 21 54 38 149 102 65 51 26 47 37
is_linear=0
shrinkage=0.05


Tree=178
num_leaves=31
num_cat=0
split_feature=5 9 11 9 6 1 6 6 5 9 6 5 5 7 2 11 9 9 7 9 6 0 9 5 6 6 7 7 11 0
split_gain=5.55066e+12 2.64812e+12 3.35033e+12 2.24227e+12 1.63718e+12 9.22455e+12 1.50896e+13 5.09663e+12 1.89019e+12 1.65568e+12 1.92964e+12 1.80475e+12 1.44475e+12 1.25683e+12 1.43907e+12 3.68028e+12 1.4687e+12 1.22099e+12 1.0633e+12 1.04994e+12 1.08246e+12 2.60927e+12 1.29111e+12 2.36797e+12 7.89815e+11 8.17171e+11 7.98376e+11 8.823e+11 1.0526e+12 8.75107e+11
threshold=16455800.000000002 10713747.85714286 11497119.66666667 10420605.000000002 9592500.0000000019 1.5000000000000002 5898500.0000000009 9954500.0000000019 3280000.0000000005 7618515.7142857155 10820000.000000002 8210075.0000000009 6575025.0000000009 15109650.000000002 153.50000000000003 6734466.666666667 6377196.4285714291 6594828.5714285718 8022050.0000000009 9436694.2857142892 4405000.0000000009 2.5000000000000004 6188313.5714285718 5929500.0000000009 5142500.0000000009 6431300.0000000009 5072500.0000000009 9474500.0000000019 7372632.8333333349 4.5000000000000009
decision_type=2 2 2 2 2 2 2 2 2 2 2 2 2 2 2 2 2 2 2 2 2 2 2 2 2 2 2 2 2 2
left_child=1 3 18 4 5 6 -1 -6 -7 -9 -11 12 -12 14 15 -10 -17 -18 -3 20 21 -16 23 -22 -24 -26 -27 28 29 -28
right_child=-2 2 -4 -5 7 8 -8 9 13 10 11 -13 -14 -15 19 16 17 -19 -20 -21 22 -23 24 -25 25 26 27 -29 -30 -31
leaf_value=-7749.3726367187473 31415.772786458332 8064.1600097656237 -28513.53322610294 25176.126796875003 -36791.744593394884 -20811.385661621098 79111.426406250001 -12194.685930175781 34590.931328125 21377.626292067307 -4779.5341045673067 -17952.371839488635 19841.369664417616 18720.016176757814 -6438.1026227678576 -11140.536352539064 19461.743043870196 1926.5145676385791 -11624.967057291668 13912.095703125 -887.25628756009598 20865.850221354169 -11806.641038754113 -32407.977689985797 6329.359375 -14854.532211538462 -13560.709244791664 -14166.446562500001 12871.176259765627 5534.5219238281252
leaf_weight=10.000000000000002 14.999999999999998 16.000000000000004 17 9.9999999999999982 10.999999999999998 9.9999999999999982 9.9999999999999982 20 9.9999999999999982 12.999999999999998 13.000000000000002 10.999999999999998 10.999999999999998 9.9999999999999982 21 15.999999999999998 12.999999999999998 42 11.999999999999998 9.9999999999999982 13.000000000000002 14.999999999999998 19 10.999999999999998 29 12.999999999999998 12.000000000000002 9.9999999999999982 14.999999999999998 11.999999999999998
leaf_count=10 15 16 17 10 11 10 10 20 10 13 13 11 11 10 21 16 13 42 12 10 13 15 19 11 29 13 12 10 15 12
internal_value=1511.38 480.195 -11004.5 1805.35 1190.33 2871.68 35681 -5215.81 536.495 -107.934 4928.21 -1181.57 6505.05 1324.24 657.735 6192.31 2192.5 6071.2 -374.037 -1832.82 -2759 4938.54 -4826.99 -15334.3 -2534.5 -598.556 -3839.03 -916.552 2480.86 -4013.09
internal_weight=450 435 45 390 380 301 20 79 281 68 48 35 24 271 261 81 71 55 28 180 170 36 134 24 110 91 62 49 39 24
internal_count=450 435 45 390 380 301 20 79 281 68 48 35 24 271 261 81 71 55 28 180 170 36 134 24 110 91 62 49 39 24
is_linear=0
shrinkage=0.05


Tree=179
num_leaves=31
num_cat=0
split_feature=5 10 10 10 11 2 9 5 7 10 2 8 9 2 9 6 6 7 10 2 6 6 11 5 5 10 9 10 5 5
split_gain=5.00947e+12 3.11746e+12 3.51103e+12 3.29855e+12 2.05587e+12 1.68235e+12 1.06592e+13 1.86741e+12 1.73531e+12 1.35455e+12 1.38728e+12 1.05724e+12 1.16185e+12 1.85113e+12 3.37345e+12 1.36513e+12 2.53612e+12 1.10767e+12 9.70799e+11 2.58427e+12 1.31799e+12 1.4616e+12 1.22671e+12 9.4718e+11 9.34804e+11 1.03547e+12 8.53459e+11 9.69705e+11 1.05942e+12 8.30112e+11
threshold=16455800.000000002 10425942.85714286 10116871.428571431 10893166.428571431 11619903.500000002 36.500000000000007 8785471.428571431 3280000.0000000005 12891300.000000002 9729565.0000000019 342.50000000000006 11810000.000000002 8157835.7142857155 156.50000000000003 6226628.5714285718 13917500.000000002 9761000.0000000019 6500200.0000000009 7217052.1428571437 297.50000000000006 9340085.0000000019 4345500.0000000009 6280299.0000000009 5520450.0000000009 5873000.0000000009 7792694.444444445 7086371.42857143 7316805.0000000009 5559700.0000000009 6243000.0000000009
decision_type=2 2 2 2 2 2 2 2 2 2 2 2 2 2 2 2 2 2 2 2 2 2 2 2 2 2 2 2 2 2
left_child=1 2 5 -3 -5 6 -1 -7 9 10 11 12 13 14 -9 16 17 -14 19 20 21 -15 23 -23 -20 -26 27 28 -16 -24
right_child=-2 3 -4 4 -6 7 -8 8 -10 -11 -12 -13 15 18 26 -17 -18 -19 24 -21 -22 22 29 -25 25 -27 -28 -29 -30 -31
leaf_value=36222.201345486108 29844.985652669271 -37635.377089843751 27373.914993990387 11591.754606119788 -14843.350925164475 -20280.6964621804 -26251.699945623226 31362.194270833334 15759.549412706163 -16003.433323317307 -13866.625036621095 -9846.4554846191404 -5840.615985576922 10645.593028846153 -11771.147705078125 -7570.4500390625008 32315.402734375002 14099.937623697919 -19044.61459263393 24496.884638671876 13863.166681463068 -7130.2322265624971 5578.2397977941182 -28892.360904083253 1333.9379952566965 -15741.859544020432 -7577.9540802001957 19588.729687499999 7722.6998089334247 -8526.2781144883902
leaf_weight=18.000000000000004 14.999999999999998 9.9999999999999982 12.999999999999998 12.000000000000002 19 10.999999999999998 10.999999999999998 11.999999999999998 18 12.999999999999998 15.999999999999998 20 13.000000000000002 12.999999999999998 9.9999999999999982 9.9999999999999982 11.999999999999998 14.999999999999998 13.999999999999998 9.9999999999999982 10.999999999999998 10.000000000000002 17 9.9999999999999982 28 12.999999999999998 15.999999999999998 9.9999999999999982 23 27
leaf_count=18 15 10 13 12 19 11 11 12 18 13 16 20 13 13 10 10 12 15 14 10 11 10 17 10 28 13 16 10 23 27
internal_value=1435.81 456.186 1821.62 -12665.3 -4610.41 949.754 12525.2 -3.90521 650.185 -191.823 471.244 1251.54 2061.61 523.346 7195.73 8953.03 13083.9 4841.82 -2572.99 410.725 -2326.34 -4639.13 -7743.83 -18011.3 -7889.43 -4080.34 2280.52 5948.79 1815.47 -3076.81
internal_weight=450 435 394 41 31 381 29 352 341 323 310 294 274 224 71 50 40 28 153 98 88 77 64 20 55 41 59 43 33 44
internal_count=450 435 394 41 31 381 29 352 341 323 310 294 274 224 71 50 40 28 153 98 88 77 64 20 55 41 59 43 33 44
is_linear=0
shrinkage=0.05


Tree=180
num_leaves=31
num_cat=0
split_feature=5 8 6 9 9 10 4 7 7 2 6 6 5 7 8 0 10 1 5 5 8 9 9 8 8 2 5 9 8 8
split_gain=7.72519e+12 3.74229e+12 5.72807e+12 1.54441e+12 1.86628e+12 1.38095e+12 2.96419e+12 2.74575e+12 2.6936e+12 4.70858e+12 2.07048e+12 5.04716e+12 1.40464e+12 1.29554e+12 1.5414e+12 1.36872e+12 1.24512e+12 1.21412e+12 8.3711e+11 1.84099e+12 8.48896e+11 1.18253e+12 8.90573e+11 8.29429e+11 7.93409e+11 7.65905e+11 7.41915e+11 7.14594e+11 6.95845e+11 7.36475e+11
threshold=3280000.0000000005 12695000.000000002 7287800.0000000009 12333087.142857146 11426578.571428573 6912378.2142857155 1.0000000180025095e-35 6457500.0000000009 5873000.0000000009 69.500000000000014 6405800.0000000009 5538185.0000000009 9037500.0000000019 6500200.0000000009 6457500.0000000009 1.0000000180025095e-35 8267596.0714285718 4.5000000000000009 10784000.000000002 9637750.0000000019 6500200.0000000009 8229339.2857142864 9902050.0000000019 5142500.0000000009 3332500.0000000005 197.50000000000003 8210075.0000000009 10065485.714285716 5142500.0000000009 5767650.0000000009
decision_type=2 2 2 2 2 2 2 2 2 2 2 2 2 2 2 2 2 2 2 2 2 2 2 2 2 2 2 2 2 2
left_child=-1 3 16 4 5 7 8 23 9 -7 11 -9 25 14 -10 26 -3 -12 19 20 22 -22 24 -2 -17 -11 -15 -20 -26 -30
right_child=1 2 -4 -5 -6 6 -8 10 13 12 17 -13 -14 15 -16 18 -18 -19 27 -21 21 -23 -24 -25 28 -27 -28 -29 29 -31
leaf_value=37089.750202287949 5299.8341796875002 -14799.071523437495 38424.884049479173 -17734.973437500001 18916.788174715908 35445.507910156251 -29371.030255681821 -266.6160333806817 -6515.8509635416658 -1939.1627522786457 17566.44333984375 48813.648671875002 -13381.51197265625 -7008.320976562497 -31858.517734375004 8292.1109596946026 9578.3843749999996 -3302.2150162406597 -1112.8798217773435 -23944.036359197446 -3775.9749680739183 13182.977108226103 -19906.465195312499 -7880.3357401097082 -15334.675251871748 10976.583041104404 -26268.576171875 15925.428437499999 7852.6381392045432 -10058.618684895833
leaf_weight=13.999999999999998 15.999999999999998 10.000000000000002 14.999999999999998 14.999999999999998 10.999999999999998 10.999999999999998 10.999999999999998 11.000000000000002 15.000000000000002 24 9.9999999999999982 9.9999999999999982 14.999999999999998 10.000000000000002 9.9999999999999982 10.999999999999998 10.999999999999998 23 16.000000000000004 10.999999999999998 26 17 9.9999999999999982 47 14.999999999999998 22 9.9999999999999982 9.9999999999999982 11.000000000000002 11.999999999999998
leaf_count=14 16 10 15 15 11 11 11 11 15 24 10 10 15 10 10 11 11 23 16 11 26 17 10 47 15 22 10 10 11 12
internal_value=517.723 -630.277 14826.2 -1987.44 -1389.43 -1971.12 -3955.98 2558.45 -2863.93 5335.04 10831.8 23104.9 -94.7174 -6072.22 -16652.9 -4408.59 -2029.93 3021.62 -2648.9 -4510.13 -2414.32 2928.73 -6308.41 -4532.99 -3533.29 4237.93 -16638.4 5440.32 -6956.44 -1492.37
internal_weight=460 446 36 410 395 384 267 117 256 72 54 21 61 184 25 159 21 33 139 113 102 43 59 63 49 46 20 26 38 23
internal_count=460 446 36 410 395 384 267 117 256 72 54 21 61 184 25 159 21 33 139 113 102 43 59 63 49 46 20 26 38 23
is_linear=0
shrinkage=0.05


Tree=181
num_leaves=31
num_cat=0
split_feature=5 8 5 6 7 4 8 8 5 6 7 2 10 10 1 5 10 2 10 1 6 9 6 7 7 8 0 6 7 6
split_gain=6.97198e+12 3.37741e+12 5.35013e+12 4.64777e+12 1.44679e+12 2.05884e+12 1.93127e+12 1.82098e+12 1.67397e+12 1.51659e+12 2.13725e+12 1.5088e+12 1.37587e+12 1.10658e+12 1.00069e+12 9.67169e+11 1.0341e+12 9.2717e+11 9.76788e+11 5.72551e+11 4.82562e+11 5.57081e+11 4.65469e+11 6.10094e+11 2.43871e+12 9.79806e+11 1.00701e+12 9.70311e+11 8.89233e+11 6.44276e+11
threshold=3280000.0000000005 12695000.000000002 8901550.0000000019 7287800.0000000009 12001950.000000002 1.0000000180025095e-35 5285500.0000000009 7234500.0000000009 10060700.000000002 4905425.0000000009 5898500.0000000009 297.50000000000006 8104560.7142857155 10617775.000000002 9.5000000000000018 9467800.0000000019 9729565.0000000019 33.500000000000007 9331893.2142857164 2.5000000000000004 10437500.000000002 8157835.7142857155 9896300.0000000019 6457500.0000000009 7039250.0000000009 6754300.0000000009 1.5000000000000002 5457485.0000000009 5898500.0000000009 6431300.0000000009
decision_type=2 2 2 2 2 2 2 2 2 2 2 2 2 2 2 2 2 2 2 2 2 2 2 2 2 2 2 2 2 2
left_child=-1 4 -3 -4 5 8 -6 -8 13 -10 -11 12 -12 15 -9 16 17 -2 19 -19 22 -22 23 25 -25 28 -27 -26 -21 -29
right_child=1 2 3 -5 6 -7 7 14 9 10 11 -13 -14 -15 -16 -17 -18 18 -20 20 21 -23 -24 24 27 26 -28 29 -30 -31
leaf_value=35235.26180768694 -12701.689648437501 -8721.9066666666677 7947.739772727271 55046.098730468751 -29769.851854248049 19509.949739583335 9056.9856933593746 -3270.432480468749 -26888.445371093752 13925.388245738635 -3539.2447798295443 3872.8158040364588 -26233.565739889706 16366.460859375 -25638.864140625003 11797.731712239583 -17024.863505859375 9611.8204627403848 14665.619389204545 3077.6953125 -15474.830407714839 504.17710937499999 10106.0752734375 18413.558669704864 -11194.444661458334 -2961.7881116365133 -20292.010136718753 9888.0859497070323 -12714.643998579546 -1983.5302631378174
leaf_weight=13.999999999999998 14.999999999999998 14.999999999999998 11.000000000000002 9.9999999999999982 9.9999999999999982 11.999999999999998 13.999999999999998 10.000000000000002 9.9999999999999982 10.999999999999998 11.000000000000002 11.999999999999998 17 9.9999999999999982 9.9999999999999982 14.999999999999998 9.9999999999999982 12.999999999999998 10.999999999999998 47 12.000000000000002 9.9999999999999982 9.9999999999999982 18 21 19 14.999999999999998 15.999999999999998 10.999999999999998 40
leaf_count=14 15 15 11 10 10 12 14 10 10 11 11 12 17 10 10 15 10 13 11 47 12 10 10 18 21 19 15 16 11 40
internal_value=491.837 -598.763 14084.9 30375.5 -1888.06 -858.23 -10454.4 -4773.39 -1548.68 -9084.16 -5593.12 -10960.7 -17317.9 20.1433 -14454.6 -557.465 -1248.99 -637.519 107.183 -583.088 -1188.27 -8211.65 -403.928 -965.961 1844.51 -3868.08 -10607.5 -2028.77 82.5965 1408.36
internal_weight=460 446 36 21 410 366 44 34 354 61 51 40 28 293 20 283 268 258 243 232 219 22 197 187 95 92 34 77 58 56
internal_count=460 446 36 21 410 366 44 34 354 61 51 40 28 293 20 283 268 258 243 232 219 22 197 187 95 92 34 77 58 56
is_linear=0
shrinkage=0.05


Tree=182
num_leaves=31
num_cat=0
split_feature=5 8 5 5 9 11 10 11 5 8 11 11 9 11 10 5 5 5 11 5 1 7 7 0 6 6 11 11 5 7
split_gain=6.29221e+12 3.04812e+12 4.93675e+12 1.47073e+12 1.35871e+12 1.65027e+12 3.79024e+12 2.13277e+12 1.68892e+12 7.28024e+11 1.72268e+12 2.66262e+12 1.60888e+12 1.644e+12 2.042e+12 1.42045e+12 1.19363e+12 1.11748e+12 1.15334e+12 1.32275e+12 1.18824e+12 1.13971e+12 1.11531e+12 1.10885e+12 1.04498e+12 1.05316e+12 1.99225e+12 1.03063e+12 8.19734e+11 5.99118e+11
threshold=3280000.0000000005 12695000.000000002 12695000.000000002 8901550.0000000019 12333087.142857146 11566941.833333334 10302256.071428573 9652651.6666666698 13294200.000000002 6120285.0000000009 6611980.8333333349 6256132.8333333349 8090142.8571428573 7537100.8004385978 8986375.0000000019 9802500.0000000019 9037500.0000000019 8530000.0000000019 6547841.666666667 5344000.0000000009 4.5000000000000009 4697500.0000000009 7432700.0000000009 2.5000000000000004 8399300.0000000019 6196000.0000000009 7211026.3333333349 7265974.5000000009 6405800.0000000009 7432700.0000000009
decision_type=2 2 2 2 2 2 2 2 2 2 2 2 2 2 2 2 2 2 2 2 2 2 2 2 2 2 2 2 2 2
left_child=-1 4 3 -3 5 6 7 8 9 10 11 -2 24 -14 -15 16 17 18 -11 20 -20 -21 23 -23 25 28 -27 -24 -12 -17
right_child=1 2 -4 -5 -6 -7 -8 -9 -10 15 12 -13 13 14 -16 29 -18 -19 19 21 -22 22 27 -25 -26 26 -28 -29 -30 -31
leaf_value=33473.499574497771 -442.14210526315793 -8285.811406249999 43236.286225585936 15784.451948686081 -16564.128124999999 15033.786171875001 -30796.858167613638 20673.066086647726 -16604.753732638888 -11838.558549360796 -18370.110576923078 28294.811077008926 22547.61306152344 -10757.18558134191 15567.431242487983 -22392.941796874995 13791.346891276042 -17937.72606534091 -19451.581760817306 -11551.853203125 -217.09412783668154 6668.3673273259956 13177.44482421875 26111.052130681819 -16575.67717895508 -10277.384960937501 14580.181067537007 -5188.2307460937509 -2533.677577903054 -6238.0844637784094
leaf_weight=13.999999999999998 19 15.000000000000002 9.9999999999999982 10.999999999999998 14.999999999999998 14.999999999999998 10.999999999999998 10.999999999999998 18 22 12.999999999999998 13.999999999999998 11.999999999999998 17.000000000000004 12.999999999999998 12.000000000000002 11.999999999999998 10.999999999999998 12.999999999999998 9.9999999999999982 21 22 10.999999999999998 10.999999999999998 15.999999999999998 13.999999999999998 19 25 22 10.999999999999998
leaf_count=14 19 15 10 11 15 15 11 11 18 22 13 14 12 17 13 12 12 11 13 10 21 22 11 11 16 14 19 25 22 11
internal_value=467.246 -568.825 13380.7 1897.76 -1793.66 -1232.76 -1874.86 -1012.68 -1679.01 -888.819 1579.74 11749.3 -1083.71 6906.57 650.148 -3057.34 -1367.36 -2613.28 -1364.63 674.546 -7571.46 4223.46 6509.74 13149.3 -5078.85 -2373.71 4034.55 423.503 -8415.78 -14666.7
internal_weight=460 446 36 26 410 395 380 369 358 340 159 33 126 42 30 181 158 146 135 113 34 79 69 33 84 68 33 36 35 23
internal_count=460 446 36 26 410 395 380 369 358 340 159 33 126 42 30 181 158 146 135 113 34 79 69 33 84 68 33 36 35 23
is_linear=0
shrinkage=0.05


Tree=183
num_leaves=31
num_cat=0
split_feature=5 8 6 7 8 8 2 11 5 10 7 7 7 10 10 8 7 7 0 2 10 6 7 6 5 8 8 6 5 10
split_gain=5.67872e+12 2.76685e+12 3.96394e+12 1.27071e+12 2.5491e+12 4.11699e+12 1.96422e+12 1.7397e+12 1.09866e+12 9.28201e+11 8.79648e+11 2.09053e+12 1.54354e+12 1.8839e+12 1.52572e+12 2.85689e+12 1.15093e+12 1.6286e+12 7.63747e+11 7.43899e+11 7.27514e+11 6.62059e+11 8.15794e+11 7.65778e+11 7.6395e+11 6.61515e+11 6.39331e+11 5.95962e+11 1.39137e+12 1.33656e+12
threshold=3280000.0000000005 12415000.000000002 7287800.0000000009 9932500.0000000019 4371750.0000000009 5767650.0000000009 325.50000000000006 9930848.333333334 13294200.000000002 8267596.0714285718 6457500.0000000009 5948085.0000000009 5051000.0000000009 7976223.8095238106 6358571.42857143 6021300.0000000009 3432750.0000000005 2888000.0000000005 2.5000000000000004 205.50000000000003 7792694.444444445 9761000.0000000019 7596300.0000000009 5580500.0000000009 7039250.0000000009 6457500.0000000009 5708800.0000000009 6051000.0000000009 10060700.000000002 8339706.0714285718
decision_type=2 2 2 2 2 2 2 2 2 2 2 2 2 2 2 2 2 2 2 2 2 2 2 2 2 2 2 2 2 2
left_child=-1 3 9 7 -5 -6 27 8 10 -3 11 12 16 26 15 -12 17 -2 25 -20 -13 22 -16 -24 -25 -18 -14 -7 29 -29
right_child=1 2 -4 4 5 6 -8 -9 -10 -11 14 20 13 -15 21 -17 18 -19 19 -21 -22 -23 23 24 -26 -27 -28 28 -30 -31
leaf_value=31799.822802734376 -6294.9835069444434 -12881.119620028405 28566.298961759872 -30940.478476562505 16045.757689144737 4730.7009375000007 -28820.525732421876 14750.814322916667 -12888.980129523028 7659.3132102272721 -4458.1929882812483 -8077.8908052884599 8871.5508877840912 19326.203906250001 -3747.6339074028861 32467.604651988637 3937.5422776442301 18124.916228693182 -7467.7717602539042 -26753.759931793218 -25150.44168294271 -7809.1354213169652 -2033.8235094572372 4601.9158714657742 20024.621769831734 -11472.418880208334 -6008.4089239211316 -13699.994628906248 -23780.752343750002 10429.085866477273
leaf_weight=13.999999999999998 18.000000000000004 11.000000000000002 19 9.9999999999999982 19 9.9999999999999982 11.999999999999998 18 19 10.999999999999998 10.000000000000002 13.000000000000002 10.999999999999998 18 36 10.999999999999998 13.000000000000002 10.999999999999998 10.000000000000002 9.9999999999999982 11.999999999999998 21 19 21 12.999999999999998 14.999999999999998 21 12.000000000000002 10.999999999999998 10.999999999999998
leaf_count=14 18 11 19 10 19 10 12 18 19 11 10 13 11 18 36 11 13 11 10 10 12 21 19 21 13 15 21 12 11 11
internal_value=443.883 -540.384 11837.1 -1793.41 -7227.56 -4065.84 -10889.4 -349.963 -1250.01 -2610.9 -468.594 -3056.48 -454.859 6385.64 2534.14 14883.9 -4896.74 2967.74 -9648.2 -17110.8 -16272.7 176.464 2060.71 6005.99 10498.8 -4317.79 -893.423 -5999.12 -9154.95 -2160
internal_weight=460 446 41 405 85 75 56 320 302 22 283 152 127 50 131 21 77 29 48 20 25 110 89 53 34 28 32 44 34 23
internal_count=460 446 41 405 85 75 56 320 302 22 283 152 127 50 131 21 77 29 48 20 25 110 89 53 34 28 32 44 34 23
is_linear=0
shrinkage=0.05


Tree=184
num_leaves=31
num_cat=0
split_feature=5 11 10 4 5 7 9 9 2 10 10 7 10 11 6 6 7 2 10 7 6 11 2 9 11 10 10 5 11 7
split_gain=5.12505e+12 1.86487e+12 2.0347e+12 4.8159e+12 1.56474e+12 1.53505e+12 8.97921e+11 1.57186e+12 1.73955e+12 8.28437e+11 1.72719e+12 1.46374e+12 1.44249e+12 9.46969e+11 7.31754e+11 3.00703e+12 9.10876e+11 1.17559e+12 9.03596e+11 9.75232e+11 1.01556e+12 7.96091e+11 7.72708e+11 7.65361e+11 1.04585e+12 1.25385e+12 8.29904e+11 6.42722e+11 5.88224e+11 9.25137e+11
threshold=3280000.0000000005 11691915.66666667 10302256.071428573 1.0000000180025095e-35 10909000.000000002 7662375.0000000009 9368578.5714285728 9763335.7142857164 299.50000000000006 8398294.6428571437 8184475.0000000009 6051000.0000000009 7943010.7142857155 8652095.0000000019 5803250.0000000009 5948085.0000000009 3432750.0000000005 174.50000000000003 6031524.6428571446 10576250.000000002 6431300.0000000009 6424456.5000000009 235.50000000000003 6572471.42857143 6969908.6666666679 6819388.2142857155 6694463.92857143 5873000.0000000009 9243590.0000000019 7662375.0000000009
decision_type=2 2 2 2 2 2 2 2 2 2 2 2 2 2 2 2 2 2 2 2 2 2 2 2 2 2 2 2 2 2
left_child=-1 2 3 6 -3 -4 9 -8 28 10 12 -11 14 -13 16 -16 -2 27 -17 20 -20 -19 -23 26 25 -25 -22 -18 29 -9
right_child=1 4 5 -5 -6 -7 7 8 -10 11 -12 13 -14 -15 15 18 17 21 19 -21 23 22 -24 24 -26 -27 -28 -29 -30 -31
leaf_value=30209.830636160717 8721.6342187500013 -926.92195312499973 -152.93281249999995 26526.44384765625 25853.190673828125 -24416.659130859378 -25315.505625000002 -2258.2831730769226 -21791.428671875001 18482.919823404951 -15723.188183593751 -8251.753213840062 12426.362288513184 7752.1427888569078 26977.718925781253 -13951.62315204327 -24234.542309570308 -10071.195749383223 15603.400239701707 -15127.875771484376 116.25810102982956 -4285.1925362723205 13423.539379882814 658.84854625355092 892.2277754989326 -22277.782872596155 16462.634318033855 -8709.6997786458342 -7119.1643310546879 17970.286308593753
leaf_weight=13.999999999999998 9.9999999999999982 10.000000000000002 11.000000000000002 15.999999999999998 11.999999999999998 15.999999999999998 9.9999999999999982 13.000000000000002 9.9999999999999982 14.999999999999998 20 18 20 19 9.9999999999999982 12.999999999999998 12.000000000000002 19 10.999999999999998 9.9999999999999982 22 14.000000000000002 10.999999999999998 11.000000000000002 51 12.999999999999998 11.999999999999998 14.999999999999998 11.999999999999998 9.9999999999999982
leaf_count=14 10 10 11 16 12 16 10 13 10 15 20 18 20 19 10 13 12 19 11 10 22 14 11 11 51 13 12 15 12 10
internal_value=421.689 -513.365 -1249.83 -346.551 13680.4 -14531.4 -1475.08 -7384.62 -3399.98 -478.067 -1576.11 5307.75 -462.162 -33.5363 -1563.75 470.678 -5406.54 -7396.43 -1382.96 -126.095 1124.05 -2356.51 3506.65 -337.165 -3158.14 -11765.2 5885.57 -15609.6 1854.72 6536.75
internal_weight=460 446 424 397 22 27 381 55 45 326 274 52 254 37 234 153 81 71 143 130 120 44 25 109 75 24 34 27 35 23
internal_count=460 446 424 397 22 27 381 55 45 326 274 52 254 37 234 153 81 71 143 130 120 44 25 109 75 24 34 27 35 23
is_linear=0
shrinkage=0.05


Tree=185
num_leaves=31
num_cat=0
split_feature=5 7 7 1 7 0 5 4 11 0 9 2 5 6 1 5 11 7 6 5 2 9 6 8 2 7 11 8 11 9
split_gain=5.34397e+12 3.64791e+12 7.78173e+12 1.45018e+13 5.3082e+12 9.95505e+12 4.06512e+12 3.15539e+12 2.51255e+12 1.75489e+12 1.7273e+12 1.44402e+12 1.51603e+12 2.16699e+12 1.84474e+12 1.79141e+12 1.13791e+12 1.08868e+12 1.20148e+12 1.22082e+12 1.06561e+12 9.66621e+11 9.92379e+11 8.70633e+11 9.08772e+11 6.08207e+11 5.50027e+11 5.66647e+11 5.42306e+11 4.90217e+11
threshold=18678800.000000004 5838300.0000000009 6303000.0000000009 4.5000000000000009 5408200.0000000009 2.5000000000000004 3341800.0000000005 1.0000000180025095e-35 6268048.166666667 1.0000000180025095e-35 7618515.7142857155 354.50000000000006 11504000.000000002 10437500.000000002 9.5000000000000018 10437500.000000002 7332356.7222222229 13264235.000000002 9157335.0000000019 6051000.0000000009 78.500000000000014 6188313.5714285718 9712300.0000000019 9742000.0000000019 129.50000000000003 9742000.0000000019 6510461.666666667 6575025.0000000009 7265974.5000000009 7540357.1428571437
decision_type=2 2 2 2 2 2 2 2 2 2 2 2 2 2 2 2 2 2 2 2 2 2 2 2 2 2 2 2 2 2
left_child=1 4 3 -3 9 -6 -4 8 -8 16 20 12 15 14 -14 17 -1 18 25 -20 -10 -22 28 24 -11 -12 -26 29 -23 -28
right_child=-2 2 6 -5 5 -7 7 -9 10 23 11 -13 13 -15 -16 -17 -18 -19 19 -21 21 22 -24 -25 26 -27 27 -29 -30 -31
leaf_value=-3800.5250976562488 33033.075992838545 75653.507089843726 -28792.009423828127 1265.3772422388981 -61116.078645833317 3288.3903320312502 20375.282435825895 27181.482883522731 -20966.647904829544 -14044.412730146709 -7819.4705592105256 20682.357890625004 17986.531699218744 -23037.674100167413 -11091.088911946616 22497.851953125002 16567.659570312502 -11468.031328876203 -2052.8487890624997 19736.226106770835 -14891.905859375001 5535.039263371059 -16620.732812500002 -19728.782244318183 -9107.0541748046871 7414.6632617187497 4200.8164772727259 9103.6383789062511 -3742.9048543294275 -10726.542729048297
leaf_weight=12.000000000000002 11.999999999999998 10.000000000000002 11.999999999999998 19 12.000000000000002 11.999999999999998 13.999999999999998 10.999999999999998 10.999999999999998 19 19.000000000000004 9.9999999999999982 10.000000000000002 13.999999999999998 11.999999999999998 11.999999999999998 15.999999999999998 12.999999999999998 10.000000000000002 18 18 28 9.9999999999999982 10.999999999999998 15.999999999999998 9.9999999999999982 11.000000000000002 15.999999999999998 36 10.999999999999998
leaf_count=12 12 10 12 19 12 12 14 11 11 19 19 10 10 14 12 12 16 13 10 18 18 28 10 11 16 10 11 16 36 11
internal_value=119.475 -792.68 2312.87 26916.5 -7574.66 -28913.8 -349.454 983.791 -192.432 -3001.98 -1438.96 2439.52 893.516 -7659.87 2126.01 4648.66 7838.44 1588.8 4566.67 11954.4 -6258.82 -4500.27 -1972.58 -6615.45 -4639.47 -2566.32 -1330.33 1944.08 316.196 -3262.86
internal_weight=445 433 297 29 136 24 268 256 245 112 231 128 118 36 22 82 28 70 57 28 103 92 74 84 73 29 54 38 64 22
internal_count=445 433 297 29 136 24 268 256 245 112 231 128 118 36 22 82 28 70 57 28 103 92 74 84 73 29 54 38 64 22
is_linear=0
shrinkage=0.05


Tree=186
num_leaves=31
num_cat=0
split_feature=7 7 11 4 1 5 11 9 7 10 10 5 2 2 9 5 2 5 8 5 5 11 9 8 7 5 5 8 11 8
split_gain=4.91495e+12 9.79877e+12 2.02771e+13 4.83492e+12 4.30149e+12 3.54403e+12 2.11704e+12 2.70865e+12 3.17138e+12 1.62692e+12 1.79501e+12 1.53882e+12 1.14218e+12 1.90281e+12 1.06492e+12 9.39065e+11 9.17382e+11 1.11211e+12 1.7184e+12 1.79571e+12 1.10259e+12 7.89449e+11 7.4541e+11 7.11771e+11 9.1936e+11 6.48804e+11 1.13272e+12 1.73225e+12 6.77088e+11 5.19819e+11
threshold=5838300.0000000009 6303000.0000000009 7585321.5000000009 1.0000000180025095e-35 1.5000000000000002 3341800.0000000005 6268048.166666667 10065485.714285716 14475500.000000002 6375039.2857142864 10302256.071428573 10727235.000000002 316.50000000000006 348.50000000000006 11339707.142857146 4405000.0000000009 177.50000000000003 5485500.0000000009 5580500.0000000009 9306250.0000000019 7835950.0000000009 9208617.5000000019 7100608.5714285718 9187935.0000000019 4697500.0000000009 8575200.0000000019 5211500.0000000009 6145050.0000000009 7585321.5000000009 8927750.0000000019
decision_type=2 2 2 2 2 2 2 2 2 2 2 2 2 2 2 2 2 2 2 2 2 2 2 2 2 2 2 2 2 2
left_child=4 2 -2 5 -1 -3 -7 9 11 -8 15 29 23 -14 -13 -11 20 -18 -19 21 22 -20 -17 25 -25 26 27 -6 -28 -9
right_child=1 3 -4 -5 12 6 7 8 -10 10 -12 14 13 -15 -16 16 17 18 19 -21 -22 -23 -24 24 -26 -27 28 -29 -30 -31
leaf_value=-39179.457128906251 1768.0229351806638 -27352.409098307297 88968.518945312506 29350.058649553575 -355.84287109374992 19356.519691685269 -20657.131535456734 5106.6039843749986 33109.916193181816 -14269.182289632163 -20915.447721354169 5441.1266335227265 -31595.903515624988 -751.08417968750007 -16096.8353515625 -8449.8867708333328 18107.770951704544 -8894.2674787248889 -5152.7746445312505 18758.135372121713 -16567.081106770835 10920.966268643468 6641.9688076443144 -6336.4746874999983 14190.902986653648 -13114.572412109375 4888.1356635199654 -27602.76683837891 -9818.7367968750004 21228.309924316407
leaf_weight=9.9999999999999982 20.000000000000004 11.999999999999998 9.9999999999999982 13.999999999999998 14.000000000000002 13.999999999999998 12.999999999999998 10.000000000000002 10.999999999999998 11.999999999999998 11.999999999999998 11.000000000000002 10.000000000000002 9.9999999999999982 11.999999999999998 14.999999999999998 10.999999999999998 28 25 19 14.999999999999998 10.999999999999998 18 10.000000000000002 11.999999999999998 20 36 9.9999999999999982 9.9999999999999982 9.9999999999999982
leaf_count=10 20 12 10 14 14 14 13 10 11 12 12 11 10 10 12 15 11 28 25 19 15 11 18 10 12 20 36 10 10 10
internal_value=113.501 3710.77 30834.9 730.096 -7562.35 -816.929 472.244 -662.433 9152.75 -3623.44 -2289.47 3024.17 -5167.12 -16173.5 -5796.07 -838.1 296.921 3168.74 1188.87 6322.11 -5327.06 -241.354 -217.966 -3201.69 4860.28 -5172.39 -2903.2 -11708.7 1690.99 13167.5
internal_weight=445 303 30 273 142 259 247 233 54 179 166 43 132 20 23 154 142 94 83 55 48 36 33 112 22 90 70 24 46 20
internal_count=445 303 30 273 142 259 247 233 54 179 166 43 132 20 23 154 142 94 83 55 48 36 33 112 22 90 70 24 46 20
is_linear=0
shrinkage=0.05


Tree=187
num_leaves=31
num_cat=0
split_feature=5 4 1 7 5 2 5 5 10 9 6 2 9 10 5 5 2 5 0 0 5 11 2 6 5 5 9 7 10 5
split_gain=4.67961e+12 3.19454e+12 9.35521e+12 1.55407e+13 3.85644e+12 1.0472e+12 1.01078e+12 1.46386e+12 1.99517e+12 6.76031e+11 6.37074e+11 9.90892e+11 8.82444e+11 1.55247e+12 1.13813e+12 1.84503e+12 1.1853e+12 1.04373e+12 1.50508e+12 8.63092e+11 8.67226e+11 6.29532e+11 6.28279e+11 7.54241e+11 7.48697e+11 1.63951e+12 6.03721e+11 4.67301e+11 3.50461e+11 3.04801e+11
threshold=18678800.000000004 1.0000000180025095e-35 1.5000000000000002 6303000.0000000009 3280000.0000000005 354.50000000000006 13026200.000000002 11504000.000000002 9998980.3571428601 10580956.428571431 18678800.000000004 309.50000000000006 9559564.2857142892 9342578.928571431 7107500.0000000009 7503200.0000000009 93.500000000000014 6953135.0000000009 5.5000000000000009 5.5000000000000009 8575200.0000000019 8729134.5000000019 183.50000000000003 4613000.0000000009 5368200.0000000009 5873000.0000000009 6656307.1428571437 4697500.0000000009 7004323.2142857155 4202500.0000000009
decision_type=2 2 2 2 2 2 2 2 2 2 2 2 2 2 2 2 2 2 2 2 2 2 2 2 2 2 2 2 2 2
left_child=1 2 3 -1 -4 6 7 10 -9 -7 11 12 14 -14 17 -16 -17 18 22 20 26 -13 23 -6 29 -26 -18 -22 -27 -24
right_child=-2 -3 4 -5 5 9 -8 8 -10 -11 -12 21 13 -15 15 16 19 -19 -20 -21 27 -23 24 -25 25 28 -28 -29 -30 -31
leaf_value=74292.227408114326 30907.647493489581 -23416.842473958335 -28711.482421875 -1979.5460276884191 -15013.685351562501 927.77363281249973 9908.9947699652785 -1373.7926914760042 -29829.514098011365 19312.975234375001 11094.712187500001 -3606.1174749755864 22116.770276988631 -5103.6481103515625 -22596.924386160714 -17409.190690104166 -5055.0205078124991 16755.269941406248 -17722.828950639207 9392.0103889016555 -17838.06198508522 -16912.353468322755 5446.4820770263677 198.64157187721946 26937.741826171878 -4267.4216705322251 10497.319334059495 -4270.1443554687503 7816.6802978515625 -3262.5611590350118
leaf_weight=11.000000000000002 11.999999999999998 14.999999999999998 12.999999999999998 17 9.9999999999999982 10.000000000000002 18 14.000000000000002 10.999999999999998 9.9999999999999982 9.9999999999999982 20 11.000000000000002 9.9999999999999982 13.999999999999998 11.999999999999998 12.000000000000002 9.9999999999999982 10.999999999999998 17 11.000000000000002 15.999999999999998 15.999999999999998 44 9.9999999999999982 10.000000000000002 12.999999999999998 14.999999999999998 14.999999999999998 27
leaf_count=11 12 15 13 17 10 10 18 14 11 10 10 20 11 10 14 12 12 10 11 17 11 16 16 44 10 10 13 15 15 27
internal_value=107.826 -745.748 67.8077 27984.4 -1936.46 -1013.18 -1636.91 -2249.97 -13894.3 10120.4 -1322.87 -1731.34 -685.105 9154.67 -1521.68 -5851.8 -2921.4 1138.65 46.575 -364.732 -3616.98 -9520 1527.36 -2618.46 4397.54 9827.24 3032.2 -10010.4 2983.04 -21.9869
internal_weight=445 433 418 28 390 377 357 339 25 20 314 304 268 21 247 94 80 153 143 68 51 36 132 54 78 35 25 26 25 43
internal_count=445 433 418 28 390 377 357 339 25 20 314 304 268 21 247 94 80 153 143 68 51 36 132 54 78 35 25 26 25 43
is_linear=0
shrinkage=0.05


Tree=188
num_leaves=31
num_cat=0
split_feature=7 7 11 1 4 5 9 7 11 10 10 9 10 2 2 5 7 5 6 5 8 8 8 11 8 7 5 5 8 11
split_gain=4.56998e+12 8.46746e+12 1.74837e+13 4.52885e+12 4.5196e+12 2.98929e+12 1.84116e+12 2.83023e+12 2.38348e+12 1.42545e+12 1.59619e+12 1.41374e+12 1.23049e+12 1.03696e+12 1.73327e+12 8.62496e+11 8.27708e+11 1.19484e+12 1.078e+12 1.09588e+12 1.57678e+12 9.73248e+11 7.15245e+11 1.00558e+12 5.93928e+11 8.28593e+11 5.34622e+11 9.70739e+11 1.50945e+12 6.09613e+11
threshold=5838300.0000000009 6303000.0000000009 7585321.5000000009 1.5000000000000002 1.0000000180025095e-35 3341800.0000000005 10065485.714285716 14475500.000000002 6268048.166666667 6375039.2857142864 10302256.071428573 12333087.142857146 9864191.0714285728 316.50000000000006 348.50000000000006 4697500.0000000009 14475500.000000002 10784000.000000002 11568950.000000002 7107500.0000000009 5485500.0000000009 8896500.0000000019 5142500.0000000009 7630402.8333333349 9187935.0000000019 4697500.0000000009 8575200.0000000019 5211500.0000000009 6145050.0000000009 7585321.5000000009
decision_type=2 2 2 2 2 2 2 2 2 2 2 2 2 2 2 2 2 2 2 2 2 2 2 2 2 2 2 2 2 2
left_child=3 2 -2 -1 5 -3 8 11 -7 -10 15 12 -8 24 -15 -11 17 18 19 20 -17 -22 -21 -24 26 -26 27 28 -5 -29
right_child=1 4 -4 13 -6 6 7 -9 9 10 -12 -13 -14 14 -16 16 -18 -19 -20 22 21 -23 23 -25 25 -27 -28 29 -30 -31
leaf_value=-39741.08203125 1794.8901904296872 -25065.705948893228 82766.436345825205 -263.04806082589283 28471.350306919645 18073.465054757256 -1034.2633875229781 31281.661008522729 -19292.932296048679 -11720.703100299836 -19664.306966145836 -12603.0078125 18613.523203125002 -30047.877656249988 -609.25035156249999 15645.672252699907 -12005.030330403646 15509.281819588799 13553.001697716347 -17977.415494791665 -8025.08658212515 9716.788330078125 4244.8620334201396 -13283.96265625 -6233.985156249998 13253.749055989585 -11978.422730712891 4577.6500705295139 -25697.402773437501 -9377.1858789062517
leaf_weight=9.9999999999999982 20.000000000000004 11.999999999999998 9.9999999999999982 14.000000000000002 13.999999999999998 13.999999999999998 17 10.999999999999998 12.999999999999998 15.999999999999998 11.999999999999998 10.999999999999998 14.999999999999998 10.000000000000002 9.9999999999999982 17 11.999999999999998 13.999999999999998 12.999999999999998 11.999999999999998 26 10.999999999999998 18 14.999999999999998 10.000000000000002 11.999999999999998 20 36 9.9999999999999982 9.9999999999999982
leaf_count=10 20 12 10 14 14 14 17 11 13 16 12 11 15 10 10 17 12 14 13 12 26 11 18 15 10 12 20 36 10 10
internal_value=102.435 3571.16 28785.4 -7299.14 800.366 -695.363 488.622 8649.73 -1794.8 -3348.74 -2100.1 2860.17 8175.64 -4841.42 -15328.6 -731.459 542.656 1737.67 16.2229 -1761.33 3040.9 -2750.48 -7524.02 -3722.79 -2968.72 4395.69 -4768.91 -2709.05 -10860.7 1543.99
internal_weight=445 303 30 142 273 259 247 54 193 179 166 43 32 132 20 154 138 126 112 99 54 37 45 33 112 22 90 70 24 46
internal_count=445 303 30 142 273 259 247 54 193 179 166 43 32 132 20 154 138 126 112 99 54 37 45 33 112 22 90 70 24 46
is_linear=0
shrinkage=0.05


Tree=189
num_leaves=31
num_cat=0
split_feature=7 5 5 1 4 2 2 2 2 11 11 5 8 8 9 10 5 10 5 2 0 8 10 8 7 8 8 5 0 5
split_gain=4.12441e+12 7.68761e+12 7.15808e+12 4.08729e+12 2.57817e+12 2.1239e+12 1.77779e+12 9.35852e+11 1.56427e+12 7.98489e+11 1.2703e+12 9.01109e+11 8.59698e+11 1.40677e+12 1.13777e+12 8.17327e+11 7.51569e+11 7.2307e+11 1.19588e+12 7.87168e+11 1.57475e+12 6.08054e+11 5.79699e+11 5.3602e+11 7.47805e+11 5.13234e+11 5.02737e+11 7.22258e+11 8.61057e+11 5.77331e+11
threshold=5838300.0000000009 16181750.000000002 3207800.0000000005 1.5000000000000002 1.0000000180025095e-35 354.50000000000006 341.50000000000006 316.50000000000006 348.50000000000006 6268048.166666667 6577307.833333334 4658000.0000000009 10727235.000000002 12556000.000000002 6774835.7142857155 7056348.2142857155 3960000.0000000005 8281153.2142857155 10482500.000000002 319.50000000000006 5.5000000000000009 6533000.0000000009 6922347.8571428582 9187935.0000000019 4697500.0000000009 5130500.0000000009 8247000.0000000009 8575200.0000000019 1.5000000000000002 5408200.0000000009
decision_type=2 2 2 2 2 2 2 2 2 2 2 2 2 2 2 2 2 2 2 2 2 2 2 2 2 2 2 2 2 2
left_child=3 2 -2 -1 5 6 9 23 -9 -4 -11 16 14 -14 15 -13 -12 18 22 20 21 25 -16 26 -25 -19 27 28 -5 -30
right_child=1 -3 4 7 -6 -7 -8 8 -10 10 11 12 13 -15 17 -17 -18 19 -20 -21 -22 -23 -24 24 -26 -27 -28 -29 29 -31
leaf_value=-37754.027392578129 43418.854072265625 44426.186434659088 9633.2091786104102 8592.0341308593761 24102.179758522729 17695.769890950523 -22328.096406249999 -28545.483124999988 -578.78785156250001 -19025.285849609376 -2237.8342285156245 -10368.206035924843 -18379.5872265625 1668.7246442522323 15574.954091796877 5800.7297052556823 -20470.352900390626 5093.2689062499985 24147.671181640628 13035.919673295455 -15479.721873372395 9129.5384232954548 1880.0793959673713 -5922.2857812499979 12591.061816406251 -10926.0068359375 -14057.896638997398 -12535.89356918335 -10663.32876953125 839.06240310668954
leaf_weight=9.9999999999999982 9.9999999999999982 10.999999999999998 17 18 10.999999999999998 14.999999999999998 9.9999999999999982 10.000000000000002 9.9999999999999982 9.9999999999999982 13.000000000000002 27 14.999999999999998 21 9.9999999999999982 10.999999999999998 9.9999999999999982 10.000000000000002 9.9999999999999982 10.999999999999998 14.999999999999998 22 34 10.000000000000002 11.999999999999998 9.9999999999999982 11.999999999999998 15.999999999999998 20 24
leaf_count=10 10 11 17 18 11 15 10 10 10 10 13 27 15 21 10 11 10 10 10 11 15 22 34 10 12 10 12 16 20 24
internal_value=97.3133 3392.6 1846.82 -6934.19 372.633 -590.559 -1662.02 -4599.35 -14562.1 -821.939 -1598.09 -802.323 296.36 -6684.74 1867.11 -5687.72 -10165 4220.25 8539.8 790.026 -1573.22 3393.39 4992.55 -2820.28 4175.9 -2916.37 -4530.46 -3064.7 -620.524 -4389.3
internal_weight=445 303 292 142 282 271 256 132 20 246 229 219 196 36 160 38 23 122 54 68 57 42 44 112 22 20 90 78 62 44
internal_count=445 303 292 142 282 271 256 132 20 246 229 219 196 36 160 38 23 122 54 68 57 42 44 112 22 20 90 78 62 44
is_linear=0
shrinkage=0.05


Tree=190
num_leaves=31
num_cat=0
split_feature=5 2 9 9 10 11 9 11 8 11 10 6 9 9 10 0 10 5 5 2 2 2 9 0 11 8 5 0 9 6
split_gain=1.12217e+13 2.7546e+12 8.96528e+12 1.37983e+12 2.85571e+12 5.05562e+12 1.14849e+12 1.09506e+12 2.75317e+12 2.2564e+12 1.15859e+12 1.13127e+12 1.75009e+12 2.49081e+12 1.15477e+12 2.08975e+12 9.87744e+11 8.03219e+11 1.11074e+12 8.20033e+11 1.00797e+12 1.76504e+12 1.54108e+12 1.10839e+12 1.6292e+12 8.0408e+11 7.77219e+11 1.21684e+12 7.7071e+11 1.17667e+12
threshold=3207800.0000000005 30.500000000000004 9107221.428571431 13420085.000000002 11577390.000000002 10018076.66666667 8090142.8571428573 8892930.0000000019 11568950.000000002 8697258.333333334 9554503.5714285728 5838300.0000000009 6202457.1428571437 5845521.42857143 7489605.3571428582 1.5000000000000002 9901201.7857142873 5873000.0000000009 5408200.0000000009 319.50000000000006 81.500000000000014 114.50000000000001 6188313.5714285718 1.5000000000000002 7671406.1666666679 5538185.0000000009 5100500.0000000009 2.5000000000000004 6478949.2857142864 4697500.0000000009
decision_type=2 2 2 2 2 2 2 2 2 2 2 2 2 2 2 2 2 2 2 2 2 2 2 2 2 2 2 2 2 2
left_child=-1 2 6 4 5 7 -2 9 10 11 -9 12 13 -3 28 -16 -12 18 26 20 -19 -22 -23 -24 25 -25 27 -13 -14 -30
right_child=1 3 -4 -5 -6 -7 -8 8 -10 -11 16 17 14 -15 15 -17 -18 19 -20 -21 21 22 23 24 -26 -27 -28 -29 29 -31
leaf_value=-53999.084687500006 -9872.1441406249978 -160.14561298076922 -53841.043084106444 -17632.708203124999 21219.864062500001 -31662.97418619792 12666.40255408654 -8684.3857604980476 29044.224108378097 -22040.769646661935 19712.720987215904 17185.046608664776 -16223.412856445313 29741.991905924482 26193.706693892047 41.905363281250004 -645.03066406250002 -12098.812583705358 16494.290384615386 -15355.559014423079 17135.345010141227 -21082.664023437501 -10014.864527529762 6710.8705639648442 20704.226704545457 -6739.703757812501 -12391.547773437502 -2897.4970153808595 8949.5187442555161 -9393.4849338107651
leaf_weight=9.9999999999999982 10.000000000000002 13.000000000000002 9.9999999999999982 9.9999999999999982 17 11.999999999999998 12.999999999999998 15.999999999999998 11.999999999999998 10.999999999999998 11.000000000000002 10.999999999999998 9.9999999999999982 14.999999999999998 10.999999999999998 25 12.999999999999998 21 12.999999999999998 12.999999999999998 12.999999999999998 9.9999999999999982 21 20 10.999999999999998 25 9.9999999999999982 24 17 18
leaf_count=10 10 13 10 10 17 12 13 16 12 11 11 11 10 15 11 25 13 21 13 13 13 10 21 20 11 25 10 24 17 18
internal_value=-1629.97 -428.842 -14317.2 708.42 1175.12 268.837 2867.03 1321.53 8039.14 201.934 1737.61 1014.79 5083.04 15858.9 1358.07 8032.73 8685.61 -1294.79 3620.79 -3422.43 -2140.36 -49.08 -2616.87 -218.712 3454.84 -761.671 -98.2199 3414.16 -3981.67 -484.026
internal_weight=446 436 33 403 393 376 23 364 52 312 40 301 109 28 81 36 24 192 58 134 121 100 87 77 56 45 45 35 45 35
internal_count=446 436 33 403 393 376 23 364 52 312 40 301 109 28 81 36 24 192 58 134 121 100 87 77 56 45 45 35 45 35
is_linear=0
shrinkage=0.05


Tree=191
num_leaves=31
num_cat=0
split_feature=5 2 9 7 5 2 5 2 7 9 10 8 0 5 5 5 6 6 9 5 8 6 8 6 7 7 6 0 6 6
split_gain=1.01276e+13 2.48603e+12 8.09116e+12 1.33105e+12 2.54225e+12 1.90131e+12 3.52476e+12 2.49522e+12 2.35518e+12 1.89562e+12 1.51595e+12 2.90542e+12 1.62361e+12 1.109e+12 8.04508e+11 7.56442e+11 6.30284e+11 7.8997e+11 6.68707e+11 4.7048e+11 1.03502e+12 1.4984e+12 1.56865e+12 1.39334e+12 9.25291e+11 6.24496e+11 8.26801e+11 5.20685e+11 5.6552e+11 4.12142e+11
threshold=3207800.0000000005 30.500000000000004 9107221.428571431 15109650.000000002 12203975.000000002 249.50000000000003 14614885.000000002 354.50000000000006 10727235.000000002 5884290.7142857155 9901201.7857142873 9523725.0000000019 5.5000000000000009 6975000.0000000009 9802500.0000000019 10909000.000000002 4292800.0000000009 5321500.0000000009 9166200.0000000019 10060700.000000002 3904000.0000000005 10752235.000000002 4658000.0000000009 9157335.0000000019 5898500.0000000009 5211500.0000000009 7740500.0000000009 2.5000000000000004 6754300.0000000009 7198000.0000000009
decision_type=2 2 2 2 2 2 2 2 2 2 2 2 2 2 2 2 2 2 2 2 2 2 2 2 2 2 2 2 2 2
left_child=-1 2 13 5 -5 8 7 10 9 -3 12 -12 14 -2 16 19 -7 -18 29 20 24 22 -22 25 -11 -24 27 -27 -29 -19
right_child=1 3 -4 4 -6 6 -8 -9 -10 15 11 -13 -14 -15 -16 -17 17 18 -20 -21 21 -23 23 -25 -26 26 -28 28 -30 -31
leaf_value=-51299.131210937507 -8743.7654829545427 21675.569744318185 -51148.990874023439 -4578.6677050781236 31074.170859375005 13337.776220703126 -31439.791652610085 17229.420000000002 20353.844702148439 16169.453664981615 -572.04618566176464 -31972.741631610577 -16098.421991157533 13235.509895833335 -9356.9572656250002 10747.325633239747 -11637.991328125001 6488.5398254394531 13519.993479567307 -10163.969645182293 -18874.356293945311 -16675.914648437501 -6470.7535330636165 17890.738395182292 -1550.9484450120192 263.92766239560882 -9014.0402043269241 4107.0981531479774 18656.734801136365 -4058.0951083096588
leaf_weight=9.9999999999999982 11.000000000000002 10.999999999999998 9.9999999999999982 10.000000000000002 9.9999999999999982 12.999999999999998 10.999999999999998 14.999999999999998 18 17.000000000000004 17.000000000000004 12.999999999999998 15.999999999999998 11.999999999999998 14.999999999999998 15.999999999999998 9.9999999999999982 15.999999999999998 12.999999999999998 11.999999999999998 9.9999999999999982 14.999999999999998 28 11.999999999999998 12.999999999999998 29 12.999999999999998 17.000000000000004 10.999999999999998 22
leaf_count=10 11 11 10 10 10 13 11 15 18 17 17 13 16 12 15 16 10 16 13 12 10 15 28 12 13 29 13 17 11 22
internal_value=-1548.47 -407.4 -13601.4 672.999 13247.8 16.3544 -4120.41 -2116.99 3016.44 1486.67 -4266.59 -14179 -1434.47 2723.68 1201.74 336.008 3342.02 1211.78 3731.34 -605.128 90.0606 -1776.73 85.6694 1809.31 8490.61 -159.847 2364.52 4959.63 9823.03 382.593
internal_weight=446 436 33 403 20 383 161 150 222 204 135 30 105 23 89 193 74 61 51 177 165 135 120 110 30 98 70 57 28 38
internal_count=446 436 33 403 20 383 161 150 222 204 135 30 105 23 89 193 74 61 51 177 165 135 120 110 30 98 70 57 28 38
is_linear=0
shrinkage=0.05


Tree=192
num_leaves=31
num_cat=0
split_feature=4 10 7 10 10 10 10 0 11 7 11 11 2 10 7 8 10 7 7 11 2 10 8 9 10 6 11 7 6 6
split_gain=6.1282e+12 1.61287e+12 5.67669e+12 3.07936e+12 1.34746e+12 1.21568e+12 1.82606e+12 2.30271e+12 1.67613e+12 1.29685e+12 2.57866e+12 2.40781e+12 8.12569e+11 8.07535e+11 6.13936e+11 9.0183e+11 1.12707e+12 1.64254e+12 1.56542e+12 1.11287e+12 8.9571e+11 1.42954e+12 7.275e+11 6.94229e+11 6.9218e+11 6.18749e+11 1.06342e+12 1.0811e+12 4.6198e+11 8.93477e+11
threshold=1.0000000180025095e-35 11577390.000000002 8854500.0000000019 10425942.85714286 5742630.3571428582 8267596.0714285718 8817741.0714285728 1.5000000000000002 8729134.5000000019 7740500.0000000009 9243590.0000000019 8772851.833333334 255.50000000000003 8498984.2857142892 4371750.0000000009 7651000.0000000009 7116631.0714285718 7001700.0000000009 8247000.0000000009 7773976.3333333349 144.50000000000003 6889463.2142857155 5321500.0000000009 6542742.8571428573 6906351.42857143 5838300.0000000009 7387282.5434782617 6369800.0000000009 7001700.0000000009 5640500.0000000009
decision_type=2 2 2 2 2 2 2 2 2 2 2 2 2 2 2 2 2 2 2 2 2 2 2 2 2 2 2 2 2 2
left_child=1 3 -3 4 -1 8 7 -7 14 11 -11 -8 -12 -9 22 16 17 28 -19 20 21 -17 -6 -20 -22 -18 27 -27 29 -16
right_child=-2 2 -4 -5 5 6 9 13 -10 10 12 -13 -14 -15 15 19 25 18 23 -21 24 -23 -24 -25 -26 26 -28 -29 -30 -31
leaf_value=17831.975820312502 -30913.447748161765 -15516.586860795451 31772.647148437503 -25022.188221153847 10963.780518863075 28806.535511997768 -21252.048529411768 -7655.7230273437472 -22654.552851562501 18727.055314555921 4550.9471093749989 5772.2152099609375 -14407.0478515625 11976.254296875 1226.6167163085936 709.06924715909076 7447.4238769531257 -33905.385546875004 -18503.36917818509 -10761.228962053572 6739.8307427300351 26829.5390625 -2015.9636367187502 -1825.9373616536459 -7553.1432128906254 -22152.737855113632 4545.9121892755684 -451.68754069010424 2861.339638671875 -16682.471514423079
leaf_weight=9.9999999999999982 17 11.000000000000002 14.999999999999998 12.999999999999998 19 13.999999999999998 17 10.000000000000002 9.9999999999999982 19 10.000000000000002 15.999999999999998 12.999999999999998 10.999999999999998 15.000000000000002 11.000000000000002 19 9.9999999999999982 13.000000000000002 13.999999999999998 18 9.9999999999999982 25 11.999999999999998 15.999999999999998 11.000000000000002 22 11.999999999999998 20 12.999999999999998
leaf_count=10 17 11 15 13 19 14 17 10 10 19 10 16 13 11 15 11 19 10 13 14 18 10 25 12 16 11 22 12 20 13
internal_value=-1471.05 -304.332 11765.7 -1083.04 -285.069 -761.834 3668.87 13099.2 -2566.93 -731.966 5096 -8149.38 -6164.44 2627.69 -1794.33 -2890.92 -5104.38 -8948.86 -17186 1824.7 5028.4 13147.4 3588.93 -10498.2 13.7254 -118.582 -3313.12 -10830.5 -2942.63 -7088.32
internal_weight=446 429 26 403 390 380 110 35 270 75 42 33 23 21 260 216 147 83 35 69 55 21 44 25 34 64 45 23 48 28
internal_count=446 429 26 403 390 380 110 35 270 75 42 33 23 21 260 216 147 83 35 69 55 21 44 25 34 64 45 23 48 28
is_linear=0
shrinkage=0.05


Tree=193
num_leaves=31
num_cat=0
split_feature=5 2 9 7 0 8 11 11 5 9 9 8 2 6 8 9 9 7 11 7 6 6 6 8 5 9 9 5 7 5
split_gain=8.90534e+12 2.20087e+12 7.16733e+12 1.21047e+12 3.98435e+12 3.37295e+12 3.07848e+12 1.94718e+12 1.56961e+12 1.0235e+12 7.46537e+11 6.07915e+11 6.91646e+11 1.07521e+12 1.01627e+12 2.0124e+12 1.05249e+12 9.23556e+11 6.92164e+11 9.28485e+11 6.86492e+11 1.37881e+12 1.55402e+12 1.16745e+12 1.12745e+12 6.85184e+11 8.00189e+11 6.65035e+11 6.07311e+11 5.80866e+11
threshold=3207800.0000000005 30.500000000000004 9107221.428571431 10671075.000000002 5.5000000000000009 7370200.0000000009 10018076.66666667 11497119.66666667 13294200.000000002 8090142.8571428573 8816657.1428571437 12415000.000000002 330.50000000000006 14885500.000000002 5990000.0000000009 5884290.7142857155 6285101.42857143 5767650.0000000009 8574432.1666666679 3904000.0000000005 9157335.0000000019 5485500.0000000009 5051000.0000000009 7181000.0000000009 9491225.0000000019 7313132.1428571437 7676582.1428571446 7693150.0000000009 6145050.0000000009 7137200.0000000009
decision_type=2 2 2 2 2 2 2 2 2 2 2 2 2 2 2 2 2 2 2 2 2 2 2 2 2 2 2 2 2 2
left_child=-1 2 9 7 5 29 10 8 11 -2 -7 12 13 14 16 -16 17 -3 19 -18 21 22 -17 -22 28 -21 -27 -14 -23 -5
right_child=1 3 -4 4 -6 6 -8 -9 -10 -11 -12 -13 27 -15 15 20 18 -19 -20 25 23 24 -24 -25 -26 26 -28 -29 -30 -31
leaf_value=-48049.5888671875 -9402.8729687499981 -2705.6851412259612 -48080.818261718756 25520.257529296869 31686.37003455529 -7366.0290039062475 -29225.068098958334 -21214.096022727274 -14616.989183852253 11873.870582932694 11509.922962535513 -8203.0659653607545 19615.005234374996 -15227.476757812501 23121.369745342548 1348.4653540978065 9309.0454848345598 -22916.964921875002 11637.362613932293 -144.77752632472826 -2202.425180288461 -8232.445518092105 23767.473082386365 17702.222719439338 -19584.836660156252 -21368.975898437493 -2850.3849190848214 1379.9381445312501 3120.3542338709681 8478.167597656251
leaf_weight=9.9999999999999982 10.000000000000002 13.000000000000002 9.9999999999999982 10.000000000000002 12.999999999999998 10.000000000000002 11.999999999999998 10.999999999999998 17 12.999999999999998 10.999999999999998 17 10.000000000000002 9.9999999999999982 12.999999999999998 26 17 9.9999999999999982 11.999999999999998 46 13.000000000000002 19 10.999999999999998 17 9.9999999999999982 10.000000000000002 13.999999999999998 9.9999999999999982 31 9.9999999999999982
leaf_count=10 10 13 10 10 13 10 12 11 17 13 11 17 10 10 13 26 17 10 12 46 13 19 11 17 10 10 14 10 31 10
internal_value=-1397.49 -327.492 -12741.7 689.057 6881.14 796.836 -9022.79 -523.635 174.509 2623.11 2521.37 988.281 1523.39 863.535 1477.7 4384.66 -1858.17 -11493.2 380.275 -1172.43 2466.73 422.355 8013.58 9076.88 -4258.9 -3717.93 -10566.5 10497.5 -1193.71 16999.2
internal_weight=446 436 33 403 66 53 33 337 326 23 21 309 292 272 262 140 122 23 99 87 127 97 37 30 60 70 24 20 50 20
internal_count=446 436 33 403 66 53 33 337 326 23 21 309 292 272 262 140 122 23 99 87 127 97 37 30 60 70 24 20 50 20
is_linear=0
shrinkage=0.05


Tree=194
num_leaves=31
num_cat=0
split_feature=5 1 9 7 6 8 10 11 11 5 5 10 6 8 11 6 7 6 9 9 11 6 8 6 8 0 1 11 11 6
split_gain=8.03707e+12 1.92073e+12 5.74548e+12 1.0932e+12 3.63547e+12 2.83925e+12 4.28071e+12 2.21345e+12 1.75676e+12 1.50918e+12 1.02787e+12 5.71534e+11 7.83862e+11 9.73236e+11 8.81903e+11 8.04751e+11 9.14814e+11 9.69754e+11 7.73551e+11 7.56989e+11 5.58138e+11 8.90273e+11 5.68627e+11 5.36623e+11 6.87258e+11 8.03809e+11 1.35459e+12 1.7013e+12 7.6211e+11 6.52378e+11
threshold=3207800.0000000005 1.5000000000000002 9107221.428571431 10671075.000000002 12001950.000000002 5990000.0000000009 10302256.071428573 9019905.8333333358 11497119.66666667 13294200.000000002 6975000.0000000009 5764964.2857142864 3685250.0000000005 12415000.000000002 7332356.7222222229 5640500.0000000009 7596300.0000000009 9340085.0000000019 6572471.42857143 6307900.0000000009 6256132.8333333349 6405800.0000000009 5408200.0000000009 14885500.000000002 7181000.0000000009 1.0000000180025095e-35 9.5000000000000018 7665548.0000000009 7399793.166666667 8955000.0000000019
decision_type=2 2 2 2 2 2 2 2 2 2 2 2 2 2 2 2 2 2 2 2 2 2 2 2 2 2 2 2 2 2
left_child=-1 2 10 8 5 -5 7 -7 9 11 -2 -3 -13 14 15 19 17 20 -18 -14 -17 -22 -23 24 28 -26 27 -27 -16 -30
right_child=1 3 -4 4 -6 6 -8 -9 -10 -11 -12 12 13 -15 23 16 18 -19 -20 -21 21 22 -24 -25 25 26 -28 -29 29 -31
leaf_value=-45647.109716796876 -8548.0683593749982 11636.790177408855 -41443.223757102271 17289.124447471218 34306.850117187503 -10016.238831505407 -32636.322798295456 19161.242758413464 -20153.391548295458 -14809.79269104004 12611.980078125001 9818.91650390625 15519.710468749996 -13046.241179547993 12619.397623697918 -1914.2835404829545 11920.269783528644 4088.8563720703128 -5111.5122721354164 -1194.5010105678014 -27486.635175781252 -19483.124687499992 -4457.2062844669117 -8062.7605468750007 -2008.7593497140069 4317.2071484374983 1209.1099494485295 31748.89580829327 -5022.0268757145586 4987.1922101056143
leaf_weight=9.9999999999999982 11.000000000000002 11.999999999999998 10.999999999999998 19 9.9999999999999982 13.000000000000002 10.999999999999998 12.999999999999998 10.999999999999998 15.999999999999998 11.999999999999998 21 10.000000000000002 13.999999999999998 11.999999999999998 10.999999999999998 12.000000000000002 11.999999999999998 14.999999999999998 21 9.9999999999999982 10.000000000000002 17 9.9999999999999982 13.999999999999998 10.000000000000002 17 12.999999999999998 41 27
leaf_count=10 11 12 11 19 10 13 11 13 11 16 12 21 10 14 12 11 12 12 15 21 10 10 17 10 14 10 17 13 41 27
internal_value=-1327.62 -311.118 -11722.4 654.013 6537.08 1578.19 -6489.58 4572.5 -501.59 163.548 2491.96 938.867 506.627 -201.917 484.421 -2720.15 -5184.95 -8624.35 2458.17 4197.18 -11802.7 -14742.4 -10022.4 3110.39 3944.21 8302.59 11911.6 19822.1 1002.3 -1047.78
internal_weight=446 436 34 402 66 56 37 26 336 325 23 309 297 276 262 118 87 60 27 31 48 37 27 144 134 54 40 23 80 68
internal_count=446 436 34 402 66 56 37 26 336 325 23 309 297 276 262 118 87 60 27 31 48 37 27 144 134 54 40 23 80 68
is_linear=0
shrinkage=0.05


Tree=195
num_leaves=31
num_cat=0
split_feature=9 5 4 5 11 1 5 11 5 8 0 10 11 11 9 7 1 9 10 10 10 8 11 7 7 10 9 6 1 5
split_gain=4.49002e+12 2.85738e+12 3.39835e+12 1.52194e+12 2.76856e+12 1.51874e+12 2.38153e+12 1.05015e+12 1.21437e+12 1.51473e+12 7.94466e+11 7.36176e+11 7.722e+11 1.55848e+12 8.13368e+11 1.05646e+12 6.94728e+11 8.03514e+11 7.84119e+11 6.40731e+11 6.69637e+11 6.13995e+11 6.99037e+11 5.31382e+11 8.53415e+11 7.76084e+11 6.87159e+11 5.5192e+11 4.63057e+11 6.62195e+11
threshold=12626890.714285716 3207800.0000000005 1.0000000180025095e-35 12440250.000000002 11642606.833333336 9.5000000000000018 13917500.000000002 9832098.333333334 9467800.0000000019 6145050.0000000009 2.5000000000000004 5896986.0714285728 6280299.0000000009 6213944.333333334 6564144.2857142864 10125000.000000002 3.5000000000000004 7676582.1428571446 9729565.0000000019 9331893.2142857164 6883375.3571428582 9994100.0000000019 6969908.6666666679 2888000.0000000005 5014550.0000000009 8365632.1428571437 7720171.42857143 8901550.0000000019 4.5000000000000009 5873000.0000000009
decision_type=2 2 2 2 2 2 2 2 2 2 2 2 2 2 2 2 2 2 2 2 2 2 2 2 2 2 2 2 2 2
left_child=1 -1 3 4 7 6 -5 8 11 -10 -11 -3 13 -13 15 28 17 -16 19 20 -18 22 -22 -24 -25 26 27 -26 -14 -30
right_child=-2 2 -4 5 -6 -7 -8 -9 9 10 -12 12 14 -15 16 -17 18 -19 -20 -21 21 -23 23 24 25 -27 -28 -29 29 -31
leaf_value=28414.321718749998 28240.68458180147 12022.046101888021 25552.490066964288 -15727.142173549102 24109.979807692307 -24851.508948863637 16220.56630859375 -13930.552864583335 19990.311314561633 11609.182670454542 -5846.3542968750007 558.30969669117644 16154.890655048079 -24317.516494140626 -16056.157901000977 -9761.6726367187493 9749.3980079650883 -444.85552619485298 -11223.306644548689 13389.680234375001 -11194.557259114583 -12408.252166193182 -8499.7009588068177 16849.4175 4350.9962890625002 -9746.0492337740397 13842.079657451923 -9547.6396136474614 13597.886959635418 309.34492578125003
leaf_weight=9.9999999999999982 17 11.999999999999998 13.999999999999998 14.000000000000002 12.999999999999998 10.999999999999998 9.9999999999999982 11.999999999999998 18 11.000000000000002 15.999999999999998 17.000000000000004 12.999999999999998 9.9999999999999982 15.999999999999998 9.9999999999999982 15.999999999999998 17 13.999999999999998 9.9999999999999982 11.999999999999998 10.999999999999998 10.999999999999998 9.9999999999999982 25 12.999999999999998 12.999999999999998 9.9999999999999982 14.999999999999998 25
leaf_count=10 17 12 14 14 13 11 10 12 18 11 16 17 13 10 16 10 16 17 14 10 12 11 11 10 25 13 13 10 15 25
internal_value=3062.38 2015.85 1354.24 474.299 1468.42 -9466.88 -2415.6 595.004 1131.33 8755.22 1265.16 -93.9352 -636.442 -8654.96 261.898 5144.43 -1466.19 -8013.97 23.9985 1226 220.738 -1231.25 76.6988 1726.15 3310.44 1090.93 4025.95 379.957 7956.9 5292.55
internal_weight=426 409 399 385 350 35 24 337 325 45 27 280 268 27 241 63 178 33 145 131 121 105 94 82 71 61 48 35 53 40
internal_count=426 409 399 385 350 35 24 337 325 45 27 280 268 27 241 63 178 33 145 131 121 105 94 82 71 61 48 35 53 40
is_linear=0
shrinkage=0.05


Tree=196
num_leaves=31
num_cat=0
split_feature=9 2 8 4 2 11 2 2 5 5 5 8 5 5 8 5 5 8 8 7 5 9 10 11 10 9 7 7 11 2
split_gain=4.05224e+12 2.61824e+12 1.69413e+13 3.96931e+12 9.28199e+11 2.09391e+12 1.25552e+12 1.06975e+12 9.4502e+11 8.30238e+11 8.237e+11 1.43565e+12 1.75998e+12 7.40056e+11 9.46163e+11 9.22123e+11 3.36642e+12 6.33088e+11 2.15185e+12 1.0334e+12 9.06655e+11 5.74407e+11 6.45883e+11 7.42857e+11 6.20761e+11 6.05902e+11 4.882e+11 6.25813e+11 4.794e+11 4.55148e+11
threshold=12626890.714285716 30.500000000000004 6683535.0000000009 1.0000000180025095e-35 229.50000000000003 6577307.833333334 221.50000000000003 354.50000000000006 3452535.0000000005 12335000.000000002 7900200.0000000009 6108500.0000000009 9802500.0000000019 5100500.0000000009 9474500.0000000019 5559700.0000000009 6243000.0000000009 8403800.0000000019 8857950.0000000019 7567500.0000000009 10437500.000000002 6138921.42857143 6819388.2142857155 6969908.6666666679 8184475.0000000009 7972730.9523809534 8288800.0000000009 5580500.0000000009 8162894.8333333349 185.50000000000003
decision_type=2 2 2 2 2 2 2 2 2 2 2 2 2 2 2 2 2 2 2 2 2 2 2 2 2 2 2 2 2 2
left_child=1 2 -1 4 5 -3 17 8 -6 10 13 -12 -13 26 15 -15 -17 20 -19 -20 21 -7 -23 -24 25 29 27 -10 -18 -25
right_child=-2 3 -4 -5 7 6 -8 -9 9 -11 11 12 -14 14 -16 16 28 18 19 -21 -22 22 23 24 -26 -27 -28 -29 -30 -31
leaf_value=-32816.499101562491 26828.650677849266 24682.993781127931 51200.500130208333 28051.019501201925 -17805.774005681818 -11278.557776988637 15534.895075334822 11248.528771033654 -1949.1957031249985 -13101.203170955883 16751.193671875 9297.6031537224262 -13806.864306640626 -24417.594160156252 2277.6546078330593 17399.470937500002 -22104.496874999997 25482.657949218752 6277.5174696180547 -12665.007788085939 -14901.181803385416 10324.751344401042 -13729.857109375002 -5939.7566090303308 -8319.7572835286464 13657.041867897728 -6635.1328906250001 15739.970932617187 -8148.9805468750001 4184.0773788452152
leaf_weight=10.000000000000002 17 9.9999999999999982 14.999999999999998 12.999999999999998 10.999999999999998 10.999999999999998 13.999999999999998 12.999999999999998 10.000000000000005 17 14.999999999999998 17 15.999999999999998 9.9999999999999982 19 9.9999999999999982 16.000000000000004 9.9999999999999982 18.000000000000004 11.999999999999998 11.999999999999998 14.999999999999998 9.9999999999999982 17 14.999999999999998 10.999999999999998 9.9999999999999982 9.9999999999999982 9.9999999999999982 32
leaf_count=10 17 10 15 13 11 11 14 13 10 17 15 17 16 10 19 10 16 10 18 12 12 15 10 17 15 11 10 10 10 32
internal_value=2909.26 1915.06 17593.7 894.314 -57.2683 2423.53 1165.93 -2578.52 -3629.69 -2655.09 -1413.24 3925.36 -1904.56 -4110.64 -7108.73 -10985.7 -7254.64 -68.2092 5396.05 -1299.49 -1845.2 -433.745 759.184 -928.857 777.943 3052.37 2385.21 6895.39 -16737 671.727
internal_weight=426 409 25 384 371 187 177 184 171 160 143 48 33 95 65 46 36 163 40 30 123 111 100 85 75 60 30 20 26 49
internal_count=426 409 25 384 371 187 177 184 171 160 143 48 33 95 65 46 36 163 40 30 123 111 100 85 75 60 30 20 26 49
is_linear=0
shrinkage=0.05


Tree=197
num_leaves=31
num_cat=0
split_feature=9 5 4 5 1 5 5 2 5 5 5 8 2 6 5 5 9 6 6 6 6 8 2 9 8 5 2 8 6 5
split_gain=3.65715e+12 2.63223e+12 2.70909e+12 1.36557e+12 1.30626e+12 2.12801e+12 1.08958e+12 1.65862e+12 1.13367e+12 2.14645e+12 9.88757e+11 1.18184e+12 8.83976e+11 8.62777e+11 6.51403e+11 1.42896e+12 8.13795e+11 7.31439e+11 9.95451e+11 6.33624e+11 1.2611e+12 1.24108e+12 5.4425e+11 6.61222e+11 6.4416e+11 4.49434e+11 4.03967e+11 4.25036e+11 3.19955e+11 2.00739e+11
threshold=12626890.714285716 3207800.0000000005 1.0000000180025095e-35 12440250.000000002 9.5000000000000018 13917500.000000002 8066500.0000000009 36.500000000000007 7181000.0000000009 6975000.0000000009 7503200.0000000009 8769300.0000000019 168.50000000000003 9712300.0000000019 4202500.0000000009 4405000.0000000009 6429472.8571428582 9761000.0000000019 12335000.000000002 6431300.0000000009 8955000.0000000019 7401900.0000000009 261.50000000000006 5980805.0000000009 7274800.0000000009 9422500.0000000019 197.50000000000003 4876250.0000000009 4739000.0000000009 9037500.0000000019
decision_type=2 2 2 2 2 2 2 2 2 2 2 2 2 2 2 2 2 2 2 2 2 2 2 2 2 2 2 2 2 2
left_child=1 -1 3 6 5 -5 8 -8 9 14 -10 13 29 -12 16 -16 -3 22 -19 28 25 -22 23 -17 -24 -21 27 -25 -14 -9
right_child=-2 2 -4 4 -6 -7 7 12 10 -11 11 -13 19 -15 15 17 -18 18 -20 20 21 -23 24 26 -26 -27 -28 -29 -30 -31
leaf_value=27156.393818359375 25487.21825022978 15775.483541165861 22789.63803013393 -15061.652190290177 -23285.915127840912 15137.760917968752 23006.719140625002 -1056.1589160156248 -17009.370978860297 19384.726855468751 87.61829944957384 9607.1953528771028 7513.7222130408627 -20204.748046875 -18266.327539062502 -11796.914052734377 -641.76591932508688 14456.52241857192 -5424.4354882812504 2719.8668749999993 19227.398620605465 -1157.4167506626675 -2249.0831131784539 -9910.4212109375003 -17452.958590420811 -10964.584003906251 7331.9455757472824 1944.3769637569305 19409.882226562502 -11074.625703125001
leaf_weight=9.9999999999999982 17 13.000000000000002 13.999999999999998 14.000000000000002 10.999999999999998 9.9999999999999982 11.999999999999998 10.000000000000002 17 14.999999999999998 11.000000000000002 12.999999999999998 13.000000000000002 9.9999999999999982 11.999999999999998 9.9999999999999982 18 17.000000000000004 9.9999999999999982 10.000000000000002 16.000000000000004 13.999999999999998 19.000000000000004 9.9999999999999982 10.999999999999998 14.999999999999998 23 31 9.9999999999999982 9.9999999999999982
leaf_count=10 17 13 14 14 11 10 12 10 17 15 11 13 13 10 12 10 18 17 10 10 16 14 19 10 11 15 23 31 10 10
internal_value=2763.8 1819.31 1184.29 398.643 -9018.02 -2478.56 1340.31 5461.04 -548.36 1236.74 -7163.71 -2240.89 3312.59 -9575.41 -327.747 -1752.15 6242.89 -239.401 7093.2 5717.2 2802.99 9714.48 -2143.06 159.961 -7823.84 -5490.8 2028.22 -947.037 12686 -6065.39
internal_weight=426 409 399 385 35 24 350 110 240 189 51 34 98 21 174 143 31 131 27 78 55 30 104 74 30 25 64 41 23 20
internal_count=426 409 399 385 35 24 350 110 240 189 51 34 98 21 174 143 31 131 27 78 55 30 104 74 30 25 64 41 23 20
is_linear=0
shrinkage=0.05


Tree=198
num_leaves=30
num_cat=0
split_feature=9 5 4 5 11 1 5 11 5 10 8 10 11 11 9 0 11 10 1 10 9 1 11 0 10 6 2 2 8
split_gain=3.30058e+12 2.37559e+12 2.44495e+12 1.23243e+12 2.35208e+12 1.1789e+12 1.92053e+12 9.15452e+11 1.09082e+12 1.3864e+12 2.57989e+12 7.09332e+11 6.11611e+11 1.33446e+12 7.24722e+11 6.66235e+11 1.11145e+12 9.19152e+11 6.50572e+11 6.9481e+11 6.77058e+11 6.30386e+11 2.44038e+12 7.63997e+11 6.68601e+11 4.07237e+11 1.1832e+12 5.9787e+11 1.9792e+11
threshold=12626890.714285716 3207800.0000000005 1.0000000180025095e-35 12440250.000000002 11642606.833333336 9.5000000000000018 13917500.000000002 9832098.333333334 9467800.0000000019 7990031.7857142864 8769300.0000000019 5896986.0714285728 6280299.0000000009 6213944.333333334 6564144.2857142864 4.5000000000000009 7178133.1666666679 6223298.92857143 3.5000000000000004 9670582.1428571437 7676582.1428571446 10.500000000000002 8280714.166666667 3.5000000000000004 6883375.3571428582 7995510.0000000009 189.50000000000003 185.50000000000003 3744200.0000000005
decision_type=2 2 2 2 2 2 2 2 2 2 2 2 2 2 2 2 2 2 2 2 2 2 2 2 2 2 2 2 2
left_child=1 -1 3 4 7 6 -5 8 11 -10 -11 -3 13 -13 15 16 17 -14 20 21 -16 22 24 -23 -20 27 -27 -26 -29
right_child=-2 2 -4 5 -6 -7 -8 -9 9 10 -12 12 14 -15 18 -17 -18 -19 19 -21 -22 23 -24 -25 25 26 -28 28 -30
leaf_value=25798.575175781254 24212.857128906253 11700.762939453125 21650.157031250001 -14308.569126674103 22142.485997596155 -22121.619034090909 14380.87306640625 -13093.753190104168 -3620.699694824219 27243.10345818014 -3036.773111979167 664.45038488051466 2761.2929760742181 -22354.242958984378 -15275.064778137208 -3446.3738009982644 -1256.7442948190792 22084.992358398438 10425.358420034556 -9942.1951385498051 -944.76374080882363 -12662.863134765623 23138.639843750003 4454.6733487215915 -5944.0160156250004 6140.0782844543437 -14905.33419458726 9742.4408534458689 1476.2799869791668
leaf_weight=9.9999999999999982 17 11.999999999999998 13.999999999999998 14.000000000000002 12.999999999999998 10.999999999999998 9.9999999999999982 11.999999999999998 15.999999999999998 17.000000000000004 11.999999999999998 17.000000000000004 10.000000000000002 9.9999999999999982 15.999999999999998 18 19 15.999999999999998 12.999999999999998 15.999999999999998 17 16.000000000000004 12.999999999999998 10.999999999999998 19 11.000000000000002 17 14.000000000000002 14.999999999999998
leaf_count=10 17 12 14 14 13 11 10 12 16 17 12 17 10 10 16 18 19 16 13 16 17 16 13 11 19 11 17 14 15
internal_value=2625.61 1728.34 1125.08 378.71 1273.29 -8567.12 -2354.63 468.25 969.001 8194.67 14713.5 -192.268 -724.792 -7860.99 74.6997 4683.49 7935.44 14652.8 -1556.5 -114.45 -7892.79 1104.49 2902.79 -5689.05 -53.0123 -1845.37 -6637.49 950.043 5466.84
internal_weight=426 409 399 385 350 35 24 337 325 45 29 280 268 27 241 63 45 26 178 145 33 129 102 27 89 76 28 48 29
internal_count=426 409 399 385 350 35 24 337 325 45 29 280 268 27 241 63 45 26 178 145 33 129 102 27 89 76 28 48 29
is_linear=0
shrinkage=0.05


Tree=199
num_leaves=31
num_cat=0
split_feature=9 5 4 5 11 1 5 11 5 10 8 10 11 11 11 10 1 7 10 7 8 1 11 9 9 9 1 0 10 5
split_gain=2.97877e+12 2.14397e+12 2.20657e+12 1.11227e+12 2.12276e+12 1.06396e+12 1.73328e+12 8.26195e+11 9.84468e+11 1.25123e+12 2.32835e+12 6.57139e+11 1.29906e+12 6.95408e+11 1.30908e+12 6.09621e+11 6.30496e+11 6.38817e+11 8.47754e+11 6.85571e+11 8.28002e+11 1.03221e+12 9.11203e+11 9.57908e+11 8.37788e+11 5.18009e+11 4.96392e+11 4.85951e+11 3.92391e+11 4.14477e+11
threshold=12626890.714285716 3207800.0000000005 1.0000000180025095e-35 12440250.000000002 11642606.833333336 9.5000000000000018 13917500.000000002 9832098.333333334 9467800.0000000019 7990031.7857142864 8769300.0000000019 6004377.5000000009 6213944.333333334 6280299.0000000009 6190307.166666667 9729565.0000000019 1.5000000000000002 9187935.0000000019 8164394.6428571446 2572085.0000000005 3680835.0000000005 10.500000000000002 8191310.166666667 6510105.0000000009 6097747.8571428582 7814531.4285714291 3.5000000000000004 4.5000000000000009 6883375.3571428582 5368200.0000000009
decision_type=2 2 2 2 2 2 2 2 2 2 2 2 2 2 2 2 2 2 2 2 2 2 2 2 2 2 2 2 2 2
left_child=1 -1 3 4 7 6 -5 8 11 -10 -11 12 -3 14 -13 16 -15 19 27 -18 -21 22 23 24 -22 -23 -25 -19 -28 -30
right_child=-2 2 -4 5 -6 -7 -8 -9 9 10 -12 13 -14 15 -16 -17 17 18 -20 20 21 25 -24 26 -26 -27 28 -29 29 -31
leaf_value=24508.645058593753 23002.214188878679 -4192.0242626953113 20567.648158482145 -13593.140673828122 21035.361989182697 -21015.537819602276 13661.829482421876 -12439.065657552084 -3439.6648315429688 25880.948457785209 -2884.9348307291671 2837.107457386363 21293.833281250001 -11707.043183593751 -21556.278000710226 -10190.397823660714 -8416.642232572116 -2853.2907786649816 5454.7522338867193 13311.62478669819 227.94808756510412 -70.794460227272708 16035.406710379464 -8462.9116928100593 17704.893737792969 -15415.451455965909 8768.5852312360494 -15200.562372233073 -9772.9561230468753 1981.15458984375
leaf_weight=9.9999999999999982 17 10.000000000000002 13.999999999999998 14.000000000000002 12.999999999999998 10.999999999999998 9.9999999999999982 11.999999999999998 15.999999999999998 17.000000000000004 11.999999999999998 11.000000000000002 9.9999999999999982 9.9999999999999982 10.999999999999998 13.999999999999998 12.999999999999998 17 15.999999999999998 19 12.000000000000002 11.000000000000002 13.999999999999998 15.999999999999998 15.999999999999998 10.999999999999998 13.999999999999998 14.999999999999998 9.9999999999999982 30
leaf_count=10 17 10 14 14 13 11 10 12 16 17 12 11 10 10 11 14 13 17 16 19 12 11 14 16 16 11 14 15 10 30
internal_value=2494.33 1641.92 1068.82 359.775 1209.63 -8138.76 -2236.9 444.837 920.551 7784.94 13977.8 -182.654 8550.9 -854.467 -9359.59 -68.2793 564.353 1137.78 -3942.47 2606.77 3543.4 2158.35 4103.29 2398.7 10214.8 -7743.12 -727.733 -8641.07 1564.17 -957.373
internal_weight=426 409 399 385 350 35 24 337 325 45 29 280 20 260 22 238 224 214 48 166 153 134 112 98 28 22 70 32 54 40
internal_count=426 409 399 385 350 35 24 337 325 45 29 280 20 260 22 238 224 214 48 166 153 134 112 98 28 22 70 32 54 40
is_linear=0
shrinkage=0.05


Tree=200
num_leaves=31
num_cat=0
split_feature=5 9 11 5 5 7 11 2 11 7 2 0 11 11 8 10 6 6 11 11 11 5 2 5 5 5 8 6 6 11
split_gain=9.8803e+12 3.52421e+12 4.52441e+12 4.21076e+12 1.6709e+12 1.12669e+12 2.32931e+12 1.33356e+12 2.67937e+12 1.91433e+12 1.12591e+12 2.76962e+12 1.09038e+12 1.71327e+12 1.0046e+12 9.30691e+11 1.8767e+12 9.11354e+11 7.69393e+11 1.41674e+12 7.14602e+11 6.76473e+11 6.48132e+11 5.67559e+11 5.47296e+11 8.33631e+11 5.13202e+11 4.32779e+11 6.67175e+11 6.78062e+11
threshold=3207800.0000000005 13420085.000000002 11997461.500000002 17430950.000000004 14341000.000000002 14475500.000000002 11566941.833333334 249.50000000000003 6611980.8333333349 10576250.000000002 275.50000000000006 1.5000000000000002 6819473.1666666679 7017219.0000000009 10459500.000000002 8267596.0714285718 6145050.0000000009 8998160.0000000019 7773976.3333333349 8079319.5000000009 7665548.0000000009 6609500.0000000009 320.50000000000006 7001700.0000000009 7503200.0000000009 5109300.0000000009 6243000.0000000009 10189250.000000002 6369800.0000000009 7332356.7222222229
decision_type=2 2 2 2 2 2 2 2 2 2 2 2 2 2 2 2 2 2 2 2 2 2 2 2 2 2 2 2 2 2
left_child=-1 2 3 4 5 6 7 8 -2 10 11 -9 -10 26 22 18 -17 -7 20 -20 27 -18 24 -24 25 -12 -14 28 -15 -30
right_child=1 -3 -4 -5 -6 17 -8 9 12 -11 14 -13 13 15 -16 16 21 -19 19 -21 -22 -23 23 -25 -26 -27 -28 -29 29 -31
leaf_value=49857.465507812507 23244.542096819197 -26046.430018028848 33616.0481640625 -32470.369956054692 18748.955110677085 -1896.5160441080725 22130.153092447916 11581.589101562502 -10445.766040039063 -21702.16642717634 3397.4099609375003 -20153.80788574219 7672.5257812499976 -4569.646930338542 -10677.481451416017 25770.516796875003 -9874.6366357421848 -22334.325078125003 -21807.542651367185 3674.5654492187505 12745.481689453125 6191.7224609375007 17582.504988606768 2204.4991048177085 7185.8234604779418 -12562.553619791666 23691.295239257815 -10177.665242513021 -2421.5747314453124 9031.4935723440994
leaf_weight=9.9999999999999982 13.999999999999998 12.999999999999998 9.9999999999999982 9.9999999999999982 11.999999999999998 12.000000000000002 11.999999999999998 9.9999999999999982 20 13.999999999999998 18 22 10.000000000000002 45 15.999999999999998 9.9999999999999982 10.000000000000002 9.9999999999999982 12.000000000000002 9.9999999999999982 9.9999999999999982 19 12.000000000000002 11.999999999999998 17 14.999999999999998 9.9999999999999982 11.999999999999998 24 28
leaf_count=10 14 13 10 10 12 12 12 10 20 14 18 22 10 45 16 10 10 10 12 10 10 19 12 12 17 15 10 12 24 28
internal_value=701.987 -392.79 372.112 -408.262 362.461 -183.672 449.995 -253.146 2035.28 -4190.59 -2181.06 -10236.5 685.601 1798.74 683.094 256.163 7092.35 -11186.4 -1634.7 -10224.8 -46.6156 651.599 3139.43 9893.5 -102.519 -3857.12 15681.9 -1220.2 -112.063 3745.46
internal_weight=459 449 436 426 416 404 382 370 234 136 122 32 220 200 90 180 39 22 141 22 119 29 74 24 50 33 20 109 97 52
internal_count=459 449 436 426 416 404 382 370 234 136 122 32 220 200 90 180 39 22 141 22 119 29 74 24 50 33 20 109 97 52
is_linear=0
shrinkage=0.05


Tree=201
num_leaves=31
num_cat=0
split_feature=5 9 11 5 8 9 6 9 9 9 7 10 7 8 8 2 9 11 8 10 2 10 7 5 8 8 8 5 7 10
split_gain=8.91697e+12 3.1806e+12 4.08328e+12 3.80021e+12 1.57291e+12 1.21456e+12 2.02047e+12 2.0045e+12 1.36579e+12 1.54282e+12 1.34208e+12 1.5837e+12 2.70742e+12 1.31775e+12 1.67253e+12 1.23243e+12 2.62496e+12 1.55768e+12 1.42518e+12 9.81738e+11 9.53377e+11 8.65536e+11 8.01556e+11 9.91088e+11 5.82754e+11 5.15077e+11 4.55501e+11 9.44312e+11 3.79468e+11 7.55775e+11
threshold=3207800.0000000005 13420085.000000002 11997461.500000002 17430950.000000004 14941150.000000002 10713747.85714286 10384350.000000002 10065485.714285716 9723144.2857142892 9166200.0000000019 5898500.0000000009 7306241.7857142864 6975000.0000000009 8715000.0000000019 6500200.0000000009 231.50000000000003 6226628.5714285718 6280299.0000000009 8769300.0000000019 9864191.0714285728 320.50000000000006 8111428.5714285718 5708800.0000000009 4345500.0000000009 6120285.0000000009 3392550.0000000005 5803250.0000000009 6405800.0000000009 5344000.0000000009 7239416.0714285718
decision_type=2 2 2 2 2 2 2 2 2 2 2 2 2 2 2 2 2 2 2 2 2 2 2 2 2 2 2 2 2 2
left_child=-1 2 3 4 5 7 -7 8 9 10 21 15 -13 14 26 16 -12 -17 24 -9 -8 22 23 -2 -18 -25 27 -14 29 -27
right_child=1 -3 -4 -5 -6 6 20 19 -10 -11 11 12 13 -15 -16 17 18 -19 -20 -21 -22 -23 -24 25 -26 28 -28 -29 -30 -31
leaf_value=47364.589506835939 15746.356660156249 -24744.109427584135 31935.244257812501 -30846.850761718753 15716.874874877931 -24795.86748798077 -9434.9214843749978 4894.2178906249983 -14575.145812988281 15052.622551054112 29074.271796875 -29777.215779622395 -15524.145491943355 -15550.229790039064 11578.567575555098 -16378.578868272569 1864.8200892857142 4726.2876637178306 18299.23705322266 27049.784765625001 11468.773242187501 15982.240940504807 15756.221972656251 -9302.4366927083338 -9871.0510340073524 -469.61672915504096 -14028.398843149038 3143.9052257719495 -6428.8785086495536 13326.326953125001
leaf_weight=9.9999999999999982 9.9999999999999982 12.999999999999998 9.9999999999999982 9.9999999999999982 15.999999999999998 12.999999999999998 12.000000000000002 10.000000000000002 15.999999999999998 17 9.9999999999999982 11.999999999999998 10.000000000000002 20 19 18 28 17 9.9999999999999982 9.9999999999999982 9.9999999999999982 12.999999999999998 9.9999999999999982 14.999999999999998 17 42 12.999999999999998 21 13.999999999999998 12.999999999999998
leaf_count=10 10 13 10 10 16 13 12 10 16 17 10 12 10 20 19 18 28 17 10 10 10 13 10 15 17 42 13 21 14 13
internal_value=666.887 -373.151 353.506 -387.849 344.338 -270.563 -9167.93 582.609 -309.53 384.239 -415 -2955.14 -7578.18 -4368.68 -818.982 1436.75 5509.88 -6127.64 1225.44 15972 66.7579 3818.57 2298.11 866.394 -2568.73 -905.03 -6172.47 -2878.05 920.493 2791.24
internal_weight=459 449 436 426 416 400 35 365 345 329 312 195 95 83 63 100 65 35 55 20 22 117 104 94 45 84 44 31 69 55
internal_count=459 449 436 426 416 400 35 365 345 329 312 195 95 83 63 100 65 35 55 20 22 117 104 94 45 84 44 31 69 55
is_linear=0
shrinkage=0.05


Tree=202
num_leaves=31
num_cat=0
split_feature=5 9 11 5 5 7 11 11 6 8 5 8 6 10 5 5 9 5 7 10 1 10 7 11 6 6 6 6 6 3
split_gain=8.04757e+12 2.87049e+12 3.68516e+12 3.42969e+12 1.48768e+12 1.00487e+12 1.9756e+12 1.08837e+12 2.54076e+12 8.23973e+11 8.11562e+11 1.6363e+12 1.52821e+12 1.37905e+12 1.09084e+12 2.84593e+12 1.10214e+12 8.84383e+11 1.77419e+12 1.16138e+12 1.32787e+12 1.15895e+12 1.0878e+12 8.57347e+11 8.25159e+11 8.08718e+11 8.06741e+11 7.48353e+11 1.28333e+12 1.00575e+12
threshold=3207800.0000000005 13420085.000000002 11997461.500000002 17430950.000000004 14341000.000000002 14475500.000000002 11566941.833333334 9208617.5000000019 11657300.000000002 8066500.0000000009 8418000.0000000019 6108500.0000000009 5344000.0000000009 7990031.7857142864 7198000.0000000009 6975000.0000000009 6542742.8571428573 5538185.0000000009 9742000.0000000019 7990031.7857142864 6.5000000000000009 7976223.8095238106 5873000.0000000009 7732189.5000000009 5520450.0000000009 7596300.0000000009 8998160.0000000019 7383700.0000000009 5457485.0000000009 1.0000000180025095e-35
decision_type=2 2 2 2 2 2 2 2 2 2 2 2 2 2 2 2 2 2 2 2 2 2 2 2 2 2 2 2 2 2
left_child=-1 2 3 4 5 6 7 10 9 -9 14 13 -13 -12 15 17 -16 18 21 23 -21 22 -2 -19 -24 -26 -7 28 -18 -29
right_child=1 -3 -4 -5 -6 26 -8 8 -10 -11 11 12 -14 -15 16 -17 27 19 -20 20 -22 -23 24 -25 25 -27 -28 29 -30 -31
leaf_value=44996.36328125 4561.1137663810487 -23506.904261192911 30338.482412109373 -29304.508007812503 17676.276562499999 -1838.6813028971349 20376.539908854167 -7513.452175071021 12412.541235351564 -26107.074609375002 6670.8778527832028 11775.145795036766 -6585.2869786879601 29411.683457031253 -17953.675848388673 21227.69311218262 -8198.0761132812477 -3504.9603320782003 22450.224755859377 -1533.8991033380678 -25584.465950520836 12826.960872395834 -20355.910703125002 12481.138945312501 4438.1408561197904 -11980.524941406251 -21067.733515625001 -18655.274544270833 17132.985234375003 2814.9288769531249
leaf_weight=9.9999999999999982 31 12.999999999999998 9.9999999999999982 9.9999999999999982 11.999999999999998 12.000000000000002 11.999999999999998 11.000000000000002 9.9999999999999982 12.999999999999998 20.000000000000004 17 34 9.9999999999999982 15.999999999999998 15.999999999999998 10.000000000000002 52 9.9999999999999982 11.000000000000002 11.999999999999998 14.999999999999998 9.9999999999999982 9.9999999999999982 15.000000000000002 14.999999999999998 9.9999999999999982 12 9.9999999999999982 10
leaf_count=10 31 13 10 10 12 12 12 11 10 13 20 17 34 10 16 16 10 52 10 11 12 15 10 10 15 15 10 12 10 10
internal_value=633.543 -354.493 335.831 -368.457 327.121 -188.2 410.232 -237.324 -8762.19 -17585 625.312 4985.33 -465.143 14251.1 -759.637 1014.8 -6786.62 -771.971 2516.73 -4486.27 -14082 198.885 -2469.02 -926.557 -7917.37 -3771.19 -10579.2 -2532.5 4467.45 -8896.09
internal_weight=459 449 436 426 416 404 382 370 34 24 336 81 51 30 255 197 58 181 96 85 23 86 71 62 40 30 22 42 20 22
internal_count=459 449 436 426 416 404 382 370 34 24 336 81 51 30 255 197 58 181 96 85 23 86 71 62 40 30 22 42 20 22
is_linear=0
shrinkage=0.05


Tree=203
num_leaves=31
num_cat=0
split_feature=5 9 11 5 8 9 9 7 8 9 9 7 10 7 8 8 2 9 11 8 10 10 7 5 9 8 6 9 10 7
split_gain=7.26293e+12 2.59061e+12 3.32586e+12 3.09529e+12 1.42075e+12 1.16277e+12 1.77608e+12 1.76141e+12 1.77359e+12 1.16125e+12 1.314e+12 1.11565e+12 1.40551e+12 2.42303e+12 1.11279e+12 1.47598e+12 1.07786e+12 2.33725e+12 1.37391e+12 1.28154e+12 8.53413e+11 7.70038e+11 7.17045e+11 8.81826e+11 5.06445e+11 4.59728e+11 4.07939e+11 3.80174e+11 3.55984e+11 3.22142e+11
threshold=3207800.0000000005 13420085.000000002 11997461.500000002 17430950.000000004 14941150.000000002 10713747.85714286 10065485.714285716 10166750.000000002 7234500.0000000009 9723144.2857142892 9166200.0000000019 5898500.0000000009 7306241.7857142864 6975000.0000000009 8715000.0000000019 6500200.0000000009 231.50000000000003 6226628.5714285718 6280299.0000000009 8769300.0000000019 9864191.0714285728 8111428.5714285718 5708800.0000000009 4345500.0000000009 6774835.7142857155 3392550.0000000005 5803250.0000000009 8193714.2857142864 8365632.1428571437 5344000.0000000009
decision_type=2 2 2 2 2 2 2 2 2 2 2 2 2 2 2 2 2 2 2 2 2 2 2 2 2 2 2 2 2 2
left_child=-1 2 3 4 5 6 9 8 -7 10 11 21 16 -14 15 26 17 -13 -18 24 -8 22 23 -2 -19 -25 -15 -28 -16 -27
right_child=1 -3 -4 -5 -6 7 20 -9 -10 -11 -12 12 13 14 28 -17 18 19 -20 -21 -22 -23 -24 25 -26 29 27 -29 -30 -31
leaf_value=42746.541757812505 14730.983203125001 -22331.559074519231 28821.559492187502 -27839.282421875003 14920.8490814209 -13675.320951704542 4718.7503710937481 -22716.872684151789 15419.119804687502 -13432.753027343751 13898.085876464844 27489.658359375004 -28048.489599609376 -12826.083067103795 -20957.341093749994 10896.931188322369 -15256.465554470487 -8317.0065856933597 4564.4163897346052 17401.797592773437 25375.623359375 14956.475525841348 14778.205 -8909.1525000000001 2357.7334960937501 2472.5700871415575 2432.3930595846732 -8926.2295973557684 -7615.972562255859 -6022.6166503906252
leaf_weight=9.9999999999999982 9.9999999999999982 12.999999999999998 9.9999999999999982 9.9999999999999982 15.999999999999998 11.000000000000002 10.000000000000002 13.999999999999998 9.9999999999999982 15.999999999999998 17 9.9999999999999982 11.999999999999998 13.999999999999998 10.000000000000002 19 18 20 17 9.9999999999999982 9.9999999999999982 12.999999999999998 9.9999999999999982 14.999999999999998 25 55 17.000000000000004 12.999999999999998 9.9999999999999982 13.999999999999998
leaf_count=10 10 13 10 10 16 11 10 14 10 16 17 10 12 14 10 19 18 20 17 10 10 13 10 15 25 55 17 13 10 14
internal_value=601.866 -336.769 319.039 -350.034 310.765 -273.638 561.146 -8979.24 179.175 -278.624 361.09 -376.503 -2692.47 -7047.67 -4011.41 -749.425 1444.96 5254.12 -5629.18 1211.29 15047.2 3483.45 2049.32 695.184 -2386.6 -975.745 -5778.53 -2489.68 -14286.7 748.909
internal_weight=459 449 436 426 416 400 365 35 21 345 329 312 195 95 83 63 100 65 35 55 20 117 104 94 45 84 44 30 20 69
internal_count=459 449 436 426 416 400 365 35 21 345 329 312 195 95 83 63 100 65 35 55 20 117 104 94 45 84 44 30 20 69
is_linear=0
shrinkage=0.05


Tree=204
num_leaves=31
num_cat=0
split_feature=9 2 11 4 9 1 8 7 8 6 10 7 10 6 7 11 7 9 7 0 6 6 6 9 6 1 1 9 10 11
split_gain=2.95228e+12 7.7744e+12 1.68776e+13 4.02927e+12 3.40241e+12 2.5382e+12 4.23792e+12 3.12602e+12 3.01014e+12 1.21518e+12 1.10033e+12 1.12678e+12 1.79762e+12 1.26645e+12 7.2216e+11 6.60068e+11 6.46121e+11 1.10123e+12 7.9665e+11 7.69348e+11 6.71589e+11 7.59214e+11 6.32583e+11 5.89693e+11 8.64978e+11 8.6893e+11 5.15646e+11 5.02236e+11 6.62565e+11 4.39223e+11
threshold=9498485.7142857164 39.500000000000007 8058263.0000000009 1.0000000180025095e-35 9825575.0000000019 11.500000000000002 10373750.000000002 10306825.000000002 8066500.0000000009 10482500.000000002 9774853.5714285728 7039250.0000000009 6488922.8571428582 6405800.0000000009 6754300.0000000009 8621354.1666666679 5898500.0000000009 6807057.1428571446 5559700.0000000009 2.5000000000000004 4202500.0000000009 6905000.0000000009 9954500.0000000019 8193714.2857142864 9157335.0000000019 6.5000000000000009 9.5000000000000018 7972730.9523809534 6387972.1428571437 7537100.8004385978
decision_type=2 2 2 2 2 2 2 2 2 2 2 2 2 2 2 2 2 2 2 2 2 2 2 2 2 2 2 2 2 2
left_child=1 2 -1 10 -2 6 8 -7 9 -6 11 14 13 -13 16 23 18 -18 19 20 -3 26 -17 24 25 -14 -22 28 -21 -30
right_child=4 3 -4 -5 5 7 -8 -9 -10 -11 -12 12 15 -15 -16 22 17 -19 -20 27 21 -23 -24 -25 -26 -27 -28 -29 29 -31
leaf_value=-3208.1581801470584 -34596.3984375 -4843.8502650669643 76276.529106001413 30319.351882102274 11297.64454273897 -2091.6680338541664 23205.785512408089 -34268.167728365392 -26386.140024038465 -8227.5125520833335 13241.894621930805 -30832.230468749989 -6891.6971842447929 -5668.2213183593749 13050.809269831732 -19228.849086914055 -18398.618394886358 1681.9176595052083 13160.0653515625 4394.4054687500002 19919.039367675778 534.57798828124999 -1853.1523970170456 -10309.120838341347 14212.462207031251 3894.740762400073 5053.2749218750005 6029.2477441406254 -16375.726653645832 -3541.8414062500001
leaf_weight=17.000000000000004 9.9999999999999982 13.999999999999998 10.999999999999998 10.999999999999998 17 18.000000000000004 17 12.999999999999998 12.999999999999998 14.999999999999998 13.999999999999998 10.000000000000002 33 9.9999999999999982 12.999999999999998 10.000000000000002 11.000000000000002 18 14.999999999999998 9.9999999999999982 14.000000000000002 20 10.999999999999998 12.999999999999998 10.999999999999998 43 9.9999999999999982 9.9999999999999982 15.000000000000002 11.999999999999998
leaf_count=17 10 14 11 11 17 18 17 13 13 15 14 10 33 10 13 10 11 18 15 10 14 20 11 13 11 43 10 10 15 12
internal_value=571.772 2728.7 28018 569.862 -6883.25 -3903.34 1937.51 -15585 -6097.17 2145.23 -462.455 -1095.66 -4363.91 -18250.2 1748.93 -2068.65 762.86 -5934.84 2381.47 841.671 4694.43 7729.34 -10127.3 -376.336 1107.87 -788.844 13725 -3912.8 -6599.84 -10671.8
internal_weight=459 356 28 328 103 93 62 31 45 32 317 303 141 20 162 121 149 29 120 105 58 44 21 100 87 76 24 47 37 27
internal_count=459 356 28 328 103 93 62 31 45 32 317 303 141 20 162 121 149 29 120 105 58 44 21 100 87 76 24 47 37 27
is_linear=0
shrinkage=0.05


Tree=205
num_leaves=31
num_cat=0
split_feature=4 2 7 8 5 11 7 10 10 11 8 10 8 10 0 5 5 7 11 9 1 2 11 0 7 9 5 0 11 7
split_gain=8.1167e+12 7.86036e+12 1.39936e+13 4.43326e+12 3.86959e+12 2.33679e+12 2.16033e+12 8.38274e+11 1.078e+12 7.33569e+11 9.23062e+11 7.93555e+11 6.18301e+11 5.6315e+11 5.31698e+11 4.46781e+11 4.32214e+11 1.33601e+12 1.14928e+12 7.4948e+11 4.01877e+11 1.17717e+12 1.07004e+12 9.74981e+11 7.88744e+11 4.22933e+11 3.26958e+11 3.79868e+11 3.75303e+11 5.21161e+11
threshold=1.0000000180025095e-35 30.500000000000004 6303000.0000000009 7900200.0000000009 3341800.0000000005 11124899.166666668 12440250.000000002 5835603.5714285718 6295257.8571428582 6693446.3333333349 5520450.0000000009 10030665.000000002 14608500.000000002 9750914.2857142873 2.5000000000000004 5898500.0000000009 7567500.0000000009 3904000.0000000005 6969908.6666666679 6744300.0000000009 7.5000000000000009 267.50000000000006 8729134.5000000019 5.5000000000000009 7107500.0000000009 7934364.2857142864 6683535.0000000009 1.5000000000000002 7211026.3333333349 10417000.000000002
decision_type=2 2 2 2 2 2 2 2 2 2 2 2 2 2 2 2 2 2 2 2 2 2 2 2 2 2 2 2 2 2
left_child=1 2 -1 -2 -3 7 -7 -6 15 10 -10 12 13 16 -12 -9 17 -11 -19 -18 23 24 -23 25 -22 -21 28 -28 -20 -30
right_child=3 4 -4 -5 5 6 -8 8 9 11 14 -13 -14 -15 -16 -17 19 18 26 20 21 22 -24 -25 -26 -27 27 -29 29 -31
leaf_value=65873.682446289036 -56727.439999999981 -30393.088037109377 -4647.245611213235 -9646.3499218750003 -15664.520865885417 1418.7308376736109 29543.952716619318 11279.054548725329 1820.6119762073865 16063.265201822916 -7849.3821022727252 -12453.21232638889 -13779.5970703125 7683.6796587775743 -23068.141861979166 -60.979124450683599 -15399.990910456732 11971.719698660716 -8195.5830422794115 -4176.8516601562496 -119.33795654296871 1694.2174194335935 -19155.302031250001 6714.2951704545458 19739.465722656252 -15912.252148437501 -15790.216979980463 -3367.6000488281252 2485.7673467000327 -9580.2848410866482
leaf_weight=12.000000000000002 10.000000000000002 11.999999999999998 17 9.9999999999999982 11.999999999999998 18.000000000000004 10.999999999999998 19 10.999999999999998 11.999999999999998 11.000000000000002 18 9.9999999999999982 17 11.999999999999998 15.999999999999998 12.999999999999998 13.999999999999998 17 14.000000000000002 10.000000000000002 16.000000000000004 9.9999999999999982 10.999999999999998 9.9999999999999982 17 10.000000000000002 15.999999999999998 48 10.999999999999998
leaf_count=12 10 12 17 10 12 18 11 19 11 12 11 18 10 17 12 16 13 14 17 14 10 16 10 11 10 17 10 16 48 11
internal_value=-2058.31 -593.439 24533.8 -33186.9 -2433.57 -1559.83 12086.9 -2674.64 -2220.18 -3165.09 -10092.2 -2305.53 -1592.02 -1096.59 -15789.6 6095.04 -1748.4 181.158 -1461.82 -4193.77 -2538.31 690.342 -6324.83 -6074.45 9810.06 -10612.4 -3305.64 -8145.53 -1649.88 236.164
internal_weight=445 425 29 20 396 384 29 355 343 308 34 274 256 246 23 35 229 128 116 101 88 46 26 42 20 31 102 26 76 59
internal_count=445 425 29 20 396 384 29 355 343 308 34 274 256 246 23 35 229 128 116 101 88 46 26 42 20 31 102 26 76 59
is_linear=0
shrinkage=0.05


Tree=206
num_leaves=31
num_cat=0
split_feature=4 2 7 8 5 11 7 8 10 2 2 8 8 5 5 8 2 2 11 10 0 7 5 7 11 8 7 8 8 10
split_gain=7.32533e+12 7.09397e+12 1.26292e+13 4.00102e+12 3.4923e+12 2.10895e+12 1.94969e+12 7.65346e+11 7.18494e+11 6.12884e+11 1.31213e+12 1.64886e+12 1.58824e+12 1.17889e+12 1.08839e+12 9.68787e+11 9.18357e+11 8.63596e+11 8.22407e+11 7.79534e+11 6.32369e+11 7.25657e+11 6.03329e+11 5.64139e+11 1.36952e+12 5.38988e+11 4.82583e+11 4.62367e+11 3.57501e+11 4.54048e+11
threshold=1.0000000180025095e-35 30.500000000000004 6303000.0000000009 7900200.0000000009 3341800.0000000005 11124899.166666668 12440250.000000002 14608500.000000002 10030665.000000002 215.50000000000003 225.50000000000003 9271250.0000000019 8066500.0000000009 6108500.0000000009 7791050.0000000009 6168000.0000000009 117.50000000000001 283.50000000000006 6832008.5000000009 8104560.7142857155 1.5000000000000002 7107500.0000000009 5580500.0000000009 5457485.0000000009 7637292.8333333349 6108500.0000000009 5580500.0000000009 10727235.000000002 7835950.0000000009 7585335.0000000009
decision_type=2 2 2 2 2 2 2 2 2 2 2 2 2 2 2 2 2 2 2 2 2 2 2 2 2 2 2 2 2 2
left_child=1 2 -1 -2 -3 7 -7 8 9 16 -11 12 13 22 15 -15 19 27 -18 20 -6 26 -12 24 -20 -16 -22 -13 29 -25
right_child=3 4 -4 -5 5 6 -8 -9 -10 10 11 17 -14 14 25 -17 18 -19 23 -21 21 -23 -24 28 -26 -27 -28 -29 -30 -31
leaf_value=62579.997684733062 -53891.067187499983 -28873.433728027347 -4414.8832375919119 -9164.0299218750006 11674.623010253907 1347.7941053602428 28066.754993785511 -14952.889572143555 -11830.551345486112 14176.610079956055 972.93881687973487 21775.124037863985 -19711.61771763393 -25619.941903409082 5415.6257410386024 -5077.0753438313805 -17303.010937499999 -740.16538696289069 9058.7076605902766 -10302.106295072117 -1185.0772682883519 -7854.3200137867652 14494.296626420457 -10754.525063476563 -14019.216347656251 -8108.9608022836537 13991.344023437501 7277.9880504261373 -15579.454606119791 359.78117244944855
leaf_weight=12.000000000000002 10.000000000000002 11.999999999999998 17 9.9999999999999982 15.999999999999998 18.000000000000004 10.999999999999998 11.999999999999998 18 15.999999999999998 33 11.000000000000002 13.999999999999998 11.000000000000002 17.000000000000004 11.999999999999998 15.999999999999998 15.999999999999998 18.000000000000004 12.999999999999998 11.000000000000002 17 10.999999999999998 20 9.9999999999999982 12.999999999999998 9.9999999999999982 10.999999999999998 11.999999999999998 17
leaf_count=12 10 12 17 10 16 18 11 12 18 16 33 11 14 11 17 12 16 16 18 13 11 17 11 20 10 13 10 11 12 17
internal_value=-1955.4 -563.767 23307.1 -31527.5 -2311.89 -1481.84 11482.6 -2540.91 -2106.67 -1568.11 570.023 -891.087 -3968.59 -1696.4 -6718.78 -14901.9 -3773.07 8098.46 -6988.29 689.862 3336.08 -174.891 4353.28 -4844.98 816.592 -445.028 6041.79 14526.6 -8080.16 -5647.95
internal_weight=445 425 29 20 396 384 29 355 343 325 165 149 111 97 53 23 160 38 93 67 54 38 44 77 28 30 21 22 49 37
internal_count=445 425 29 20 396 384 29 355 343 325 165 149 111 97 53 23 160 38 93 67 54 38 44 77 28 30 21 22 49 37
is_linear=0
shrinkage=0.05


Tree=207
num_leaves=31
num_cat=0
split_feature=4 2 8 8 5 11 10 10 10 11 9 10 6 8 9 8 10 6 5 2 5 1 9 5 8 9 5 5 8 5
split_gain=6.61111e+12 6.40231e+12 1.20657e+13 3.61092e+12 3.1518e+12 1.90333e+12 1.89869e+12 7.29879e+11 9.3026e+11 6.26917e+11 1.04258e+12 6.21968e+11 6.4876e+11 9.2639e+11 8.5361e+11 6.2119e+11 8.91055e+11 6.3386e+11 4.89124e+11 8.5418e+11 8.78632e+11 8.45647e+11 5.26177e+11 7.51683e+11 5.00123e+11 4.74317e+11 4.35918e+11 3.99519e+11 5.04085e+11 3.98613e+11
threshold=1.0000000180025095e-35 30.500000000000004 7662375.0000000009 7900200.0000000009 3341800.0000000005 11124899.166666668 11955455.714285716 5835603.5714285718 6295257.8571428582 6547841.666666667 6744300.0000000009 10030665.000000002 3904000.0000000005 13730500.000000002 7244710.7142857155 9673050.0000000019 8303889.2857142864 6500200.0000000009 7545000.0000000009 171.50000000000003 10784000.000000002 8.5000000000000018 9825575.0000000019 7107500.0000000009 8066500.0000000009 6485692.8571428582 5130500.0000000009 5948085.0000000009 6369800.0000000009 5898500.0000000009
decision_type=2 2 2 2 2 2 2 2 2 2 2 2 2 2 2 2 2 2 2 2 2 2 2 2 2 2 2 2 2 2
left_child=1 2 -1 -2 -3 7 -7 -6 29 10 -10 12 14 15 -11 18 17 -17 22 -20 -21 -22 23 24 25 -14 -27 -28 -29 -9
right_child=3 4 -4 -5 5 6 -8 8 9 11 -12 -13 13 -15 -16 16 -18 -19 19 20 21 -23 -24 -25 -26 26 27 28 -30 -31
leaf_value=55525.109709821423 -51196.514999999985 -27429.76178385417 -9015.9954427083339 -8705.8285937500004 -14534.837027994792 25101.830618990381 -623.68233032226567 10631.231672748767 -21885.586780894882 16410.814959161926 -116.33421519886363 -11239.024088541668 6503.4686279296875 -15905.66161295573 -3773.455546875 7155.0243749999981 12257.07247450087 -9326.91748046875 -14181.424618252842 -6764.5834702602651 16201.870585937497 -4360.8004882812502 8805.2349158653851 11046.674140625 -12082.726646205358 2668.2359537760422 -14812.558309659093 -8567.0421956380196 5434.1450097656252 -80.092980957031259
leaf_weight=14.000000000000002 10.000000000000002 11.999999999999998 14.999999999999998 9.9999999999999982 11.999999999999998 13.000000000000002 15.999999999999998 19 11.000000000000002 11.000000000000002 10.999999999999998 18 13.999999999999998 11.999999999999998 9.9999999999999982 10.000000000000002 18 13.999999999999998 22 43 10.000000000000002 9.9999999999999982 12.999999999999998 9.9999999999999982 13.999999999999998 18 10.999999999999998 18.000000000000004 9.9999999999999982 15.999999999999998
leaf_count=14 10 12 15 10 12 13 16 19 11 11 11 18 14 12 10 10 18 14 22 43 10 10 13 10 14 18 11 18 10 16
internal_value=-1857.63 -535.579 22141.8 -29951.2 -2196.29 -1407.75 10908.4 -2413.86 -1989.8 -2867.58 -11001 -2241.93 -1637.65 -2354.96 6799.26 -1663.01 3847.64 -2459.44 -2862.22 -5699.5 -2737.56 5920.54 -629.167 -1920.19 -3445.7 -1742.63 -3767.99 -6738.55 -3566.62 5734.63
internal_weight=445 425 29 20 396 384 29 355 343 308 22 286 268 247 21 235 42 24 193 85 63 20 108 95 85 71 57 39 28 35
internal_count=445 425 29 20 396 384 29 355 343 308 22 286 268 247 21 235 42 24 193 85 63 20 108 95 85 71 57 39 28 35
is_linear=0
shrinkage=0.05


Tree=208
num_leaves=31
num_cat=0
split_feature=4 2 7 8 5 11 7 10 10 11 9 10 6 8 9 8 10 7 10 6 7 9 10 0 5 7 2 9 10 2
split_gain=5.96652e+12 5.77808e+12 1.12004e+13 3.25885e+12 2.8445e+12 1.71775e+12 1.7578e+12 6.58716e+11 8.39559e+11 5.65946e+11 8.10122e+11 5.65369e+11 5.80781e+11 8.4063e+11 7.70383e+11 5.53187e+11 8.04177e+11 6.44808e+11 8.81122e+11 5.72059e+11 5.5959e+11 1.22374e+12 6.45449e+11 7.2534e+11 5.96236e+11 8.0972e+11 7.20627e+11 5.49813e+11 4.74877e+11 4.19397e+11
threshold=1.0000000180025095e-35 30.500000000000004 6303000.0000000009 7900200.0000000009 3341800.0000000005 11124899.166666668 12440250.000000002 5835603.5714285718 6295257.8571428582 6577307.833333334 6744300.0000000009 10030665.000000002 3904000.0000000005 13730500.000000002 7244710.7142857155 9673050.0000000019 8303889.2857142864 10459500.000000002 8339706.0714285718 6500200.0000000009 7181000.0000000009 9341762.1428571437 8339706.0714285718 3.5000000000000004 7900200.0000000009 4062500.0000000005 225.50000000000003 7597344.2857142864 6950032.8571428582 171.50000000000003
decision_type=2 2 2 2 2 2 2 2 2 2 2 2 2 2 2 2 2 2 2 2 2 2 2 2 2 2 2 2 2 2
left_child=1 2 -1 -2 -3 7 -7 -6 -9 10 -10 12 14 15 -11 17 19 20 -19 -17 24 22 23 -22 25 -14 28 -25 -27 -26
right_child=3 4 -4 -5 5 6 -8 8 9 11 -12 -13 13 -15 -16 16 -18 18 -20 -21 21 -23 -24 27 29 26 -28 -29 -30 -31
leaf_value=58019.348177083317 -48636.687265624991 -26058.273921712243 -5072.1268267463238 -8270.5387499999997 -13808.094661458335 739.91085340711788 26109.931321022726 5447.8947338867192 -18547.19734168419 15590.274589399854 -110.51763139204546 -10677.073046875001 10087.881775841348 -15110.379003906251 -3584.7824414062507 6797.2733984374981 11644.218931070965 -21692.467919921866 -1950.9637319711539 -8860.5713448660717 10846.431347656251 13935.686596679689 -12608.276526988637 -7819.2553269159216 -15465.5390625 -7768.4376584053043 -13505.865018136163 6425.3000000000002 4812.9970031738285 -4719.0916562287703
leaf_weight=12.000000000000002 10.000000000000002 11.999999999999998 17 9.9999999999999982 11.999999999999998 18.000000000000004 10.999999999999998 35 13.000000000000002 11.000000000000002 10.999999999999998 18 12.999999999999998 11.999999999999998 9.9999999999999982 10.000000000000002 18 10.000000000000002 12.999999999999998 13.999999999999998 12.999999999999998 15.999999999999998 10.999999999999998 21.000000000000004 14.999999999999998 11.999999999999998 13.999999999999998 9.9999999999999982 20 23
leaf_count=12 10 12 17 10 12 18 11 35 13 11 11 18 13 12 10 10 18 10 13 14 13 16 11 21 15 12 14 10 20 23
internal_value=-1764.75 -508.8 21034.7 -28453.6 -2086.48 -1337.36 10363 -2293.17 -1890.31 -2724.2 -10097.1 -2101.14 -1520.82 -2204.82 6459.3 -1540.16 3655.25 -2682.61 -10534.2 -2336.47 -1607.68 1765.24 -1775.25 933.006 -4076.53 -930.525 -4044.42 -3224.24 94.959 -8961.11
internal_weight=445 425 29 20 396 384 29 355 343 308 24 284 266 245 21 233 42 191 23 24 168 71 55 44 97 59 46 31 32 38
internal_count=445 425 29 20 396 384 29 355 343 308 24 284 266 245 21 233 42 191 23 24 168 71 55 44 97 59 46 31 32 38
is_linear=0
shrinkage=0.05


Tree=209
num_leaves=31
num_cat=0
split_feature=4 1 2 6 5 7 5 10 0 10 10 10 6 5 7 10 5 10 9 6 11 5 10 5 6 5 2 7 2 2
split_gain=5.38479e+12 5.21628e+12 9.88495e+12 2.91494e+12 2.56111e+12 1.67429e+12 9.87737e+11 6.7627e+11 6.05094e+11 6.02987e+11 7.34906e+11 1.4218e+12 7.54998e+11 1.33115e+12 8.7583e+11 6.24661e+11 6.49644e+11 6.46848e+11 8.47517e+11 9.26612e+11 5.44796e+11 6.27276e+11 5.34057e+11 4.82322e+11 9.87677e+11 3.59749e+11 3.40706e+11 3.03823e+11 2.57696e+11 1.8285e+11
threshold=1.0000000180025095e-35 1.5000000000000002 15.500000000000002 7181000.0000000009 3341800.0000000005 14825500.000000002 14341000.000000002 5835603.5714285718 3.5000000000000004 6295257.8571428582 8267596.0714285718 8104560.7142857155 14885500.000000002 11856175.000000002 12001950.000000002 7885510.7142857155 4697500.0000000009 6644417.5000000009 7517332.1428571437 4460000.0000000009 7291353.0000000009 7513800.0000000009 8558855.0000000019 5873000.0000000009 11568950.000000002 5898500.0000000009 209.50000000000003 6196000.0000000009 257.50000000000006 293.50000000000006
decision_type=2 2 2 2 2 2 2 2 2 2 2 2 2 2 2 2 2 2 2 2 2 2 2 2 2 2 2 2 2 2
left_child=1 2 8 -2 -3 6 7 -6 -1 25 11 15 13 14 22 16 -11 28 19 -19 21 -21 -12 -24 29 -9 -22 -20 -18 -25
right_child=3 4 -4 -5 5 -7 -8 9 -10 10 12 -13 -14 -15 -16 -17 17 18 27 20 26 -23 23 24 -26 -27 -28 -29 -30 -31
leaf_value=8018.8374999999942 -7942.5137499999973 -24755.359952799481 60205.854765625001 -46119.348496093757 -13117.690364583335 14535.543701171875 -14553.145605468751 9827.2754009046057 -9375.0470507812497 -12654.168678193935 10870.278105612364 -18998.822656250002 -8325.9843979779416 17989.206084735579 -10154.611341145835 6666.618176987593 -5555.0108398437496 15087.432657877604 -2696.4827080620662 10839.339127604168 -962.64081712805717 -3272.1909598214288 8277.3608593750014 -3878.3845616957715 11177.277392578126 -348.48293457031252 -11661.534952059659 -12165.901843261719 -15385.378154296877 -12151.626349431819
leaf_weight=10.000000000000005 10.000000000000002 11.999999999999998 9.9999999999999982 9.9999999999999982 11.999999999999998 15.999999999999998 14.999999999999998 19 9.9999999999999982 17 17 13.999999999999998 17 12.999999999999998 14.999999999999998 17 20.000000000000004 11.999999999999998 18 18 23 13.999999999999998 14.999999999999998 17.000000000000004 9.9999999999999982 15.999999999999998 10.999999999999998 15.999999999999998 9.9999999999999982 10.999999999999998
leaf_count=10 10 12 10 10 12 16 15 19 10 17 17 14 17 13 15 17 20 12 18 18 23 14 15 17 10 16 11 16 10 11
internal_value=-1676.51 -483.36 19616.5 -27030.9 -2009.93 -1297.28 -1987.54 -1452.08 -678.105 -1040.35 -1753.65 -3663.09 1401.1 3088.45 809.51 -2443.21 -3417.21 -2311.38 -564.84 2306.78 -16.9726 4665.54 3158.96 685.524 -2311.25 5175.5 -4424.05 -7152.68 -8831.8 -7128.59
internal_weight=445 425 30 20 395 383 367 352 20 340 305 190 115 98 85 176 159 142 112 78 66 32 70 53 38 35 34 34 30 28
internal_count=445 425 30 20 395 383 367 352 20 340 305 190 115 98 85 176 159 142 112 78 66 32 70 53 38 35 34 34 30 28
is_linear=0
shrinkage=0.05


Tree=210
num_leaves=31
num_cat=0
split_feature=7 7 2 11 10 9 2 5 2 2 9 1 7 7 5 6 11 10 9 6 6 7 7 7 0 7 7 5 1 11
split_gain=2.85221e+12 1.48253e+13 1.03702e+13 2.5686e+12 8.15662e+12 3.43248e+12 5.48991e+12 1.44819e+12 1.36025e+12 1.64125e+12 2.68607e+12 1.56174e+12 9.32417e+11 1.5213e+12 1.13768e+12 8.54346e+11 2.74389e+12 1.22066e+12 1.16615e+12 7.90637e+11 7.22008e+11 6.59255e+11 9.17473e+11 5.67177e+11 5.16332e+11 4.22536e+11 6.87654e+11 7.2604e+11 6.11736e+11 4.49175e+11
threshold=6051000.0000000009 6303000.0000000009 30.500000000000004 11250280.666666668 10220283.928571431 11339707.142857146 332.50000000000006 4613000.0000000009 345.50000000000006 295.50000000000006 7998440.7142857155 9.5000000000000018 3432750.0000000005 3960000.0000000005 7323000.0000000009 5838300.0000000009 7092248.0000000009 7690664.2857142864 6188313.5714285718 7513800.0000000009 4405000.0000000009 5211500.0000000009 4876250.0000000009 2572085.0000000005 1.5000000000000002 9474500.0000000019 7995510.0000000009 6405800.0000000009 4.5000000000000009 7665548.0000000009
decision_type=2 2 2 2 2 2 2 2 2 2 2 2 2 2 2 2 2 2 2 2 2 2 2 2 2 2 2 2 2 2
left_child=2 -2 -1 4 7 6 -5 24 9 11 -11 15 23 -14 21 16 -9 -18 -17 20 -16 22 -15 -4 -3 26 28 -28 -20 -27
right_child=1 3 12 5 -6 -7 -8 8 -10 10 -12 -13 13 14 19 18 17 -19 25 -21 -22 -23 -24 -25 -26 29 27 -29 -30 -31
leaf_value=-53722.462286931826 51594.458047921318 -20627.658437499995 -1701.3411132812498 -24042.466276041661 45014.728593750006 -30811.006103515625 24859.851384943184 29903.697265625 -16711.334303977274 33387.909101562487 354.32770843505864 -17082.439573317308 -18799.937022569444 -6024.6247268676743 8764.2108618164057 -16052.816186523438 -11196.21993233817 8261.0895867598683 -10157.598617788462 10351.388548519739 -7328.6792777683431 -2809.8736294450432 -24782.874289772728 12359.025976562501 -6712.7522863769527 -9685.8320657169115 -842.83642578124989 15844.073267364503 3774.6821533203129 766.20868952824526
leaf_weight=10.999999999999998 13.999999999999998 10.000000000000002 16.000000000000004 12.000000000000002 9.9999999999999982 15.999999999999998 10.999999999999998 9.9999999999999982 10.999999999999998 10.000000000000002 15.999999999999998 12.999999999999998 18 16.000000000000004 9.9999999999999982 11.999999999999998 13.999999999999998 19 12.999999999999998 19 23 29 10.999999999999998 12.999999999999998 20 17 11.000000000000002 15.999999999999998 20 26
leaf_count=11 14 10 16 12 10 16 11 10 11 10 16 13 18 16 10 12 14 19 13 19 23 29 11 13 20 17 11 16 20 26
internal_value=-1549.28 1352.56 -6811.04 -1098.26 777.522 -13026.3 -654.401 -1081.18 400.047 1355.51 13059.6 -424.057 -3481.85 -5342.32 -3099.38 946.569 6959.32 6.47343 -1301.68 2226.13 -2452.05 -8044.5 -13666.9 4601.58 -11351.1 416.904 3127.98 9045.7 -1713.79 -3365.99
internal_weight=467 301 166 287 248 39 23 238 208 197 26 171 155 126 108 158 43 33 115 52 33 56 27 29 30 103 60 27 33 43
internal_count=467 301 166 287 248 39 23 238 208 197 26 171 155 126 108 158 43 33 115 52 33 56 27 29 30 103 60 27 33 43
is_linear=0
shrinkage=0.05


Tree=211
num_leaves=31
num_cat=0
split_feature=7 7 2 11 10 2 5 8 5 10 8 10 5 7 10 7 7 5 8 5 10 10 1 11 2 6 5 5 1 7
split_gain=2.57412e+12 1.33799e+13 9.35909e+12 2.31816e+12 7.36135e+12 2.28514e+12 2.49215e+12 1.32336e+12 2.38127e+12 1.68736e+12 1.78988e+12 1.21883e+12 1.40811e+12 9.5765e+11 1.57891e+12 8.41506e+11 1.37298e+12 1.02769e+12 1.24151e+12 8.1506e+11 8.0173e+11 7.72223e+11 8.91012e+11 7.38046e+11 7.55754e+11 7.03655e+11 7.24451e+11 7.02386e+11 6.96847e+11 6.28076e+11
threshold=6051000.0000000009 6303000.0000000009 30.500000000000004 11250280.666666668 10220283.928571431 340.50000000000006 9467800.0000000019 5838300.0000000009 5990000.0000000009 6358571.42857143 13906500.000000002 6438614.2857142864 11600310.000000002 9187935.0000000019 8339706.0714285718 3432750.0000000005 3960000.0000000005 7383700.0000000009 8458500.0000000019 5485500.0000000009 8281153.2142857155 8945265.7142857146 6.5000000000000009 7223619.6666666679 209.50000000000003 7513800.0000000009 9491225.0000000019 9637750.0000000019 5.5000000000000009 10576250.000000002
decision_type=2 2 2 2 2 2 2 2 2 2 2 2 2 2 2 2 2 2 2 2 2 2 2 2 2 2 2 2 2 2
left_child=2 -2 -1 4 7 6 -5 11 20 -10 13 -3 19 14 23 -4 -17 18 -18 -13 28 22 -15 -11 -25 26 -19 29 -9 -21
right_child=1 3 15 5 -6 -7 -8 8 9 10 -12 12 -14 21 -16 16 17 25 -20 27 -22 -23 -24 24 -26 -27 -28 -29 -30 -31
leaf_value=-51036.338902698866 49014.736502511165 -20860.236181640626 4371.5030643857763 -41821.487460937489 42763.991015625004 42.409580592105272 -6521.6871679687501 -23529.707382812492 24190.360518022018 23489.46255859375 23626.4251171875 8152.7769856770828 -21022.222070312502 450.62981770833323 -6236.5815972222226 -17859.940098741321 -3949.489969933551 4753.1848158892462 -22647.994300426137 -3159.821666370739 1737.7550746372767 5786.9799153645836 -18116.457282366071 -839.81551419771608 16967.477024147727 9833.8190429687511 -10322.577633463543 7088.984492187501 -7364.3895751953132 -17792.547558593749
leaf_weight=10.999999999999998 13.999999999999998 11.999999999999998 29 10.000000000000002 9.9999999999999982 19 9.9999999999999982 10.000000000000002 10.999999999999998 9.9999999999999982 9.9999999999999982 18 9.9999999999999982 12.000000000000002 18 18 46 17 10.999999999999998 22 13.999999999999998 11.999999999999998 13.999999999999998 13.000000000000002 10.999999999999998 19 14.999999999999998 9.9999999999999982 20 10.999999999999998
leaf_count=11 14 12 29 10 10 19 10 10 11 10 10 18 10 12 18 18 46 17 11 22 14 12 14 13 11 19 15 10 20 11
internal_value=-1471.81 1284.93 -6470.49 -1043.35 738.646 -12375 -24171.6 -1027.12 1701.18 5603.06 3558.46 -6122.16 -3631.22 1328.69 5737.71 -3307.75 -5075.2 -2944.41 -7557.97 -780.234 -8142.19 -4704.71 -9547.03 12077 7321.86 2211.92 -2313.58 -4519.63 -12752.8 -8037.4
internal_weight=467 301 166 287 248 39 20 238 155 111 100 83 71 90 52 155 126 108 57 61 44 38 26 34 24 51 32 43 30 33
internal_count=467 301 166 287 248 39 20 238 155 111 100 83 71 90 52 155 126 108 57 61 44 38 26 34 24 51 32 43 30 33
is_linear=0
shrinkage=0.05


Tree=212
num_leaves=31
num_cat=0
split_feature=7 7 2 11 10 9 2 5 8 5 10 9 5 5 7 10 11 2 2 7 7 7 8 5 11 8 11 11 10 10
split_gain=2.32314e+12 1.20753e+13 8.44658e+12 2.09214e+12 6.64362e+12 3.17451e+12 4.8875e+12 1.25628e+12 1.66298e+12 1.39602e+12 1.55284e+12 1.29703e+12 1.34959e+12 1.04438e+12 9.76722e+11 9.04899e+11 8.94013e+11 8.02403e+11 8.23926e+11 7.3754e+11 1.11072e+12 1.00379e+12 1.30989e+12 1.151e+12 8.32748e+11 6.62761e+11 6.62757e+11 6.20729e+11 1.14753e+12 5.7796e+11
threshold=6051000.0000000009 6303000.0000000009 30.500000000000004 11250280.666666668 10220283.928571431 11339707.142857146 332.50000000000006 4460000.0000000009 5873000.0000000009 10909000.000000002 6358571.42857143 6285101.42857143 11600310.000000002 9802500.0000000019 9075200.0000000019 9331893.2142857164 6969908.6666666679 63.500000000000007 126.50000000000001 3432750.0000000005 2572085.0000000005 4405000.0000000009 6457500.0000000009 6575025.0000000009 8162894.8333333349 7274800.0000000009 7598871.5000000009 7656438.6666666679 8679777.1428571437 7004323.2142857155
decision_type=2 2 2 2 2 2 2 2 2 2 2 2 2 2 2 2 2 2 2 2 2 2 2 2 2 2 2 2 2 2
left_child=2 -2 -1 4 7 6 -5 29 11 10 -10 -9 -13 14 16 -11 -12 -4 -19 20 -20 22 -21 25 -25 -23 -16 -18 -29 -3
right_child=1 3 17 5 -6 -7 -8 8 9 15 13 12 -14 -15 26 -17 27 18 19 21 -22 23 -24 24 -26 -27 -28 28 -30 -31
leaf_value=-48484.524862393468 46563.998618861609 -19953.550976562496 9873.8685968572463 -21925.928694661452 40625.793750000004 -28859.589172363281 24215.445632102274 -22417.402187500003 16527.93830078125 26455.495546874994 19238.939304199219 -2.5693758877840911 -19971.110761718752 -15256.124360795457 -15739.32111328125 5184.6303906250005 -4299.5262464735242 -14474.033237591913 -4753.7689152644225 -344.32560096153838 16834.069531249999 -2059.2170200892861 -21428.288325769761 -1428.846728515625 13849.302161458334 -15820.043006184897 -992.54928607940678 20475.765390624994 -3477.6779882812502 -5065.2723236083984
leaf_weight=10.999999999999998 13.999999999999998 11.000000000000002 10.999999999999998 12.000000000000002 9.9999999999999982 15.999999999999998 10.999999999999998 9.9999999999999982 14.999999999999998 10.000000000000002 9.9999999999999982 55 9.9999999999999982 10.999999999999998 9.9999999999999982 9.9999999999999982 18 17 13.000000000000002 13.000000000000002 10.999999999999998 21 17 22 14.999999999999998 14.999999999999998 32 10.000000000000002 9.9999999999999982 15.999999999999998
leaf_count=11 14 11 11 12 10 16 11 10 15 10 10 55 10 11 10 10 18 17 13 13 11 21 17 22 15 15 32 10 10 16
internal_value=-1398.22 1220.69 -6146.97 -991.183 701.714 -11756.3 141.685 -975.768 323.699 3620.05 1516.6 -5653.69 -3074.65 -712.806 1064.71 15820.1 5937.06 -3142.37 -4136.66 -2752.92 5140.66 -4592.2 -12291.9 -1427.94 4765 -7792.89 -4503.69 2436.56 8499.04 -11130.9
internal_weight=467 301 166 287 248 39 23 238 211 136 116 75 65 101 90 20 48 155 144 127 24 103 30 73 37 36 42 38 20 27
internal_count=467 301 166 287 248 39 23 238 211 136 116 75 65 101 90 20 48 155 144 127 24 103 30 73 37 36 42 38 20 27
is_linear=0
shrinkage=0.05


Tree=213
num_leaves=31
num_cat=0
split_feature=6 6 1 11 2 9 6 7 9 9 10 9 9 0 8 8 10 7 11 2 2 8 7 1 10 7 7 7 10 10
split_gain=2.41299e+12 1.09782e+13 5.10193e+12 4.59859e+12 4.24206e+12 1.86309e+12 2.62668e+12 1.48754e+12 1.3125e+12 8.26723e+11 1.02694e+12 1.59997e+12 1.45928e+12 2.05619e+12 7.11594e+11 6.71642e+11 1.32002e+12 1.30097e+12 6.47454e+11 6.34049e+11 6.35577e+11 9.64926e+11 9.08427e+11 6.15401e+11 5.87174e+11 5.12166e+11 1.00577e+12 9.77585e+11 4.98417e+11 4.18792e+11
threshold=8841850.0000000019 8678000.0000000019 1.5000000000000002 9019905.8333333358 312.50000000000006 9407089.2857142873 6431300.0000000009 10417000.000000002 12333087.142857146 6542742.8571428573 6339379.2857142864 6188313.5714285718 5845521.42857143 2.5000000000000004 6120285.0000000009 8857950.0000000019 10220283.928571431 9075200.0000000019 8227103.0000000009 185.50000000000003 235.50000000000003 7001700.0000000009 8229575.0000000009 6.5000000000000009 6505904.2857142864 7471500.0000000009 6303000.0000000009 8458500.0000000019 7990031.7857142864 7927414.2857142864
decision_type=2 2 2 2 2 2 2 2 2 2 2 2 2 2 2 2 2 2 2 2 2 2 2 2 2 2 2 2 2 2
left_child=1 3 -2 5 7 9 -7 -5 15 10 12 -12 -1 -14 -13 16 19 -17 24 29 -21 22 -22 -16 -11 26 28 -27 -26 -4
right_child=2 -3 8 4 -6 6 -8 -9 -10 18 11 14 13 -15 23 17 -18 -19 -20 20 21 -23 -24 -25 25 27 -28 -29 -30 -31
leaf_value=-8109.0297475961534 -36488.229199218753 50220.061612215912 -1943.5749835205072 -12821.572187499996 35355.471093749999 -3018.0427978515618 -35684.380844726569 14450.574683837891 -18827.240940504806 10803.271262428978 -25261.818329326925 6552.6577929687501 -7864.8551171874979 22292.554176682694 -18836.723798828119 225.82727494673296 17395.3359375 -18512.193164062501 10705.346940104168 -12786.909099264707 14990.784419389202 -13638.610511363637 -3674.7589752197268 -2823.7006640625004 -3073.0730550912713 12900.067004394532 -15843.593889508929 -2592.9032575334822 8641.8256036931834 12194.244389204547
leaf_weight=26 12.999999999999998 10.999999999999998 10.000000000000002 10.000000000000002 15.999999999999998 16.000000000000004 9.9999999999999982 9.9999999999999982 12.999999999999998 10.999999999999998 12.999999999999998 9.9999999999999982 10.000000000000002 12.999999999999998 10.000000000000002 22 9.9999999999999982 15.999999999999998 14.999999999999998 17 11.000000000000002 10.999999999999998 15.999999999999998 14.999999999999998 52 15.999999999999998 13.999999999999998 28 10.999999999999998 10.999999999999998
leaf_count=26 13 11 10 10 16 16 10 10 13 11 13 10 10 13 10 22 10 16 15 17 11 11 16 15 52 16 14 28 11 11
internal_value=-1328.31 1144.01 -6553.16 -620.16 16166 -2858.32 -15582 814.501 -3712.6 -1502.52 -5085.36 -10283.3 6.52816 9180.64 -4719.89 -2128 318.077 -7663.87 861.673 -1928.93 -4750.9 -1155.85 3929.72 -9228.91 -256.926 -1262.4 -3721.43 3040.9 -1027.61 5461.95
internal_weight=467 317 150 306 36 270 26 20 137 244 97 48 49 23 35 124 86 38 147 76 55 38 27 25 132 121 77 44 63 21
internal_count=467 317 150 306 36 270 26 20 137 244 97 48 49 23 35 124 86 38 147 76 55 38 27 25 132 121 77 44 63 21
is_linear=0
shrinkage=0.05


Tree=214
num_leaves=31
num_cat=0
split_feature=6 6 1 11 5 5 5 10 5 10 10 11 5 0 5 11 6 11 8 7 0 11 7 7 7 11 10 0 8 11
split_gain=2.17772e+12 9.90779e+12 4.60449e+12 4.15023e+12 6.12867e+12 2.35074e+12 1.47628e+12 1.7272e+12 1.58775e+12 1.53584e+12 1.83073e+12 1.09947e+12 1.18449e+12 1.09897e+12 8.77942e+11 1.26333e+12 7.71467e+11 7.21454e+11 7.73921e+11 7.13633e+11 1.23522e+12 7.10865e+11 6.60335e+11 4.69329e+11 5.40462e+11 4.36427e+11 4.25439e+11 4.19961e+11 7.1126e+11 5.29646e+11
threshold=8841850.0000000019 8678000.0000000019 1.5000000000000002 9019905.8333333358 13917500.000000002 13294200.000000002 6847850.0000000009 6339379.2857142864 7651000.0000000009 8679777.1428571437 8267596.0714285718 11497119.66666667 4460000.0000000009 2.5000000000000004 12001950.000000002 8652095.0000000019 5708800.0000000009 7142707.3333333349 7274800.0000000009 5321500.0000000009 2.5000000000000004 8162894.8333333349 8022050.0000000009 6953135.0000000009 8715000.0000000019 7265974.5000000009 9828564.2857142873 2.5000000000000004 7567500.0000000009 6674366.5000000009
decision_type=2 2 2 2 2 2 2 2 2 2 2 2 2 2 2 2 2 2 2 2 2 2 2 2 2 2 2 2 2 2
left_child=1 3 -2 5 13 6 16 -8 25 10 23 12 -4 -5 15 17 19 -14 21 -1 -21 -19 -17 -10 -25 -9 -24 28 -18 -29
right_child=2 -3 11 4 -6 -7 7 8 9 -11 -12 -13 14 -15 -16 22 27 18 -20 20 -22 -23 26 24 -26 -27 -28 29 -30 -31
leaf_value=-18436.348575367647 -34663.816560246392 47709.058735795457 -18192.514726562502 -6953.5655308314717 48622.813906249998 -21951.411848958334 17109.890854779413 -19173.294101562493 -593.03584985977568 -14109.788636363635 25802.039453125002 -14689.566714638158 5386.151608758224 13666.706966145835 -14317.764726562502 17974.976449819715 -3251.3407608695652 -6909.3143086483587 -14666.223403033087 -16185.420971679689 2670.1050113075657 9560.3861718750013 10792.293749999997 16417.875248579541 1074.1899922688804 -5688.312213541667 -3792.6113476562505 3439.6180664062504 11764.980074055989 -8931.9799217962463
leaf_weight=17 12.999999999999998 10.999999999999998 9.9999999999999982 14.000000000000002 9.9999999999999982 14.999999999999998 17 10.000000000000002 39 10.999999999999998 9.9999999999999982 19 19 11.999999999999998 9.9999999999999982 12.999999999999998 23 19.000000000000004 17 15.999999999999998 19 9.9999999999999982 10.000000000000002 11.000000000000002 11.999999999999998 14.999999999999998 9.9999999999999982 11.999999999999998 11.999999999999998 31
leaf_count=17 13 11 10 14 10 15 17 10 39 11 10 19 19 12 10 13 23 19 17 16 19 10 10 11 12 15 10 12 12 31
internal_value=-1261.9 1086.81 -6225.5 -589.152 15357.7 -2715.4 -1583.87 2295.85 -35.9851 3291.22 5949.71 -3526.97 -1729.6 2563.48 -205.261 1234.79 -5314.38 -2810.19 -6195.63 -10031.8 -5949.56 -1230.11 9202.17 2747.72 8412.47 -11082.3 3499.84 -2169.45 1897.11 -5479.44
internal_weight=467 317 150 306 36 270 255 125 108 83 72 137 118 26 108 98 130 65 46 52 35 29 33 62 23 25 20 78 35 43
internal_count=467 317 150 306 36 270 255 125 108 83 72 137 118 26 108 98 130 65 46 52 35 29 33 62 23 25 20 78 35 43
is_linear=0
shrinkage=0.05


Tree=215
num_leaves=31
num_cat=0
split_feature=5 4 10 8 8 9 11 0 8 5 9 2 2 2 5 6 6 6 9 9 8 1 2 10 5 5 2 5 8 10
split_gain=8.81827e+12 7.63115e+12 1.56666e+12 8.86665e+11 1.25454e+12 1.66458e+12 1.25736e+12 1.2308e+12 1.22754e+12 9.81397e+11 8.56257e+11 7.42725e+11 7.74008e+11 5.92044e+11 5.44705e+11 5.18884e+11 9.47247e+11 7.37161e+11 7.26407e+11 6.83837e+11 6.75979e+11 6.42357e+11 7.25307e+11 5.9551e+11 5.47894e+11 6.63068e+11 5.25901e+11 3.99628e+11 3.4766e+11 3.30787e+11
threshold=3280000.0000000005 1.0000000180025095e-35 5764964.2857142864 15370600.000000002 12695000.000000002 12333087.142857146 11642606.833333336 5.5000000000000009 10727235.000000002 13497000.000000002 9107221.428571431 227.50000000000003 279.50000000000006 21.500000000000004 11600310.000000002 9157335.0000000019 8210075.0000000009 10615300.000000002 8852812.1428571437 7998440.7142857155 6575025.0000000009 2.5000000000000004 189.50000000000003 6773462.8571428582 6108500.0000000009 5368200.0000000009 235.50000000000003 9467800.0000000019 7107500.0000000009 7316805.0000000009
decision_type=2 2 2 2 2 2 2 2 2 2 2 2 2 2 2 2 2 2 2 2 2 2 2 2 2 2 2 2 2 2
left_child=-1 2 -2 4 5 6 7 8 9 13 -10 27 -13 -4 15 16 18 20 19 21 -17 -15 23 -23 25 -24 -26 29 -19 -9
right_child=1 -3 3 -5 -6 -7 -8 11 10 -11 -12 12 -14 14 -16 17 -18 28 -20 -21 -22 22 24 -25 26 -27 -28 -29 -30 -31
leaf_value=48644.10431640625 19374.094121093753 35022.22468261719 -10026.67513332367 -13506.287980769232 12658.955967881944 -17173.480625 15739.924674479167 -679.67033247514166 -1051.9293615722652 16067.49520596591 -21743.191093750003 -25031.430546874995 -6196.5300781250007 11750.477200520834 -8615.9452974759606 3209.6405095880673 -8444.6608828125009 5153.4196237664473 13359.018990384617 -10963.631165660512 19772.913678850447 3236.3990760216348 3043.0647858796297 -10261.475044389204 5786.4985466452208 16787.45637394832 -5922.4661259044306 5481.2714453125009 -5717.3634765625002 -13244.534843750002
leaf_weight=9.9999999999999982 9.9999999999999982 15.999999999999998 11.999999999999998 12.999999999999998 18 14.999999999999998 11.999999999999998 11.000000000000005 10.000000000000002 10.999999999999998 9.9999999999999982 10.000000000000002 11.999999999999998 14.999999999999998 12.999999999999998 11.000000000000002 25 19.000000000000004 12.999999999999998 10.999999999999998 13.999999999999998 12.999999999999998 27 22 17 12.999999999999998 22 9.9999999999999982 11.999999999999998 9.9999999999999982
leaf_count=10 10 16 12 13 18 15 12 11 10 11 10 10 12 15 13 11 25 19 13 11 14 13 27 22 17 13 22 10 12 10
internal_value=2231.61 1144.67 -174.167 -661.654 -231.293 -858.386 -169.016 -725.597 554.834 1440.2 -11397.6 -7731.73 -14757.8 818.96 1345.87 1899.31 578.677 6097.03 2053.08 1003.24 12485.1 2023.67 743.83 -5247.98 3398.43 7509.99 -818.558 -2745.45 945.375 -6662.94
internal_weight=437 427 411 401 388 370 355 343 290 270 20 53 22 259 247 234 178 56 153 140 25 129 114 35 79 40 39 31 31 21
internal_count=437 427 411 401 388 370 355 343 290 270 20 53 22 259 247 234 178 56 153 140 25 129 114 35 79 40 39 31 31 21
is_linear=0
shrinkage=0.05


Tree=216
num_leaves=31
num_cat=0
split_feature=5 4 7 11 6 9 7 5 7 2 5 6 6 8 8 7 6 2 5 2 5 9 2 2 8 6 6 6 2 9
split_gain=7.95849e+12 6.88712e+12 1.91494e+12 1.44315e+12 1.16635e+12 1.59403e+12 1.57123e+12 1.21006e+12 1.32467e+12 9.34123e+11 5.92516e+11 1.20763e+12 1.39641e+12 1.06015e+12 1.0465e+12 8.0241e+11 7.08127e+11 1.12321e+12 6.72724e+11 7.656e+11 1.05519e+12 9.06237e+11 5.87579e+11 8.67282e+11 8.75363e+11 7.13748e+11 5.34568e+11 4.73302e+11 4.23471e+11 4.04923e+11
threshold=3280000.0000000005 1.0000000180025095e-35 3904000.0000000005 7954235.0000000009 3744200.0000000005 5935285.7142857155 7039250.0000000009 13497000.000000002 7995510.0000000009 10.500000000000002 11108000.000000002 17430950.000000004 12440250.000000002 6120285.0000000009 12695000.000000002 8787500.0000000019 9157335.0000000019 185.50000000000003 6051000.0000000009 197.50000000000003 5368200.0000000009 7013892.1428571437 235.50000000000003 189.50000000000003 6847850.0000000009 7545000.0000000009 9712300.0000000019 5640500.0000000009 63.500000000000007 6879428.5714285718
decision_type=2 2 2 2 2 2 2 2 2 2 2 2 2 2 2 2 2 2 2 2 2 2 2 2 2 2 2 2 2 2
left_child=-1 2 3 -2 -4 6 -6 9 -9 -7 11 12 14 -12 16 -15 18 -18 19 29 21 -21 23 28 -25 27 -19 -24 -20 -11
right_child=1 -3 4 -5 5 7 -8 8 -10 10 13 -13 -14 15 -16 -17 17 26 22 20 -22 -23 25 24 -26 -27 -28 -29 -30 -31
leaf_value=46211.899648437502 4209.2193310546882 33271.113378906251 -12971.050037841798 25941.758906693896 27145.03398437499 -14410.398556315105 -239.34004794034092 -2331.6983723958324 21161.797526041668 1672.3996668198529 4308.9330610795441 15366.267116477275 -14978.819401041666 -25031.303105468745 -13307.0971875 -5001.1970898437503 19656.022177956322 -8396.5259082031243 2798.70068359375 -5480.8761067708338 19964.691139914776 11159.61328125 -7255.5839066938897 -2570.4026047926677 16594.281356534091 1521.0224414062502 4952.2336067708338 -21923.147114701707 -9246.1271014178255 -9598.5625
leaf_weight=9.9999999999999982 25 15.999999999999998 20 10.999999999999998 10.000000000000002 14.999999999999998 10.999999999999998 12.000000000000002 11.999999999999998 17 11.000000000000002 10.999999999999998 18 10.000000000000002 14.999999999999998 9.9999999999999982 10.999999999999998 9.9999999999999982 9.9999999999999982 18 10.999999999999998 14.999999999999998 11.000000000000002 13.000000000000002 10.999999999999998 9.9999999999999982 30 10.999999999999998 27 14.999999999999998
leaf_count=10 25 16 20 11 10 15 11 12 12 17 11 11 18 10 15 10 11 10 10 18 11 15 11 13 11 10 30 11 27 15
internal_value=2120.03 1087.43 -165.458 10849.7 -1222.92 -561.048 12800.8 -1401.17 9415.05 -2238.55 -1619.64 -851.774 -1556.91 -8158.93 -528.844 -15016.3 342.4 5506.24 -1215.92 2273.72 6553.41 2082.98 -4067.66 -1189.12 6213.41 -9554.87 1615.04 -14589.4 -5990.77 -3610.86
internal_weight=437 427 411 36 375 355 21 334 24 310 295 264 253 31 235 20 220 51 169 76 44 33 93 61 24 32 40 22 37 32
internal_count=437 427 411 36 375 355 21 334 24 310 295 264 253 31 235 20 220 51 169 76 44 33 93 61 24 32 40 22 37 32
is_linear=0
shrinkage=0.05


Tree=217
num_leaves=31
num_cat=0
split_feature=5 4 7 11 10 10 5 5 2 0 6 8 7 11 8 5 0 8 5 6 6 6 6 2 8 1 5 10 11 8
split_gain=7.18254e+12 6.21562e+12 1.72824e+12 1.30244e+12 1.18042e+12 7.60951e+11 2.94442e+12 2.18939e+12 8.67587e+11 8.17051e+11 8.9622e+11 5.37033e+11 1.36184e+12 1.19008e+12 9.03998e+11 1.04867e+12 7.80021e+11 7.67815e+11 1.09791e+12 6.57007e+11 1.33396e+12 6.20496e+11 6.05485e+11 7.48716e+11 5.27655e+11 4.47034e+11 4.00595e+11 3.89103e+11 3.71712e+11 4.56579e+11
threshold=3280000.0000000005 1.0000000180025095e-35 3904000.0000000005 7954235.0000000009 5835603.5714285718 11955455.714285716 14885500.000000002 12001950.000000002 10.500000000000002 5.5000000000000009 6575025.0000000009 10727235.000000002 12891300.000000002 8621354.1666666679 6575025.0000000009 5109300.0000000009 1.5000000000000002 6120285.0000000009 8399300.0000000019 9157335.0000000019 5408200.0000000009 6196000.0000000009 5051000.0000000009 261.50000000000006 7401900.0000000009 5.5000000000000009 4739000.0000000009 6883375.3571428582 7516777.1515151532 4405000.0000000009
decision_type=2 2 2 2 2 2 2 2 2 2 2 2 2 2 2 2 2 2 2 2 2 2 2 2 2 2 2 2 2 2
left_child=-1 2 3 27 -4 6 8 -7 -6 11 -11 12 14 -13 15 26 19 18 28 20 -16 -20 -18 25 -12 -24 -10 -2 29 -17
right_child=1 -3 4 -5 5 7 -8 -9 9 10 24 13 -14 -15 16 17 22 -19 21 -21 -22 -23 23 -25 -26 -27 -28 -29 -30 -31
leaf_value=43901.304375000007 10491.282214355466 31607.558673095704 14975.395845170457 24644.67108487216 -13689.878665364584 5412.4991406249983 24353.47215909091 -27673.696679687502 676.31357177734367 -20676.921367187504 213.60984074519229 4914.2921630859373 17027.367789713542 -12690.179346720379 16485.153419712613 -19256.338069661455 -11907.173085937502 -16373.7128125 -2804.3067220052076 18705.923650568184 -3638.2376574707032 13636.244788707387 -653.36735276442289 -7067.0123657226568 -12123.662259615385 11663.632620418774 12932.8686328125 -1994.3405198317309 -2791.6347681949014 -6518.0299345128678
leaf_weight=9.9999999999999982 12.000000000000002 15.999999999999998 10.999999999999998 10.999999999999998 14.999999999999998 10.000000000000002 10.999999999999998 9.9999999999999982 20.000000000000004 9.9999999999999982 26 15.999999999999998 11.999999999999998 24 13.999999999999998 12.000000000000002 9.9999999999999982 14.999999999999998 12.000000000000002 10.999999999999998 20 10.999999999999998 13.000000000000002 15.999999999999998 12.999999999999998 17 9.9999999999999982 12.999999999999998 19 17
leaf_count=10 12 16 11 11 15 10 11 10 20 10 26 16 12 24 14 12 10 15 12 11 20 11 13 16 13 17 10 13 19 17
internal_value=2014.03 1033.06 -157.185 10307.2 -1161.77 -1649.43 -1098.2 -11130.6 -1938.95 -1384.66 -7322.92 -302.966 630.732 -5648.39 -275.994 -3287.3 3182.54 -6095.14 -3923.61 8084.28 4647.86 5058.57 -756.356 1667.73 -3898.81 6326.27 4761.83 3998.76 -8227.58 -11789.1
internal_weight=437 427 411 36 375 364 344 20 333 318 49 269 229 40 217 116 101 86 71 45 34 23 56 46 39 30 30 25 48 29
internal_count=437 427 411 36 375 364 344 20 333 318 49 269 229 40 217 116 101 86 71 45 34 23 56 46 39 30 30 25 48 29
is_linear=0
shrinkage=0.05


Tree=218
num_leaves=31
num_cat=0
split_feature=5 4 7 11 10 10 5 5 2 0 6 9 11 9 6 7 7 6 7 11 5 9 5 5 10 11 6 11 9 10
split_gain=6.48224e+12 5.6096e+12 1.55973e+12 1.17545e+12 1.06533e+12 6.86758e+11 2.65734e+12 1.97593e+12 7.82997e+11 7.37389e+11 8.08838e+11 7.80974e+11 6.31326e+11 5.34905e+11 5.67298e+11 6.29393e+11 1.37634e+12 8.32023e+11 8.01339e+11 1.00417e+12 7.40277e+11 1.39465e+12 9.43276e+11 1.16773e+12 8.1085e+11 5.62804e+11 4.32861e+11 4.23012e+11 3.73379e+11 3.54125e+11
threshold=3280000.0000000005 1.0000000180025095e-35 3904000.0000000005 7954235.0000000009 5835603.5714285718 11955455.714285716 14885500.000000002 12001950.000000002 10.500000000000002 5.5000000000000009 6575025.0000000009 8568614.2857142892 7665548.0000000009 6202457.1428571437 3744200.0000000005 6953135.0000000009 6021300.0000000009 7693150.0000000009 5142500.0000000009 7527677.8823529417 10384350.000000002 9559564.2857142892 7513800.0000000009 6500200.0000000009 6773462.8571428582 8250740.8333333349 5408200.0000000009 7122412.5000000009 7142030.0000000009 6902208.2142857155
decision_type=2 2 2 2 2 2 2 2 2 2 2 2 2 2 2 2 2 2 2 2 2 2 2 2 2 2 2 2 2 2
left_child=-1 2 3 28 -4 6 8 -7 -6 13 -11 12 -12 26 -15 16 18 -18 19 29 22 -22 23 24 -17 -24 -10 -26 -2 -16
right_child=1 -3 4 -5 5 7 -8 -9 9 10 11 -13 -14 14 15 20 17 -19 -20 -21 21 -23 25 -25 27 -27 -28 -29 -30 -31
leaf_value=41706.240351562505 10692.366352982952 30027.18178100586 14226.625399502842 23412.438210227276 -13005.384791666667 5141.8739843749981 23135.799218750002 -26290.011406250003 12842.355735426681 -19643.075742187499 -5308.4253575942093 -14992.438689630682 10064.453338068182 -12748.630563964844 -5308.713505859374 10993.811161295574 -18821.360058593749 -2004.2582031250001 5990.3718838316026 -15887.345432692307 -1418.8385742187497 23863.863378906251 -967.31154296874979 13645.751931923314 -11669.417252604168 -14906.513392857143 868.96851128472235 -790.87517438616078 -1617.5368722098215 7431.2825663248705
leaf_weight=9.9999999999999982 11.000000000000002 15.999999999999998 10.999999999999998 10.999999999999998 14.999999999999998 10.000000000000002 10.999999999999998 9.9999999999999982 13.000000000000002 9.9999999999999982 17.000000000000004 10.999999999999998 10.999999999999998 9.9999999999999982 10.000000000000002 11.999999999999998 19.000000000000004 11.999999999999998 33 12.999999999999998 12.000000000000002 9.9999999999999982 15.000000000000002 19 11.999999999999998 13.999999999999998 18 35 13.999999999999998 11.999999999999998
leaf_count=10 11 16 11 11 15 10 11 10 13 10 17 11 11 10 10 12 19 12 33 13 12 10 15 19 12 14 18 35 14 12
internal_value=1913.33 981.41 -149.326 9791.87 -1103.68 -1566.96 -1043.29 -10574.1 -1842 -1315.42 -6956.77 -3703.87 730.92 -287.818 -1092.5 -581.267 -3580.02 -12311.5 400.515 -4869.92 1720.1 10073.3 2.6217 2865.15 -606.575 -7696.58 5890.07 -3568.38 3798.82 1640.38
internal_weight=437 427 411 36 375 364 344 20 333 318 49 39 28 269 238 228 99 31 68 35 129 22 107 78 59 29 31 47 25 22
internal_count=437 427 411 36 375 364 344 20 333 318 49 39 28 269 238 228 99 31 68 35 129 22 107 78 59 29 31 47 25 22
is_linear=0
shrinkage=0.05


Tree=219
num_leaves=31
num_cat=0
split_feature=5 4 7 6 10 10 5 8 9 8 6 2 5 5 10 5 5 9 7 6 6 7 8 7 10 7 10 10 9 5
split_gain=5.85022e+12 5.06266e+12 1.40766e+12 1.0526e+12 1.71309e+12 1.04431e+12 1.00079e+12 9.88027e+11 1.35233e+12 8.72068e+11 1.18503e+12 1.52614e+12 8.98458e+11 7.446e+11 9.52283e+11 7.16249e+11 6.40586e+11 6.18877e+11 5.9054e+11 5.2733e+11 1.11221e+12 7.28997e+11 9.93607e+11 5.85734e+11 5.00117e+11 4.575e+11 4.44455e+11 4.43023e+11 3.32405e+11 2.86786e+11
threshold=3280000.0000000005 1.0000000180025095e-35 3904000.0000000005 3744200.0000000005 6004377.5000000009 7927414.2857142864 16181750.000000002 10727235.000000002 9166200.0000000019 6575025.0000000009 12440250.000000002 328.50000000000006 5838300.0000000009 5285500.0000000009 6773462.8571428582 8280800.0000000009 7503200.0000000009 9368578.5714285728 7432700.0000000009 9157335.0000000019 14614885.000000002 8066500.0000000009 8247000.0000000009 7107500.0000000009 8104560.7142857155 7545000.0000000009 7089067.8571428573 7316805.0000000009 7142030.0000000009 10727235.000000002
decision_type=2 2 2 2 2 2 2 2 2 2 2 2 2 2 2 2 2 2 2 2 2 2 2 2 2 2 2 2 2 2
left_child=-1 2 5 -4 -5 28 7 9 25 10 11 12 18 26 -15 24 -12 29 -6 21 23 22 -16 -21 27 -9 -11 -14 -2 -17
right_child=1 -3 3 4 6 -7 -8 8 -10 13 16 -13 15 14 19 17 -18 -19 -20 20 -22 -23 -24 -25 -26 -27 -28 -29 -30 -31
leaf_value=39620.924843749999 10157.747816051133 28525.820666503907 -12209.019580078126 18149.853428141276 -2482.5351651278411 22140.553533380684 14515.960429687502 -10230.458164062497 -19021.120171440973 2055.6056233723953 -5381.6945312499984 15731.253222656251 -10397.231267606296 -4072.2081953125003 19876.723828124996 8555.0137590680788 -23278.428632812502 -10869.243085937502 9551.1414576480274 10067.740039062497 -800.24470880681827 -3497.7817089843757 843.79038085937509 26787.635564630684 -18743.829756164552 2982.1294279399672 -11057.816420200894 1986.3862109375002 -1457.0968540736608 -2531.3925195312499
leaf_weight=9.9999999999999982 11.000000000000002 15.999999999999998 20 11.999999999999998 22 10.999999999999998 9.9999999999999982 10.000000000000002 18 12.000000000000002 10.000000000000002 11.999999999999998 26 25 12.000000000000002 14.000000000000002 9.9999999999999982 9.9999999999999982 19 10.000000000000002 10.999999999999998 20 15.999999999999998 10.999999999999998 11.999999999999998 19 13.999999999999998 9.9999999999999982 13.999999999999998 9.9999999999999982
leaf_count=10 11 16 20 12 22 11 10 10 18 12 10 12 26 25 12 14 10 10 19 10 11 20 16 11 12 19 14 10 14 10
internal_value=1817.66 932.339 -141.86 -1048.5 -419.735 9302.28 -1069.4 -1537.43 -8255.84 -433.355 -2971.59 -1288.85 -2949.35 2569.9 4445.71 -5971.05 -14330.1 -418.711 3094.05 7107.55 12079.3 3793.04 9000.76 18825.8 -9903.96 -1573.94 -5005.47 -6957.34 3653.43 3935.68
internal_weight=437 427 411 375 355 36 343 333 47 286 155 135 123 131 105 82 20 34 41 80 32 48 28 21 48 29 26 36 25 24
internal_count=437 427 411 375 355 36 343 333 47 286 155 135 123 131 105 82 20 34 41 80 32 48 28 21 48 29 26 36 25 24
is_linear=0
shrinkage=0.05


Tree=220
num_leaves=31
num_cat=0
split_feature=5 5 5 5 2 4 6 11 7 9 10 11 1 0 5 9 9 9 11 2 6 5 5 7 10 11 10 5 2 9
split_gain=1.32136e+13 4.28965e+12 3.71289e+12 1.19323e+12 2.61767e+12 1.62551e+12 1.80094e+12 1.46119e+12 1.42241e+12 1.0103e+12 9.1339e+11 1.84477e+12 6.68538e+11 7.417e+11 6.56147e+11 4.91711e+11 5.87729e+11 8.17229e+11 4.6366e+11 6.71745e+11 5.82151e+11 4.45595e+11 1.05773e+12 4.06433e+11 3.51385e+11 8.52347e+11 6.47963e+11 6.2584e+11 6.43848e+11 3.1785e+11
threshold=3207800.0000000005 18678800.000000004 14614885.000000002 6575025.0000000009 331.50000000000006 1.0000000180025095e-35 12695000.000000002 6303717.8333333349 6120285.0000000009 11278526.428571431 11577390.000000002 9832098.333333334 1.5000000000000002 5.5000000000000009 12440250.000000002 5507169.2857142864 5954128.5714285718 6307900.0000000009 7017219.0000000009 225.50000000000003 7181000.0000000009 7323000.0000000009 7107500.0000000009 9875800.0000000019 8267596.0714285718 8280714.166666667 8104560.7142857155 8575200.0000000019 285.50000000000006 6492750.0000000009
decision_type=2 2 2 2 2 2 2 2 2 2 2 2 2 2 2 2 2 2 2 2 2 2 2 2 2 2 2 2 2 2
left_child=-1 2 3 4 12 6 7 -5 -8 -10 11 14 -2 15 21 -14 -17 -18 20 -20 -19 22 -9 -21 26 -26 29 -27 -29 -23
right_child=1 -3 -4 5 -6 -7 8 10 9 -11 -12 -13 13 -15 -16 16 17 18 19 23 -22 24 -24 -25 25 27 -28 28 -30 -31
leaf_value=-55604.982528409098 -13802.855585937499 30704.596342329547 -24550.113183593752 16564.56374511719 -23164.475494791666 21009.629705255684 28093.451718749991 985.42561353600547 15638.514630681813 -6320.3318554687503 13292.484843750002 -19024.761406250003 11246.614921875 -12924.100497159092 -11080.432003348214 -10338.932624699519 11753.519602864584 -12035.275456686582 5403.207013811385 -12181.377379261361 1049.8628705193014 -5199.3109375000004 -18492.809531250001 1746.2717724609374 18111.61423828125 11468.947441406246 -11539.847008167613 -12821.767519531246 5120.4699218750002 3239.0975457208806
leaf_weight=10.999999999999998 9.9999999999999982 10.999999999999998 15.999999999999998 11.999999999999998 14.999999999999998 10.999999999999998 10.000000000000002 23 11.000000000000002 9.9999999999999982 9.9999999999999982 14.999999999999998 9.9999999999999982 10.999999999999998 13.999999999999998 12.999999999999998 14.999999999999998 17 42 11.000000000000002 17 13.999999999999998 9.9999999999999982 9.9999999999999982 9.9999999999999982 10.000000000000002 10.999999999999998 10.000000000000002 9.9999999999999982 55
leaf_count=11 10 11 16 12 15 11 10 23 11 10 10 15 10 11 14 13 15 17 42 11 17 14 10 10 10 10 11 10 10 55
internal_value=-1471.08 -129.921 -913.246 -6.31599 -3214.31 2223.63 1344.29 -361.994 12572.7 5181.92 -1419.9 -2228.28 -1296.03 -439.398 -719.611 577.875 -275.625 892.438 -787.111 1752.42 -5492.71 228.438 -4917.07 -5549.16 1643.45 5469.82 -269.729 1255.88 -3850.65 1526.96
internal_weight=455 444 433 417 171 246 235 204 31 21 192 182 156 146 167 135 125 112 97 63 34 153 33 21 120 40 80 30 20 69
internal_count=455 444 433 417 171 246 235 204 31 21 192 182 156 146 167 135 125 112 97 63 34 153 33 21 120 40 80 30 20 69
is_linear=0
shrinkage=0.05


Tree=221
num_leaves=31
num_cat=0
split_feature=5 5 5 5 10 5 6 6 8 5 9 9 8 11 11 10 5 9 8 10 8 11 10 2 0 6 10 7 10 6
split_gain=1.19252e+13 3.87141e+12 3.35088e+12 1.07689e+12 2.42235e+12 1.57358e+12 1.32989e+12 1.23925e+12 1.47728e+12 1.40321e+12 1.26474e+12 1.82994e+12 1.50016e+12 1.48289e+12 1.24705e+12 1.10655e+12 6.64674e+11 8.46272e+11 1.03592e+12 6.38465e+11 5.60432e+11 5.50364e+11 7.8796e+11 7.02073e+11 7.10539e+11 4.94666e+11 4.38336e+11 3.82485e+11 3.78697e+11 6.08277e+11
threshold=3207800.0000000005 18678800.000000004 14614885.000000002 6575025.0000000009 9774853.5714285728 7001700.0000000009 7198000.0000000009 12695000.000000002 7234500.0000000009 7323000.0000000009 7086371.42857143 6755505.0000000009 10459500.000000002 10762195.000000002 7387282.5434782617 10302256.071428573 4202500.0000000009 6042880.0000000009 3680835.0000000005 6992134.6428571437 10727235.000000002 7794323.3333333349 7690664.2857142864 287.50000000000006 2.5000000000000004 5072500.0000000009 6239529.2857142864 5708800.0000000009 6865134.6428571437 5072500.0000000009
decision_type=2 2 2 2 2 2 2 2 2 2 2 2 2 2 2 2 2 2 2 2 2 2 2 2 2 2 2 2 2 2
left_child=-1 2 3 4 16 6 -5 9 -9 -7 11 19 13 21 -13 -14 26 25 -19 27 28 22 -12 24 -23 -18 -2 -11 -20 -30
right_child=1 -3 -4 5 -6 7 -8 8 -10 10 12 14 15 -15 -16 -17 17 18 20 -21 -22 23 -24 -25 -26 -27 -28 -29 29 -31
leaf_value=-52824.733522727271 13269.978062855109 29169.363210227271 -23322.607739257815 28201.129194335925 -26931.890196533204 -14368.287161075368 4327.4474714006701 -5120.5135156249989 18621.861420641446 12342.452343749996 -5428.5599105834963 6139.8155717329528 -5045.3773220486109 18960.739882812501 29948.256241122162 -25789.664804687502 -3025.8474255371084 11054.512630208334 3402.8816044921878 -8561.7957310267866 -14281.025659179688 -19974.097283380677 9299.7640020461313 3606.0224748883929 -3466.2866821289062 -17586.060344587055 304.1788269042969 -460.75338309151789 6703.7825816761369 -6306.9552393699187
leaf_weight=10.999999999999998 11.000000000000002 10.999999999999998 15.999999999999998 10.000000000000002 9.9999999999999982 17 13.999999999999998 10.000000000000002 19 10.000000000000002 15.999999999999998 11.000000000000002 18.000000000000004 9.9999999999999982 10.999999999999998 9.9999999999999982 10.000000000000002 14.999999999999998 25 13.999999999999998 9.9999999999999982 11.000000000000002 21 13.999999999999998 15.999999999999998 13.999999999999998 15.999999999999998 13.999999999999998 10.999999999999998 49
leaf_count=11 11 11 16 10 10 17 14 10 19 10 16 11 18 10 11 10 10 15 25 14 10 11 21 14 16 14 16 14 11 49
internal_value=-1397.52 -123.425 -867.584 -6.00022 -3053.6 2112.45 14274.8 797.602 10434.8 -650.48 674.536 6567.96 -2373.79 833.57 18044 -12454.1 -1570.47 -3012.56 -1156.54 -76.0833 -3084.6 -1490.43 2930.76 -5480.28 -10191.7 -11519.3 5586.54 4873.92 -1767.38 -3921.65
internal_weight=455 444 433 417 171 246 24 222 29 193 176 60 116 88 22 28 161 134 110 38 95 78 37 41 27 24 27 24 85 60
internal_count=455 444 433 417 171 246 24 222 29 193 176 60 116 88 22 28 161 134 110 38 95 78 37 41 27 24 27 24 85 60
is_linear=0
shrinkage=0.05


Tree=222
num_leaves=31
num_cat=0
split_feature=5 5 5 5 5 6 4 8 11 11 9 0 9 5 6 6 1 0 9 9 5 6 7 8 11 7 7 7 8 11
split_gain=1.07625e+13 3.49395e+12 3.02417e+12 9.87282e+11 1.36638e+12 1.28825e+12 1.03624e+12 1.26052e+12 1.1546e+12 1.21372e+12 5.16986e+11 1.42121e+12 6.49585e+11 5.71066e+11 8.87968e+11 1.37198e+12 5.88766e+11 7.54751e+11 1.5142e+12 4.85769e+11 3.25961e+11 2.89038e+11 7.80582e+11 2.65647e+11 7.47676e+11 8.76584e+11 4.48854e+11 5.12641e+11 5.25268e+11 2.81e+11
threshold=3207800.0000000005 18678800.000000004 14614885.000000002 13497000.000000002 12628500.000000002 17430950.000000004 1.0000000180025095e-35 15370600.000000002 11642606.833333336 10018076.66666667 5935285.7142857155 3.5000000000000004 6042880.0000000009 9467800.0000000019 8530000.0000000019 6303000.0000000009 1.5000000000000002 5.5000000000000009 6248567.8571428582 7685035.7142857155 7545000.0000000009 11343035.000000002 7662375.0000000009 6575025.0000000009 7794323.3333333349 4062500.0000000005 7900200.0000000009 6051000.0000000009 4658000.0000000009 8697258.333333334
decision_type=2 2 2 2 2 2 2 2 2 2 2 2 2 2 2 2 2 2 2 2 2 2 2 2 2 2 2 2 2 2
left_child=-1 2 3 4 5 6 7 8 9 10 11 -2 -12 16 15 19 -14 18 -18 -15 -19 23 -23 24 25 -20 27 -27 -29 -25
right_child=1 -3 -4 -5 -6 -7 -8 -9 -10 -11 12 -13 13 14 -16 -17 17 20 21 -21 -22 22 -24 29 -26 26 -28 28 -30 -31
leaf_value=-50183.495667613635 -3153.1858248710628 27710.898277698867 -22156.477685546877 14774.807546164775 -15754.850251116071 15618.595823317308 -15510.802521306818 -14132.734544270832 17413.754355468751 -14807.217863581733 -12386.649609375001 18660.859901646207 -9962.8684375000012 1698.4017285156247 17420.174023437499 -11894.441536458333 20272.877006835941 -13297.483931790863 11879.890422175482 17283.157968750002 -2302.3818219866075 15135.922620738633 -3700.4776988636363 563.78388806511373 -11027.475830078125 1393.6083065257353 3956.3983295641447 -18036.715500710223 -3436.1410470145092 9177.4136097301143
leaf_weight=10.999999999999998 16.000000000000004 10.999999999999998 15.999999999999998 10.999999999999998 13.999999999999998 12.999999999999998 10.999999999999998 14.999999999999998 9.9999999999999982 12.999999999999998 9.9999999999999982 13.999999999999998 14.999999999999998 10.000000000000002 11.999999999999998 11.999999999999998 9.9999999999999982 13.000000000000002 12.999999999999998 9.9999999999999982 13.999999999999998 11.000000000000002 10.999999999999998 68 19 17 19 11.000000000000002 13.999999999999998 10.999999999999998
leaf_count=11 16 11 16 11 14 13 11 15 10 13 10 14 15 10 12 12 10 13 13 10 14 11 11 68 19 17 19 11 14 11
internal_value=-1327.65 -117.254 -824.205 -5.70024 -406.157 142.01 -388.849 63.166 666.391 178.13 768.462 7026.7 142.638 574.682 5821.01 1471.32 -363.685 259.638 1299.4 9490.78 -7596.32 321.383 5717.72 -368.846 -2179.9 91.7789 -2420.44 -5305.2 -9860.39 1763.15
internal_weight=455 444 433 417 406 392 379 368 353 343 330 30 300 290 44 32 246 231 204 20 27 194 22 172 93 74 61 42 25 79
internal_count=455 444 433 417 406 392 379 368 353 343 330 30 300 290 44 32 246 231 204 20 27 194 22 172 93 74 61 42 25 79
is_linear=0
shrinkage=0.05


Tree=223
num_leaves=31
num_cat=0
split_feature=2 2 1 9 7 11 2 7 1 2 9 8 8 6 7 7 2 6 7 6 6 2 7 11 7 7 2 8 7 6
split_gain=3.34138e+12 1.1146e+13 1.96369e+12 9.64365e+12 2.84598e+12 9.13364e+11 1.45615e+12 7.55452e+11 6.28581e+11 1.19169e+12 1.12345e+12 1.02257e+12 7.90381e+11 1.52625e+12 7.08783e+11 5.98369e+11 5.95141e+11 5.42089e+11 5.31459e+11 5.17274e+11 5.09497e+11 4.61453e+11 3.73536e+11 7.54501e+11 4.93266e+11 3.27525e+11 2.91211e+11 2.26686e+11 2.06362e+11 1.55552e+11
threshold=30.500000000000004 18.500000000000004 11.500000000000002 12052012.142857144 10306825.000000002 9832098.333333334 312.50000000000006 6847850.0000000009 5.5000000000000009 168.50000000000003 6377196.4285714291 7545000.0000000009 7791050.0000000009 5580500.0000000009 9994100.0000000019 4460000.0000000009 257.50000000000006 9761000.0000000019 10576250.000000002 5100500.0000000009 6812825.0000000009 265.50000000000006 5211500.0000000009 7163830.0000000009 7107500.0000000009 6683535.0000000009 225.50000000000003 5898500.0000000009 5580500.0000000009 7287800.0000000009
decision_type=2 2 2 2 2 2 2 2 2 2 2 2 2 2 2 2 2 2 2 2 2 2 2 2 2 2 2 2 2 2
left_child=1 25 3 5 7 6 8 -4 10 -10 11 -2 14 -14 15 19 28 21 -16 -11 -18 26 -12 -24 -25 -1 -15 -26 -17 -30
right_child=2 -3 4 -5 -6 -7 -8 -9 9 12 22 -13 13 17 18 16 20 -19 -20 -21 -22 -23 23 24 27 -27 -28 -29 29 -31
leaf_value=9051.7031445312477 -24443.324143288348 -60689.045156250002 9178.0643376277021 49644.800156250007 -24582.608881578948 -10801.929923930922 13913.034066611843 -6639.7509331597221 17175.341832386366 -4381.6216238839279 7228.4830240885422 -2351.5414062499999 17678.426478486905 -3235.7814603365377 14735.627402343744 -8747.394621138139 -17352.222811126707 8220.1399291992184 -145.27781250000001 8778.7191009521484 -4291.1970925467358 -9573.7268334960954 6678.9870519301476 -11840.771042351975 -7569.5133203124979 -2795.9918945312502 8113.4509570312503 1730.9529027035362 1335.971260127315 -4481.839295959473
leaf_weight=10.000000000000002 11.000000000000002 9.9999999999999982 13.000000000000002 9.9999999999999982 19 19 19 18 10.999999999999998 14.000000000000002 11.999999999999998 9.9999999999999982 17 13.000000000000002 10.000000000000002 10.999999999999998 16.000000000000004 15.999999999999998 14.999999999999998 15.999999999999998 13.999999999999998 14.999999999999998 17 19 10.000000000000002 13.999999999999998 9.9999999999999982 19 27 20
leaf_count=10 11 10 13 10 19 19 19 18 11 14 12 10 17 13 10 11 16 16 15 16 14 15 17 19 10 14 10 19 27 20
internal_value=-1261.26 -16338.7 -43.6056 1210.01 -9345.4 -131.678 461.114 -6.47356 -330.176 1125.52 -3672.34 -13923.4 300.531 4612.94 -1840.6 -3460.87 -5539.76 499.735 5807.08 2637.23 -11257.1 -2750.96 -876.586 -2372.91 -5578.78 2140.55 1698.67 -1476.1 -2582.53 -1139.69
internal_weight=455 34 421 371 50 361 342 31 323 225 98 21 214 71 143 118 88 54 25 30 30 38 77 65 48 24 23 29 58 47
internal_count=455 34 421 371 50 361 342 31 323 225 98 21 214 71 143 118 88 54 25 30 30 38 77 65 48 24 23 29 58 47
is_linear=0
shrinkage=0.05


Tree=224
num_leaves=31
num_cat=0
split_feature=2 2 1 9 7 11 2 7 1 2 9 8 8 6 7 2 7 8 7 2 7 7 11 7 0 7 11 7 11 0
split_gain=3.01559e+12 1.00593e+13 1.77223e+12 8.7034e+12 2.5685e+12 8.24311e+11 1.31417e+12 6.81796e+11 5.67294e+11 1.0755e+12 1.01392e+12 9.22873e+11 7.13319e+11 1.37744e+12 6.39677e+11 5.52084e+11 5.17907e+11 4.90568e+11 4.79642e+11 4.74037e+11 5.89208e+11 3.40892e+11 7.12392e+11 5.69201e+11 3.00887e+11 2.95591e+11 2.58376e+11 2.56129e+11 2.31579e+11 4.11141e+11
threshold=30.500000000000004 18.500000000000004 11.500000000000002 12052012.142857144 10306825.000000002 9832098.333333334 312.50000000000006 6847850.0000000009 5.5000000000000009 168.50000000000003 6377196.4285714291 7545000.0000000009 7791050.0000000009 5580500.0000000009 9994100.0000000019 225.50000000000003 4292800.0000000009 9414250.0000000019 10576250.000000002 295.50000000000006 7297000.0000000009 5285500.0000000009 7163830.0000000009 6812825.0000000009 1.5000000000000002 6683535.0000000009 6213944.333333334 9875800.0000000019 7399793.166666667 3.5000000000000004
decision_type=2 2 2 2 2 2 2 2 2 2 2 2 2 2 2 2 2 2 2 2 2 2 2 2 2 2 2 2 2 2
left_child=1 25 3 5 7 6 8 -4 10 -10 11 -2 14 -14 15 24 -17 -15 -16 20 26 -12 -23 -24 -11 -1 -18 -19 29 -26
right_child=2 -3 4 -5 -6 -7 -8 -9 9 12 21 -13 13 17 18 16 19 27 -20 -21 -22 22 23 -25 28 -27 -28 -29 -30 -31
leaf_value=8599.1186132812472 -23221.158531605106 -57654.590585937505 8719.1614445612959 47162.559921875007 -23353.478299753289 -10261.833192845395 13217.382493832236 -6307.7634331597219 16316.575213068183 -5484.152528381348 6224.5526088169645 -2233.9645703125002 16794.505332497993 -5993.4005345394744 13998.846132812496 3301.6828937877312 141.87717285156245 7075.5594875169836 -138.014375 1100.2464428710937 -18163.027735811123 6345.0374080882357 -13629.042239583334 -1764.3869959677422 12905.223890269883 -2656.192006138393 -10381.069629778181 -1935.5712402343752 -1577.2097059461805 -765.25937500000009
leaf_weight=10.000000000000002 11.000000000000002 9.9999999999999982 13.000000000000002 9.9999999999999982 19 19 19 18 10.999999999999998 15.999999999999998 13.999999999999998 9.9999999999999982 17 19 10.000000000000002 10.999999999999998 10.000000000000002 23 14.999999999999998 9.9999999999999982 17 17 14.999999999999998 31 11.000000000000002 13.999999999999998 13.999999999999998 11.999999999999998 18 10.999999999999998
leaf_count=10 11 10 13 10 19 19 19 18 11 16 14 10 17 19 10 11 10 23 15 10 17 17 15 31 11 14 14 12 18 11
internal_value=-1198.2 -15521.8 -41.4254 1149.51 -8878.13 -125.094 438.058 -6.14977 -313.667 1069.25 -3488.72 -13227.3 285.504 4382.3 -1748.57 -3287.82 -6538.17 474.748 5516.73 -8660.49 -11041.2 -832.757 -2401.05 -5633.3 310.775 2033.52 -5996.51 3986.03 2628.75 6069.98
internal_weight=455 34 421 371 50 361 342 31 323 225 98 21 214 71 143 118 62 54 25 51 41 77 63 46 56 24 24 35 40 22
internal_count=455 34 421 371 50 361 342 31 323 225 98 21 214 71 143 118 62 54 25 51 41 77 63 46 56 24 24 35 40 22
is_linear=0
shrinkage=0.05


Tree=225
num_leaves=31
num_cat=0
split_feature=5 11 4 5 10 9 10 11 5 11 9 5 5 5 9 5 5 6 11 8 1 6 8 6 10 6 0 10 6 7
split_gain=6.24735e+12 1.57003e+12 5.85582e+12 3.63244e+12 1.0334e+13 2.55821e+12 1.67925e+12 6.70198e+11 2.80361e+12 6.58182e+11 6.2624e+11 5.49693e+11 8.90934e+11 9.69239e+11 4.1451e+11 5.13965e+11 1.05665e+12 7.08526e+11 6.19354e+11 5.63513e+11 4.77999e+11 4.48233e+11 5.33728e+11 5.7367e+11 4.09784e+11 3.95972e+11 6.06004e+11 6.75313e+11 6.42624e+11 4.93696e+11
threshold=3207800.0000000005 9690329.1666666698 1.0000000180025095e-35 12203975.000000002 11955455.714285716 9902050.0000000019 11577390.000000002 6308594.666666667 6975000.0000000009 6510461.666666667 10797824.285714287 14614885.000000002 11670500.000000002 10482500.000000002 6564144.2857142864 6405800.0000000009 6683535.0000000009 10142500.000000002 7773976.3333333349 7693150.0000000009 4.5000000000000009 7693150.0000000009 4613000.0000000009 5368200.0000000009 6156015.0000000009 6905000.0000000009 2.5000000000000004 7792694.444444445 9712300.0000000019 6609500.0000000009
decision_type=2 2 2 2 2 2 2 2 2 2 2 2 2 2 2 2 2 2 2 2 2 2 2 2 2 2 2 2 2 2
left_child=-1 2 7 5 -5 -3 -7 8 24 -9 11 12 13 14 21 17 -17 18 19 20 -16 22 -11 -24 -2 29 28 -28 -27 -18
right_child=1 3 -4 4 -6 6 -8 9 -10 10 -12 -13 -14 -15 15 16 25 -19 -20 -21 -22 -23 23 -25 -26 26 27 -29 -30 -31
leaf_value=40515.201589355471 -5571.7347804019319 20153.86376953125 -35080.549820963548 47430.385876464832 -15524.444193892044 -19490.370186121319 3893.7279854910721 -11347.824076021636 29441.887701568601 11770.119850852272 -8422.9864648437506 12243.188359375001 -12469.425360576925 15467.830939275569 -16127.776328124994 15127.846590169273 8706.6639183407733 5162.1619010416671 -15743.048541666667 6440.7973046875004 -2351.2092256433825 12900.135848721591 -8931.6938982282372 3203.341966247559 6932.8696826171872 -17519.363446044918 6919.2223818824414 -5761.0273954845616 -788.22935901988649 -1790.9556332906086
leaf_weight=9.9999999999999982 19.000000000000004 9.9999999999999982 11.999999999999998 16.000000000000004 10.999999999999998 17.000000000000004 13.999999999999998 12.999999999999998 9.9999999999999982 10.999999999999998 20 9.9999999999999982 12.999999999999998 10.999999999999998 10.000000000000002 11.999999999999998 21 14.999999999999998 14.999999999999998 9.9999999999999982 17 10.999999999999998 13.999999999999998 32 9.9999999999999982 12.000000000000002 21 21 10.999999999999998 24
leaf_count=10 19 10 12 16 11 17 14 13 10 11 20 10 13 11 10 12 21 15 15 10 17 11 14 32 10 12 21 21 11 24
internal_value=1433.75 551.55 -715.987 7541.64 21782.1 -1836.23 -8929.81 420.032 6612.43 -325.349 135.397 723.602 313.653 933.727 311.645 -892.822 1039.43 -4411.25 -7172.81 -3698.39 -7453.64 3659.35 1876.04 -489.93 -1259.8 -497.489 -2993.55 579.097 -9517.52 3107.93
internal_weight=453 443 375 68 27 41 31 363 39 324 311 291 281 268 257 189 122 67 52 37 27 68 57 46 29 110 65 42 23 45
internal_count=453 443 375 68 27 41 31 363 39 324 311 291 281 268 257 189 122 67 52 37 27 68 57 46 29 110 65 42 23 45
is_linear=0
shrinkage=0.05


Tree=226
num_leaves=31
num_cat=0
split_feature=5 9 10 5 11 9 9 9 9 9 9 0 10 10 11 7 10 10 7 2 5 7 7 7 11 9 8 9 11 11
split_gain=5.63823e+12 1.45049e+12 8.52958e+12 5.03585e+12 1.51976e+12 1.16508e+12 1.64637e+12 1.06272e+12 9.02479e+11 1.91339e+12 1.43263e+12 1.42601e+12 6.16751e+11 6.80016e+11 6.78223e+11 9.97489e+11 5.99683e+11 1.03673e+12 8.43509e+11 6.38902e+11 8.70532e+11 7.30762e+11 7.68062e+11 3.77173e+11 5.09247e+11 5.89097e+11 9.5023e+11 5.57356e+11 4.82449e+11 4.03835e+11
threshold=3207800.0000000005 12052012.142857144 11874561.428571431 17430950.000000004 11566941.833333334 10713747.85714286 11082285.714285716 10354842.85714286 6202457.1428571437 6042880.0000000009 5935285.7142857155 3.5000000000000004 10013842.85714286 9554503.5714285728 8621354.1666666679 9012660.0000000019 8755842.8571428601 8267596.0714285718 7995510.0000000009 81.500000000000014 4460000.0000000009 7995510.0000000009 6021300.0000000009 2572085.0000000005 7550486.8750000009 6911775.0000000009 8403800.0000000019 6950733.5714285718 6718313.0000000009 6718313.0000000009
decision_type=2 2 2 2 2 2 2 2 2 2 2 2 2 2 2 2 2 2 2 2 2 2 2 2 2 2 2 2 2 2
left_child=-1 3 -3 4 5 7 -7 8 9 10 11 -2 13 14 16 -16 17 19 -19 21 -21 22 -10 -22 25 26 28 -26 -25 -27
right_child=1 2 -4 -5 -6 6 -8 -9 12 -11 -12 -13 -14 -15 15 -17 -18 18 -20 20 23 -23 -24 24 27 29 -28 -29 -30 -31
leaf_value=38489.442148437505 -3782.9352086684285 47466.954921874989 -13955.343359375001 -35202.4485546875 14518.967258975383 -24880.370463423289 586.66205729166666 14805.780018028847 -3197.5058015522209 22062.764746093751 -14785.307239879261 17368.354856770831 -10411.211746978761 12485.7901953125 -19904.558238636357 -81.583710937500001 -9327.4713928222664 19939.866585286454 277.51114746093748 -9710.5715978285862 -6247.7177022298183 5879.8744335937508 -18969.787349759616 8427.6620442708336 1948.0309657505577 -10500.438281250001 18496.608913352273 16056.744391741071 -3434.6409179687503 100.71686164700256
leaf_weight=9.9999999999999982 17 10.000000000000002 12.999999999999998 9.9999999999999982 19 11.000000000000002 14.999999999999998 12.999999999999998 19 13.999999999999998 10.999999999999998 14.999999999999998 15.999999999999998 9.9999999999999982 11.000000000000002 14.999999999999998 15.999999999999998 12.000000000000002 9.9999999999999982 17 11.999999999999998 9.9999999999999982 12.999999999999998 14.999999999999998 14.000000000000002 10.999999999999998 10.999999999999998 13.999999999999998 20 49
leaf_count=10 17 10 13 10 19 11 15 13 19 14 11 15 16 10 11 15 16 12 10 17 12 10 13 15 14 11 11 14 20 49
internal_value=1362.06 523.973 12750 -145.548 709.498 38.4498 -10187.9 766.899 248.417 6008 780.862 6131.73 -864.45 -316.966 -792.905 -8468.23 28.3231 687.762 11002.4 -419.178 997.728 -5918.12 -9605 2244.58 3005.09 1420.9 5677.93 9002.39 1649.2 -1842.83
internal_weight=453 443 23 420 410 391 26 365 352 57 43 32 295 279 269 26 243 227 22 205 163 42 32 146 134 106 46 28 35 60
internal_count=453 443 23 420 410 391 26 365 352 57 43 32 295 279 269 26 243 227 22 205 163 42 32 146 134 106 46 28 35 60
is_linear=0
shrinkage=0.05


Tree=227
num_leaves=31
num_cat=0
split_feature=5 5 4 2 9 8 9 9 5 11 9 5 11 11 9 7 7 8 8 7 8 11 10 2 2 10 8 8 8 8
split_gain=5.08851e+12 1.48719e+12 2.11101e+12 5.39567e+11 6.50581e+11 1.13373e+12 9.03097e+11 9.12553e+11 7.27867e+11 1.19858e+12 9.5375e+11 6.2749e+11 8.1189e+11 1.88433e+12 1.0525e+12 7.5309e+11 1.17274e+12 9.48402e+11 5.76492e+11 5.65054e+11 8.04806e+11 5.05612e+11 4.3723e+11 3.70031e+11 4.81582e+11 3.2311e+11 4.13227e+11 2.81765e+11 4.29742e+11 4.08132e+11
threshold=3207800.0000000005 18678800.000000004 1.0000000180025095e-35 356.50000000000006 10797824.285714287 6500200.0000000009 10230740.714285716 9723144.2857142892 5368200.0000000009 6303717.8333333349 5564733.5714285718 5708800.0000000009 7665548.0000000009 7773976.3333333349 8361126.42857143 5898500.0000000009 8066500.0000000009 6953135.0000000009 4405000.0000000009 12891300.000000002 7995510.0000000009 9690329.1666666698 6239529.2857142864 81.500000000000014 205.50000000000003 7089067.8571428573 5948085.0000000009 4405000.0000000009 7107500.0000000009 5948085.0000000009
decision_type=2 2 2 2 2 2 2 2 2 2 2 2 2 2 2 2 2 2 2 2 2 2 2 2 2 2 2 2 2 2
left_child=-1 2 3 4 6 -6 7 8 10 -10 -2 -11 14 -14 22 17 -17 -15 -12 20 -18 -7 -13 -24 27 26 -20 -25 29 -29
right_child=1 -3 -4 -5 5 21 -8 -9 9 11 18 12 13 15 -16 16 19 -19 25 -21 -22 -23 23 24 -26 -27 -28 28 -30 -31
leaf_value=36564.972031250007 11028.048527832032 16534.509012276787 -20701.439070638022 9880.3267146809903 -16688.287317708335 -8465.0655981445288 11518.328716077303 -11740.367057291667 14613.763351779513 11107.105771484376 1846.1295744243421 -10468.273007812501 21820.49017427885 -1419.9223046874995 -15476.9501953125 -16458.096164772727 -1471.7844889322914 20356.239609374999 -13350.182265624995 -5608.5789154052736 15900.668082682292 5703.8280790441177 -6537.6360740661621 11999.771497691763 -2468.1131710737181 -13511.780751439146 -793.15830881219165 4349.9198617788452 8991.9952205882346 -9085.857294921876
leaf_weight=9.9999999999999982 9.9999999999999982 13.999999999999998 11.999999999999998 14.999999999999998 14.999999999999998 10.000000000000002 19 14.999999999999998 18 14.999999999999998 19 9.9999999999999982 12.999999999999998 10.000000000000002 12.999999999999998 10.999999999999998 15.000000000000002 9.9999999999999982 10.000000000000002 15.999999999999998 11.999999999999998 17 15.999999999999998 10.999999999999998 39 19 19 13.000000000000002 17 9.9999999999999982
leaf_count=10 10 14 12 15 15 10 19 15 18 15 19 10 13 10 13 11 15 10 10 16 12 17 16 11 39 19 19 13 17 10
internal_value=1293.96 497.774 -25.5695 569.42 221.998 -5666.9 909.036 317.902 872.731 2186.54 -3375.83 1218.19 531.456 4264.19 -1985.97 1179.97 -1889.72 9468.16 -5525.66 1837.07 6249.31 456.09 -474.048 468.804 1714.39 -8443.66 -5123.17 4912.78 2963.86 -1491.72
internal_weight=453 443 429 417 402 42 360 341 326 249 77 231 216 87 129 74 54 20 67 43 27 27 116 106 90 48 29 51 40 23
internal_count=453 443 429 417 402 42 360 341 326 249 77 231 216 87 129 74 54 20 67 43 27 27 116 106 90 48 29 51 40 23
is_linear=0
shrinkage=0.05


Tree=228
num_leaves=31
num_cat=0
split_feature=5 6 4 4 7 10 5 5 0 7 6 6 6 0 5 1 7 11 10 11 11 10 10 8 6 0 5 7 7 7
split_gain=4.59238e+12 1.35816e+12 8.85099e+12 4.99355e+12 1.50757e+12 1.99346e+12 1.13673e+12 1.38527e+12 1.00228e+12 8.72678e+11 8.34316e+11 1.20378e+12 7.68e+11 8.45512e+11 1.01047e+12 8.23222e+11 7.62802e+11 1.50337e+12 7.22023e+11 6.82406e+11 6.65708e+11 6.44251e+11 1.87206e+12 5.97018e+11 5.41938e+11 4.75724e+11 4.68539e+11 3.71347e+11 3.15549e+11 5.70736e+11
threshold=3207800.0000000005 6847850.0000000009 1.0000000180025095e-35 1.0000000180025095e-35 8715000.0000000019 11723926.428571431 7415750.0000000009 5457485.0000000009 5.5000000000000009 7651000.0000000009 11568950.000000002 13294200.000000002 10189250.000000002 2.5000000000000004 8280800.0000000009 6.5000000000000009 10969500.000000002 8772851.833333334 8244222.8571428573 10018076.66666667 8184202.5000000009 8267596.0714285718 8755842.8571428601 7494200.0000000009 6500200.0000000009 4.5000000000000009 6683535.0000000009 3432750.0000000005 6457500.0000000009 6145050.0000000009
decision_type=2 2 2 2 2 2 2 2 2 2 2 2 2 2 2 2 2 2 2 2 2 2 2 2 2 2 2 2 2 2
left_child=-1 3 4 8 9 6 7 -6 16 10 12 -12 13 20 15 -15 17 21 -11 25 26 24 -23 -9 27 -8 -3 -2 29 -29
right_child=1 2 -4 -5 5 -7 19 23 -10 18 11 -13 -14 14 -16 -17 -18 -19 -20 -21 -22 22 -24 -25 -26 -27 -28 28 -30 -31
leaf_value=34736.723671874999 6812.0082865397144 1654.0099822998045 -48049.070351562499 38028.802929687503 -3596.7637625558036 22332.234402901788 8195.6071940104175 7865.972988281248 14127.374049479169 -3398.9646093749989 19867.065947265619 -1769.4392578125 -16273.630788352275 -13079.263251201925 11443.28511827257 3082.8695458984375 11398.280131835938 -16033.986366489955 -22399.262343750001 -13656.241853841148 -18325.704261363637 22458.204185994458 -6098.4194957386362 24746.153515625003 10199.126665704902 -4397.0325341796879 -12142.507128906251 -2564.0663888113841 746.05784048685211 -15855.280332031251
leaf_weight=9.9999999999999982 11.999999999999998 16.000000000000004 9.9999999999999982 9.9999999999999982 13.999999999999998 13.999999999999998 11.999999999999998 10.000000000000002 14.999999999999998 10.000000000000002 10.000000000000002 18 10.999999999999998 12.999999999999998 18 20 14.999999999999998 13.999999999999998 9.9999999999999982 11.999999999999998 10.999999999999998 12.000000000000002 10.999999999999998 10.999999999999998 10.999999999999998 20 9.9999999999999982 42 41 9.9999999999999982
leaf_count=10 12 16 10 10 14 14 12 10 15 10 10 18 11 13 18 20 15 14 10 12 11 12 11 11 11 20 10 42 41 10
internal_value=1229.26 472.885 -1959.62 3623.79 -39.222 4942.96 1861.32 8586.08 1743.74 -3191.22 -1662.42 5957.88 -3817.65 -2260.65 1913.85 -3284.03 638.057 -416.867 -12899.1 -3487.92 -8014.69 1156.08 8800.69 16708 -359.661 325.207 -3652.34 -1465.82 -2533.93 -5120.07
internal_weight=453 443 250 193 240 93 79 35 183 147 127 28 99 88 51 33 168 153 20 44 37 139 23 21 116 32 26 105 93 52
internal_count=453 443 250 193 240 93 79 35 183 147 127 28 99 88 51 33 168 153 20 44 37 139 23 21 116 32 26 105 93 52
is_linear=0
shrinkage=0.05


Tree=229
num_leaves=31
num_cat=0
split_feature=5 5 5 11 9 9 9 9 0 5 8 2 5 11 10 2 7 10 2 9 10 2 2 11 8 2 7 2 8 11
split_gain=4.14462e+12 1.35882e+12 2.06115e+12 7.46045e+11 1.9277e+12 7.78165e+11 1.70354e+12 1.27387e+12 1.21748e+12 5.4484e+11 2.2555e+12 8.07988e+11 7.26674e+11 4.76403e+11 5.79897e+11 8.62349e+11 7.44757e+11 7.30114e+11 5.31725e+11 4.49033e+11 7.57503e+11 4.91747e+11 6.07386e+11 6.42303e+11 6.08563e+11 4.17992e+11 3.95945e+11 3.92131e+11 3.805e+11 3.64512e+11
threshold=3207800.0000000005 18678800.000000004 15311000.000000002 11566941.833333334 11063742.142857144 6202457.1428571437 6042880.0000000009 5935285.7142857155 3.5000000000000004 6369800.0000000009 10125000.000000002 312.50000000000006 6683535.0000000009 11124899.166666668 8817741.0714285728 261.50000000000006 8769300.0000000019 8398294.6428571437 233.50000000000003 8785471.428571431 8104560.7142857155 281.50000000000006 205.50000000000003 7291353.0000000009 5014550.0000000009 81.500000000000014 6120285.0000000009 231.50000000000003 7995510.0000000009 6943682.3333333349
decision_type=2 2 2 2 2 2 2 2 2 2 2 2 2 2 2 2 2 2 2 2 2 2 2 2 2 2 2 2 2 2
left_child=-1 2 3 5 -5 6 7 8 -2 10 11 29 -11 14 17 18 -17 19 -16 20 21 22 24 27 -14 -26 -27 -24 -20 -7
right_child=1 -3 -4 4 -6 9 -8 -9 -10 12 -12 -13 13 -15 15 16 -18 -19 28 -21 -22 -23 23 -25 25 26 -28 -29 -30 -31
leaf_value=32999.886171874998 -3667.2767592486216 15778.233872767858 -21415.255149147728 22225.783105468745 -5564.7552083333339 -7743.6885035923551 20529.108191571919 -14230.261015181108 15876.343105468752 11108.181647135418 -25294.400177556818 11343.492755681818 11374.917494419644 8987.4409405048082 -8396.6007368607952 -19626.661830357141 -3006.9533278245194 12663.579285685222 -1243.6560813210224 9922.5362792968754 -12026.012402343751 10907.146650390627 6425.2892578124984 -14852.005618990384 -8552.8538574218746 -4448.9034179687505 6759.8562695312503 -7577.0448046874999 12232.335781250002 -852.76997770715934
leaf_weight=9.9999999999999982 17 13.999999999999998 10.999999999999998 13.000000000000002 11.999999999999998 28 13.999999999999998 10.999999999999998 14.999999999999998 14.999999999999998 10.999999999999998 10.999999999999998 13.999999999999998 12.999999999999998 10.999999999999998 14.000000000000002 12.999999999999998 11.999999999999998 11.000000000000002 9.9999999999999982 13.999999999999998 9.9999999999999982 10.000000000000002 12.999999999999998 11.999999999999998 12.999999999999998 20 9.9999999999999982 9.9999999999999982 61
leaf_count=10 17 14 11 13 12 28 14 11 15 15 11 11 14 13 11 14 13 12 11 10 14 10 10 13 12 13 20 10 10 61
internal_value=1167.8 449.241 -51.0059 511.211 8886.32 -21.5569 5380.28 448.106 5493.8 -937.94 -3804.52 -1440.64 476.241 -283.183 -894.95 -5043.78 -11624.6 878.826 508.767 -243.532 -1119.92 376.998 -767.583 -6199.81 2270.78 -561.619 2344.28 -575.878 5173.48 -3020.7
internal_weight=453 443 429 418 25 393 57 43 32 336 111 100 225 210 197 59 27 138 32 126 116 102 92 33 59 45 33 20 21 89
internal_count=453 443 429 418 25 393 57 43 32 336 111 100 225 210 197 59 27 138 32 126 116 102 92 33 59 45 33 20 21 89
is_linear=0
shrinkage=0.05


Tree=230
num_leaves=31
num_cat=0
split_feature=4 2 11 5 7 11 6 6 5 10 10 11 10 9 7 5 10 7 7 6 10 8 10 8 8 7 7 9 7 7
split_gain=2.88466e+12 7.03214e+12 1.34451e+13 6.22613e+12 1.33729e+12 1.04749e+12 1.00722e+12 1.52957e+12 1.52704e+12 1.40546e+12 9.6671e+11 8.03164e+11 7.50149e+11 9.0168e+11 8.31458e+11 5.11174e+11 5.19154e+11 4.1331e+11 4.19068e+11 3.14967e+11 7.03793e+11 6.72747e+11 6.28935e+11 7.64199e+11 6.9207e+11 6.90957e+11 4.2639e+11 4.56809e+11 3.67247e+11 4.96267e+11
threshold=1.0000000180025095e-35 30.500000000000004 8058263.0000000009 3207800.0000000005 15770850.000000002 11619903.500000002 5100500.0000000009 5873000.0000000009 10330575.000000002 6565806.0714285718 7652819.6428571437 6943682.3333333349 6950032.8571428582 6138921.42857143 7596300.0000000009 8418000.0000000019 8210817.8571428582 5408200.0000000009 6953135.0000000009 7740500.0000000009 10116871.428571431 7835950.0000000009 9729565.0000000019 2687250.0000000005 5457485.0000000009 9932500.0000000019 5559700.0000000009 7013892.1428571437 6120285.0000000009 8980250.0000000019
decision_type=2 2 2 2 2 2 2 2 2 2 2 2 2 2 2 2 2 2 2 2 2 2 2 2 2 2 2 2 2 2
left_child=1 2 -1 -3 5 6 8 9 15 -8 -11 12 13 -9 -15 16 17 -5 -19 21 22 26 23 -21 -25 -24 -13 -28 -26 -30
right_child=-2 3 -4 4 -6 -7 7 11 -10 10 -12 19 -14 14 -16 -17 -18 18 -20 20 -22 -23 25 24 28 -27 27 -29 29 -31
leaf_value=-2617.4914496527776 -19060.396853298615 -37486.620738636368 65708.530283610031 -12838.812097167969 15834.148263113839 -12422.396508789063 27349.306132812504 -13906.272345525569 -22603.291679687503 -3890.4506347656243 14100.524035644532 2352.1829241071428 -15179.334780649038 -2609.6313200577447 14660.003398437502 6471.5425585937501 5686.1117098721588 3251.9033621651779 -9481.488151550293 -11751.935097656251 11982.245540364584 -729.26723225911462 -18053.511391601558 12151.635266113282 6343.2562155330888 533.54181640625006 7502.0284737723196 21494.003984375002 -8126.5417313425169 3632.6572314991677
leaf_weight=18.000000000000004 18 10.999999999999998 11.999999999999998 15.999999999999998 13.999999999999998 15.999999999999998 9.9999999999999982 10.999999999999998 9.9999999999999982 14.000000000000002 15.999999999999998 13.999999999999998 12.999999999999998 23 9.9999999999999982 14.999999999999998 10.999999999999998 14.000000000000002 11.999999999999998 9.9999999999999982 11.999999999999998 30 10.000000000000002 15.999999999999998 17 9.9999999999999982 14.000000000000002 9.9999999999999982 19 17
leaf_count=18 18 11 12 16 14 16 10 11 10 14 16 14 13 23 10 15 11 14 12 10 12 30 10 16 17 10 14 10 19 17
internal_value=544.914 1375.26 24712.9 -397.223 665.233 91.2743 656.864 2074.69 -4360.06 11115.9 5704.74 542.286 -4626.7 -1508.87 2623.59 -1677.23 -3983.49 -6516 -2625.05 2188.28 546.669 4867.96 -839.461 1165.73 3037.86 -8759.98 9286.82 13332 286.533 -2573.59
internal_weight=443 425 30 395 384 370 354 276 78 40 30 236 57 44 33 68 53 42 26 179 111 68 99 79 69 20 38 24 53 36
internal_count=443 425 30 395 384 370 354 276 78 40 30 236 57 44 33 68 53 42 26 179 111 68 99 79 69 20 38 24 53 36
is_linear=0
shrinkage=0.05


Tree=231
num_leaves=31
num_cat=0
split_feature=2 10 10 5 7 7 0 5 2 2 11 2 2 6 10 11 10 10 8 5 0 5 8 2 6 9 8 8 6 8
split_gain=2.56699e+12 6.29742e+12 1.22875e+13 5.40222e+12 4.97115e+12 5.23303e+12 1.29223e+12 3.62077e+12 3.04981e+12 1.74939e+12 1.3493e+12 1.24441e+12 1.16989e+12 1.13329e+12 7.14305e+11 7.62598e+11 1.42548e+12 6.10549e+11 6.02686e+11 9.72275e+11 5.59888e+11 5.75354e+11 6.25949e+11 4.24917e+11 5.17633e+11 4.34055e+11 3.95199e+11 1.07069e+12 3.95005e+11 3.16837e+11
threshold=72.500000000000014 7792694.444444445 6694463.92857143 3207800.0000000005 5767650.0000000009 6975000.0000000009 5.5000000000000009 15311000.000000002 307.50000000000006 237.50000000000003 11830390.333333334 332.50000000000006 349.50000000000006 7001700.0000000009 10458090.714285716 6943682.3333333349 6922347.8571428582 5896986.0714285728 3392550.0000000005 7107500.0000000009 1.0000000180025095e-35 10909000.000000002 11343035.000000002 261.50000000000006 5344000.0000000009 6550221.42857143 9414250.0000000019 8458500.0000000019 5803250.0000000009 5538185.0000000009
decision_type=2 2 2 2 2 2 2 2 2 2 2 2 2 2 2 2 2 2 2 2 2 2 2 2 2 2 2 2 2 2
left_child=1 2 -1 -2 -3 -6 7 10 9 13 11 14 -13 -8 15 16 17 -5 19 -17 -20 22 26 25 -25 -19 27 28 -22 -30
right_child=3 4 -4 6 5 -7 8 -9 -10 -11 -12 12 -14 -15 -16 18 -18 23 20 -21 21 -23 -24 24 -26 -27 -28 -29 29 -31
leaf_value=224.30841064453122 -35612.289630681822 27470.220302734375 68872.294264914774 -11537.707286376954 -42769.188789062493 1529.6260986328125 21823.229335937493 -27071.136989182694 30670.589062500003 -13290.476548549108 -18181.418750000001 22279.527115885412 1889.111638327206 92.981315104166669 -13059.095170454546 4567.8233276367173 -15623.050322265626 11118.055681295955 -3766.8387368164063 -15559.635375976562 -673.70309326171878 13617.416197916667 -8749.5287500000013 -11614.024101562496 3517.1733511117791 -1628.7280007102272 12159.787374441965 -11450.690083451706 12958.695784505209 4754.9232163373163
leaf_weight=16.000000000000004 10.999999999999998 9.9999999999999982 10.999999999999998 9.9999999999999982 10.000000000000002 20 10.000000000000002 12.999999999999998 10.999999999999998 13.999999999999998 9.9999999999999982 12.000000000000002 17 14.999999999999998 10.999999999999998 12.000000000000002 20 17.000000000000004 25 11.999999999999998 20 14.999999999999998 9.9999999999999982 10.000000000000002 12.999999999999998 10.999999999999998 13.999999999999998 10.999999999999998 18 34
leaf_count=16 11 10 11 10 10 20 10 13 11 14 10 12 17 15 11 12 20 17 25 12 20 15 10 10 13 11 14 11 18 34
internal_value=517.669 9534.13 28192 -1088.99 -3059.93 -13236.6 -48.5605 -1233.85 7418.74 860.522 -121.644 496.841 10326.5 8785.08 -587.04 -42.6254 -4039.06 -241.035 1850.42 -5495.91 3049.82 4446.68 3161.07 1974 -3061.61 6110.39 4388.96 3078.22 5297.91 7594.69
internal_weight=443 67 27 376 40 30 365 315 50 39 302 292 29 25 263 252 81 61 171 24 147 122 107 51 23 28 97 83 72 52
internal_count=443 67 27 376 40 30 365 315 50 39 302 292 29 25 263 252 81 61 171 24 147 122 107 51 23 28 97 83 72 52
is_linear=0
shrinkage=0.05


Tree=232
num_leaves=31
num_cat=0
split_feature=4 2 11 5 7 9 6 6 10 10 9 11 10 9 5 7 0 8 11 9 7 11 2 8 11 7 7 2 9 1
split_gain=2.60206e+12 6.27646e+12 1.19258e+13 5.06043e+12 1.16326e+12 9.69991e+11 7.1958e+11 1.45044e+12 1.25249e+12 8.90733e+11 7.72199e+11 6.44636e+11 6.12933e+11 8.67858e+11 4.74588e+11 4.89382e+11 3.64839e+11 5.33236e+11 5.35478e+11 8.94203e+11 5.34919e+11 5.13001e+11 8.23734e+11 3.42984e+11 3.75058e+11 3.28023e+11 4.16604e+11 6.82387e+11 5.02812e+11 3.11577e+11
threshold=1.0000000180025095e-35 30.500000000000004 8058263.0000000009 3207800.0000000005 15770850.000000002 12012200.000000002 5100500.0000000009 5873000.0000000009 6565806.0714285718 7652819.6428571437 8038328.5714285718 6943682.3333333349 6922347.8571428582 6138921.42857143 7835950.0000000009 6457500.0000000009 4.5000000000000009 5538185.0000000009 8697258.333333334 9166200.0000000019 9673050.0000000019 8697258.333333334 215.50000000000003 8556500.0000000019 7342569.0000000009 7397150.0000000009 4345500.0000000009 255.50000000000003 6429472.8571428582 6.5000000000000009
decision_type=2 2 2 2 2 2 2 2 2 2 2 2 2 2 2 2 2 2 2 2 2 2 2 2 2 2 2 2 2 2
left_child=1 2 -1 -3 5 6 10 8 -8 -10 25 12 13 -9 15 -15 17 -13 19 23 -20 22 29 24 -19 26 -5 28 -28 -18
right_child=-2 3 -4 4 -6 -7 7 11 9 -11 -12 16 -14 14 -16 -17 21 18 20 -21 -22 -23 -24 -25 -26 -27 27 -29 -30 -31
leaf_value=-2411.4563856336804 -18128.450108506946 -33831.675000000003 61938.417830403654 -6540.6393275669652 14711.193183244977 -10975.066426809211 25890.257851562503 -13090.526136363638 -3799.3921316964279 13231.450307329964 -15889.347407670457 8903.0841129302989 -12615.939746093751 -46.633913574218724 -5565.8855078125007 15595.974052734377 2201.6576302083331 -637.36823508522707 11807.104908511514 -12610.303060259139 -1073.3150948660714 -8754.6212373621329 13264.062562144885 -3501.2278671264648 12144.549397786459 -6958.6613183593763 -9417.2469140624962 14656.946484375001 5495.7546198918271 -8169.8590576171882
leaf_weight=18.000000000000004 18 10.999999999999998 11.999999999999998 13.999999999999998 13.999999999999998 19 9.9999999999999982 10.999999999999998 14.000000000000002 17 10.999999999999998 32 15.999999999999998 10.000000000000005 9.9999999999999982 9.9999999999999982 15.000000000000002 11.000000000000002 19 13.999999999999998 13.999999999999998 17 10.999999999999998 15.999999999999998 11.999999999999998 20 10.000000000000002 9.9999999999999982 12.999999999999998 13.999999999999998
leaf_count=18 18 11 12 14 14 19 10 11 14 17 11 32 16 10 10 10 15 11 19 14 14 17 11 16 12 20 10 10 13 14
internal_value=491.785 1280.41 23328.5 -394.131 563.715 28.4051 624.035 1834.14 10503.6 5540.1 -3611.32 302.041 -4316.08 -1077.1 3327.82 7774.67 1806.23 3392.94 1342.65 -1770.57 6342.68 -1478.54 1613.79 2120.61 6031.46 -1595.53 686.656 3752.78 -988.159 -2805.28
internal_weight=443 425 30 395 384 370 351 273 41 31 78 232 57 41 30 20 175 118 86 53 33 57 40 39 23 67 47 33 23 29
internal_count=443 425 30 395 384 370 351 273 41 31 78 232 57 41 30 20 175 118 86 53 33 57 40 39 23 67 47 33 23 29
is_linear=0
shrinkage=0.05


Tree=233
num_leaves=31
num_cat=0
split_feature=4 2 8 5 7 9 6 6 2 7 5 10 5 8 5 6 6 7 0 6 8 9 10 9 5 6 6 6 9 7
split_gain=2.34836e+12 5.66451e+12 1.17008e+13 4.56704e+12 1.04984e+12 8.75417e+11 6.49421e+11 1.30902e+12 1.27426e+12 1.24963e+12 7.23118e+11 5.61989e+11 4.41735e+11 4.18466e+11 6.21505e+11 3.3942e+11 3.91612e+11 3.96335e+11 1.0181e+12 9.28573e+11 5.76385e+11 5.29135e+11 7.6438e+11 3.10386e+11 9.57633e+11 2.21569e+11 2.11446e+11 2.60655e+11 4.31593e+11 4.04188e+11
threshold=1.0000000180025095e-35 30.500000000000004 7545000.0000000009 3207800.0000000005 15770850.000000002 12012200.000000002 5100500.0000000009 5873000.0000000009 265.50000000000006 7432700.0000000009 10330575.000000002 6031524.6428571446 8418000.0000000019 8896500.0000000019 5368200.0000000009 6431300.0000000009 6683535.0000000009 8854500.0000000019 3.5000000000000004 9157335.0000000019 4062500.0000000005 10648842.85714286 8244222.8571428573 7444051.42857143 8066500.0000000009 6145050.0000000009 10330575.000000002 7567500.0000000009 6701426.42857143 6975000.0000000009
decision_type=2 2 2 2 2 2 2 2 2 2 2 2 2 2 2 2 2 2 2 2 2 2 2 2 2 2 2 2 2 2
left_child=1 2 -1 -3 5 6 10 8 9 -8 12 -9 13 14 -5 25 -17 20 19 -19 -18 22 26 -20 -25 -13 27 28 -22 -29
right_child=-2 3 -4 4 -6 -7 7 11 -10 -11 -12 15 -14 -15 -16 16 17 18 23 -21 21 -23 -24 24 -26 -27 -28 29 -30 -31
leaf_value=55544.167752511152 -17222.027029079862 -32140.090944602271 -7047.2671569824224 7130.226283482144 13975.634272112165 -10426.313281250001 23857.662202962238 -11307.943168945312 -2958.0343299278848 1812.9979101562503 -15984.7435546875 2224.4700944010415 5680.46240234375 -12009.108756510417 -5936.6484412560094 -8654.4521972656257 7427.3523749457472 2285.050417258522 5221.7221455891931 22829.598890269888 2203.9355168269226 6856.6505650111612 -11276.22509358724 -16202.450693359369 4747.8465006510414 11567.096781782671 -7719.4552685546878 6630.4825846354179 -11252.965269886365 -4059.6718052455358
leaf_weight=14.000000000000002 18 10.999999999999998 15.999999999999998 13.999999999999998 13.999999999999998 19 18.000000000000004 9.9999999999999982 12.999999999999998 9.9999999999999982 9.9999999999999982 15.000000000000002 15.999999999999998 11.999999999999998 26 11.999999999999998 18 11.000000000000002 11.999999999999998 10.999999999999998 13.000000000000002 13.999999999999998 24 10.000000000000002 11.999999999999998 10.999999999999998 9.9999999999999982 24 10.999999999999998 13.999999999999998
leaf_count=14 18 11 16 14 14 19 18 10 13 10 10 15 16 12 26 12 18 11 12 11 13 14 24 10 12 11 10 24 11 14
internal_value=467.196 1216.39 22162.1 -374.425 535.529 26.9849 592.833 1742.43 9978.38 15984.6 -3430.76 286.939 -1584.58 -3819.98 -1363.24 809.231 97.1645 667.922 4176.28 12557.3 -866.983 -2224.24 -3548.53 -1246.76 -4775.02 6177.12 -972.637 115.56 -3963.81 2692
internal_weight=443 425 30 395 384 370 351 273 41 28 78 232 68 52 40 222 196 184 56 22 128 110 96 34 22 26 72 62 24 38
internal_count=443 425 30 395 384 370 351 273 41 28 78 232 68 52 40 222 196 184 56 22 128 110 96 34 22 26 72 62 24 38
is_linear=0
shrinkage=0.05


Tree=234
num_leaves=31
num_cat=0
split_feature=4 2 7 5 6 5 5 6 9 10 2 11 11 10 9 5 7 8 8 11 11 10 5 7 7 6 9 6 11 5
split_gain=2.1194e+12 5.11222e+12 1.10148e+13 4.12175e+12 9.60935e+11 1.69426e+12 1.40203e+12 1.29135e+12 1.232e+12 8.3105e+11 7.13253e+11 1.47115e+12 5.64516e+11 6.35413e+11 7.53006e+11 4.27992e+11 4.21895e+11 4.01151e+11 5.63372e+11 4.88314e+11 3.18291e+11 3.01902e+11 4.51455e+11 3.16036e+11 4.071e+11 2.95372e+11 5.74836e+11 2.85349e+11 2.63112e+11 2.41933e+11
threshold=1.0000000180025095e-35 30.500000000000004 6303000.0000000009 3207800.0000000005 5100500.0000000009 13497000.000000002 10727235.000000002 5873000.0000000009 6411117.8571428573 7652819.6428571437 352.50000000000006 11250280.666666668 6943682.3333333349 6922347.8571428582 6138921.42857143 7835950.0000000009 6457500.0000000009 5873000.0000000009 1.0000000180025095e-35 9750406.6666666698 7503036.666666667 8210817.8571428582 8418000.0000000019 5408200.0000000009 6953135.0000000009 10384350.000000002 9825575.0000000019 7503200.0000000009 8184202.5000000009 6120285.0000000009
decision_type=2 2 2 2 2 2 2 2 2 2 2 2 2 2 2 2 2 2 2 2 2 2 2 2 2 2 2 2 2 2
left_child=1 2 -1 -3 6 7 21 8 -6 -10 11 12 13 14 -9 16 -16 18 -14 25 -20 22 23 -5 -25 27 -27 -19 -22 -29
right_child=-2 3 -4 4 5 -7 -8 10 9 -11 -12 -13 17 -15 15 -17 -18 19 20 -21 28 -23 -24 24 -26 26 -28 29 -30 -31
leaf_value=58159.958528645817 -16360.926253255209 -30533.0869140625 -3683.3619927300347 -11650.109332275391 23582.095046164774 16274.091272615133 -21812.273828125002 -12125.735187322443 -4655.4467633928562 13276.012825520835 12611.639492187502 -17371.11271033654 -4252.8796461838947 -12432.737040441178 128.56612304687494 -5278.1607031250005 14652.605332031249 -3589.8555654065367 12945.439958639707 8741.7723257211528 -1726.5747869318177 3771.426372612847 4886.3935058593752 3134.2407435825885 -9153.3455153245195 -14171.77493489583 510.30424479166669 7940.5762174479169 8454.3064803059897 -154.091796875
leaf_weight=12.000000000000002 18 10.999999999999998 18 15.999999999999998 10.999999999999998 19 9.9999999999999982 10.999999999999998 14.000000000000002 11.999999999999998 9.9999999999999982 12.999999999999998 12.999999999999998 17 10.000000000000005 9.9999999999999982 9.9999999999999982 29 17 12.999999999999998 11.000000000000002 18 11.999999999999998 14.000000000000002 12.999999999999998 12.000000000000002 14.999999999999998 14.999999999999998 14.999999999999998 24
leaf_count=12 18 11 18 16 11 19 10 11 14 12 10 13 13 17 10 10 10 29 17 13 11 18 12 14 13 12 15 15 15 24
internal_value=443.836 1155.57 21054 -355.703 508.753 1822.18 -4254.41 848.474 9555.11 3620.61 -466.405 -1022.92 -65.5912 -4305.34 -935.439 3167.67 7390.59 1433.83 4867.99 -346.843 7625.46 -1849.23 -3688.71 -6081.76 -2782 -1590.55 -6015.06 166.245 4147.01 2959.24
internal_weight=443 425 30 395 384 301 83 282 37 26 245 235 222 58 41 30 20 164 56 108 43 73 55 43 27 95 27 68 26 39
internal_count=443 425 30 395 384 301 83 282 37 26 245 235 222 58 41 30 20 164 56 108 43 73 55 43 27 95 27 68 26 39
is_linear=0
shrinkage=0.05


Tree=235
num_leaves=31
num_cat=0
split_feature=5 9 9 4 5 8 11 10 2 6 11 0 9 9 5 8 8 6 6 5 2 5 0 1 11 8 8 0 8 8
split_gain=3.52728e+12 2.99131e+12 1.27153e+12 1.62563e+12 1.46504e+12 8.98973e+11 1.24351e+12 8.65709e+11 6.94164e+11 5.61427e+11 5.46878e+11 4.22651e+11 9.85277e+11 8.17392e+11 8.07739e+11 3.62366e+11 8.8941e+11 3.95147e+11 3.37161e+11 3.20728e+11 1.44328e+12 4.33088e+11 6.59958e+11 4.73148e+11 3.58935e+11 3.24295e+11 3.01937e+11 2.45447e+11 2.29347e+11 6.49557e+11
threshold=3207800.0000000005 12626890.714285716 10713747.85714286 1.0000000180025095e-35 8752250.0000000019 19172550.000000004 10125686.66666667 5764964.2857142864 15.500000000000002 3341800.0000000005 9690329.1666666698 5.5000000000000009 6542742.8571428573 8568614.2857142892 9037500.0000000019 1.0000000180025095e-35 3680835.0000000005 10437500.000000002 12203975.000000002 9217400.0000000019 223.50000000000003 5708800.0000000009 1.5000000000000002 9.5000000000000018 7005973.666666667 5072500.0000000009 8288800.0000000009 3.5000000000000004 8927750.0000000019 7651000.0000000009
decision_type=2 2 2 2 2 2 2 2 2 2 2 2 2 2 2 2 2 2 2 2 2 2 2 2 2 2 2 2 2 2
left_child=-1 2 3 5 -4 6 7 -2 -9 -10 -6 15 -13 14 -14 -11 -17 19 -19 21 -21 22 -18 25 27 -23 -22 -24 29 -27
right_child=1 -3 4 -5 10 -7 -8 8 9 11 -12 12 13 -15 -16 16 17 18 -20 20 26 23 24 -25 -26 28 -28 -29 -30 -31
leaf_value=-29006.432049005685 12771.961896306819 20881.098950195315 -25293.765642755683 17820.638891601564 -11993.976322798291 -15665.222294921878 14715.925375600964 -13291.566642252605 8748.8481933593757 -7955.5749023437502 2683.7955338541669 -17522.538300030046 -4445.5939483642569 -13176.802769886366 12715.064615885418 10843.521541101793 8891.6948247736145 -12910.350284830725 -1823.2733001708984 -5902.6677929687503 19153.153164062493 -9698.7310369318184 -10999.416080729163 -11027.553044577207 2779.2807781717056 -1706.5581765567558 7148.7178799715912 -659.29691051136365 -4985.1879444323095 12790.020390625001
leaf_weight=10.999999999999998 10.999999999999998 15.999999999999998 10.999999999999998 11.999999999999998 11.000000000000002 9.9999999999999982 12.999999999999998 11.999999999999998 13.999999999999998 15.999999999999998 14.999999999999998 12.999999999999998 16.000000000000004 10.999999999999998 11.999999999999998 17 22 12.000000000000002 15.999999999999998 20 10.000000000000002 10.999999999999998 12.000000000000002 17 23 34 10.999999999999998 10.999999999999998 19 9.9999999999999982
leaf_count=11 11 16 11 12 11 10 13 12 14 16 15 13 16 11 12 17 22 12 16 20 10 11 12 17 23 34 11 11 19 10
internal_value=-1041.92 -339.612 -1144.19 -293.35 -9997.52 -876.105 -468.691 -1032.69 -1480.63 -1047.2 -3526.03 -1485.36 -5601.66 -1628.04 2908.97 -665.257 -189.155 -1011.77 -6574.88 -232.931 3710.1 -1249.69 1769.05 -3505.45 -1637.43 -1777.4 12865.1 -6054.14 -394.307 1588.12
internal_weight=449 438 422 385 37 373 363 350 339 327 26 313 52 39 28 261 245 228 28 200 41 159 68 91 46 74 21 23 63 44
internal_count=449 438 422 385 37 373 363 350 339 327 26 313 52 39 28 261 245 228 28 200 41 159 68 91 46 74 21 23 63 44
is_linear=0
shrinkage=0.05


Tree=236
num_leaves=31
num_cat=0
split_feature=5 9 10 10 4 7 6 5 5 6 0 7 7 7 8 9 0 7 5 6 0 7 5 7 9 0 6 0 10 9
split_gain=3.18337e+12 2.69966e+12 1.25286e+12 2.33267e+12 1.49435e+12 5.44265e+11 4.54178e+11 1.15955e+12 7.67869e+11 6.47686e+11 1.27571e+12 5.8959e+11 8.48968e+11 6.23268e+11 5.72598e+11 4.99059e+11 4.27675e+11 5.35435e+11 4.58858e+11 3.73316e+11 5.62138e+11 4.99593e+11 3.56843e+11 5.35933e+11 3.38612e+11 3.38191e+11 3.37558e+11 3.16774e+11 3.61913e+11 4.34017e+11
threshold=3207800.0000000005 12626890.714285716 10781956.785714289 11874561.428571431 1.0000000180025095e-35 14475500.000000002 12695000.000000002 6609500.0000000009 5100500.0000000009 5929500.0000000009 4.5000000000000009 7900200.0000000009 6683535.0000000009 8907300.0000000019 6683535.0000000009 5507169.2857142864 2.5000000000000004 5457485.0000000009 6953135.0000000009 5100500.0000000009 1.5000000000000002 5130500.0000000009 8280800.0000000009 5559700.0000000009 6478949.2857142864 2.5000000000000004 7545000.0000000009 1.5000000000000002 9451903.5714285728 7517332.1428571437
decision_type=2 2 2 2 2 2 2 2 2 2 2 2 2 2 2 2 2 2 2 2 2 2 2 2 2 2 2 2 2 2
left_child=-1 2 4 -4 5 6 8 -8 15 10 14 12 16 -13 25 -2 17 18 -11 21 -21 -16 23 -18 -17 -10 -14 -15 29 -29
right_child=1 -3 3 -5 -6 -7 7 -9 9 11 -12 13 26 27 19 24 22 -19 -20 20 -22 -23 -24 -25 -26 -27 -28 28 -30 -31
leaf_value=-27556.110981889204 14020.571435546875 19837.044189453125 -28984.864133522718 3577.4238636363643 16929.606412760415 -10323.819654947918 -8382.2317968749976 12652.454111842106 -1839.8292871093749 5435.8237988281235 16245.439111328125 7851.4207979090079 -20214.185653409091 -11174.55533203125 8207.6591015624999 -3754.7533447265628 -11133.230834960936 -15018.554568917412 -8810.4533428485574 15917.274033203119 -847.84084716796883 -5178.9705141813865 5635.8185388901657 4539.5394726562508 4570.2996873152888 -11771.546080729167 -9486.8077181729404 347.19946870349708 7030.1746679687494 -11912.848757102272
leaf_weight=10.999999999999998 9.9999999999999982 15.999999999999998 11.000000000000002 10.999999999999998 11.999999999999998 14.999999999999998 10.000000000000002 19 20 10.000000000000002 11.999999999999998 17 10.999999999999998 9.9999999999999982 9.9999999999999982 18 12.000000000000002 13.999999999999998 12.999999999999998 10.000000000000002 9.9999999999999982 23 17 9.9999999999999982 38 14.999999999999998 22 21 9.9999999999999982 10.999999999999998
leaf_count=11 10 16 11 11 12 15 10 19 20 10 12 17 11 10 10 18 12 14 13 10 10 23 17 10 38 15 22 21 10 11
internal_value=-989.822 -322.632 -1086.98 -12703.7 -448.059 -985.512 -609.977 5399.11 -1116.56 -2267.58 952.301 -4076.5 -6366.03 -459.707 -1133.13 3731.69 -3458.31 -7309.12 -2616.42 2144.43 7534.72 -1122.42 195.014 -4009.24 1894.39 -6096.28 -13062.6 -3176.81 -1272.58 -3867.19
internal_weight=449 438 422 22 400 388 373 29 344 278 100 178 109 69 88 66 76 37 23 53 20 33 39 22 56 35 33 52 42 32
internal_count=449 438 422 22 400 388 373 29 344 278 100 178 109 69 88 66 76 37 23 53 20 33 39 22 56 35 33 52 42 32
is_linear=0
shrinkage=0.05


Tree=237
num_leaves=31
num_cat=0
split_feature=5 5 8 5 6 0 9 11 11 11 10 6 9 5 11 5 11 11 11 0 2 10 11 9 5 2 2 2 5 1
split_gain=2.87299e+12 2.54651e+12 6.61693e+12 2.14402e+12 9.68407e+11 8.44706e+11 8.03114e+11 1.76346e+12 1.74094e+12 1.40704e+12 7.00032e+11 1.16799e+12 4.04933e+11 3.76923e+11 6.87638e+11 4.41914e+11 4.33118e+11 1.3833e+12 5.74281e+11 5.27037e+11 5.13847e+11 4.51651e+11 4.38848e+11 4.30086e+11 3.66283e+11 3.42899e+11 5.91067e+11 3.22942e+11 3.0266e+11 2.75999e+11
threshold=3207800.0000000005 13497000.000000002 10671075.000000002 16181750.000000002 3817075.0000000005 2.5000000000000004 9902050.0000000019 11497119.66666667 9750406.6666666698 8833590.0000000019 6132371.4285714291 5929500.0000000009 10797824.285714287 5100500.0000000009 6280299.0000000009 5344000.0000000009 7794323.3333333349 7665548.0000000009 7537100.8004385978 1.5000000000000002 129.50000000000003 6922347.8571428582 6969908.6666666679 6594828.5714285718 5142500.0000000009 111.50000000000001 205.50000000000003 275.50000000000006 10060700.000000002 4.5000000000000009
decision_type=2 2 2 2 2 2 2 2 2 2 2 2 2 2 2 2 2 2 2 2 2 2 2 2 2 2 2 2 2 2
left_child=-1 4 3 -3 5 -2 8 9 10 -8 11 -6 -11 27 -15 -16 17 18 21 -18 -20 23 -23 -17 -13 -24 -27 29 -21 -12
right_child=1 2 -4 -5 6 -7 7 -9 -10 12 13 24 -14 14 15 16 19 -19 20 28 -22 22 25 -25 -26 26 -28 -29 -30 -31
leaf_value=-26178.305433238638 64.763997395833329 10793.656901041664 42701.530924479172 -20554.007070312502 17553.461621093749 16790.905919471155 -13000.410992752879 -21591.651550292969 19459.601381835939 11537.137499999997 5577.4915394176141 5228.6098547363263 -459.10853630514703 -16298.029765625002 -13130.2175390625 9850.2273689778667 -13674.79994506836 13007.982006835939 -18216.676523437494 -5472.0788694439516 -3376.8610543387281 -12739.44930530895 -8551.9715294471152 -859.09921759033205 -7728.2350911458334 9921.8134195963557 -3873.3169322620738 8524.1678141276043 4104.7206853693187 -3986.8620778401696
leaf_weight=10.999999999999998 18.000000000000004 12.000000000000002 11.999999999999998 9.9999999999999982 11.999999999999998 12.999999999999998 19 15.999999999999998 9.9999999999999982 12.000000000000002 10.999999999999998 10.000000000000002 17 9.9999999999999982 9.9999999999999982 14.999999999999998 15.999999999999998 15.999999999999998 10.000000000000002 33 13.999999999999998 10.999999999999998 12.999999999999998 25 11.999999999999998 11.999999999999998 22 11.999999999999998 10.999999999999998 24
leaf_count=11 18 12 12 10 12 13 19 16 10 12 11 10 17 10 10 15 16 16 10 33 14 11 13 25 12 12 22 12 11 24
internal_value=-940.331 -306.5 12835.4 -3455.28 -1412.5 7078.95 -2118.22 -7216.15 -1062.34 -2424.31 -1748.69 5005.55 4504.86 -2615.28 -3490.85 -2875.12 -2357.19 -815.217 -2628.1 -5903.72 -9560.12 -930.458 -3749.32 3156.9 -1838.76 -1645.25 995.553 1445.91 -3077.88 -980.922
internal_weight=449 438 34 22 404 31 373 64 309 48 299 34 29 265 218 208 198 138 122 60 24 98 58 40 22 47 34 47 44 35
internal_count=449 438 34 22 404 31 373 64 309 48 299 34 29 265 218 208 198 138 122 60 24 98 58 40 22 47 34 47 44 35
is_linear=0
shrinkage=0.05


Tree=238
num_leaves=31
num_cat=0
split_feature=5 9 10 10 4 7 10 8 7 5 10 5 9 10 10 2 2 5 10 11 8 8 5 8 7 9 7 11 5 9
split_gain=2.59287e+12 2.42484e+12 1.09341e+12 2.12887e+12 1.3121e+12 4.92941e+11 3.60969e+11 4.118e+11 6.71622e+11 4.77544e+11 8.99557e+11 6.49496e+11 4.00384e+11 6.45497e+11 4.48121e+11 3.76402e+11 3.54598e+11 6.60093e+11 6.54657e+11 6.61569e+11 3.60598e+11 7.91686e+11 3.80139e+11 4.62832e+11 3.49462e+11 4.9468e+11 4.61873e+11 4.27043e+11 2.83005e+11 2.35958e+11
threshold=3207800.0000000005 12626890.714285716 10781956.785714289 11874561.428571431 1.0000000180025095e-35 14475500.000000002 5764964.2857142864 12891300.000000002 8606400.0000000019 5838300.0000000009 10116871.428571431 5640500.0000000009 7339892.8571428582 7195261.0714285718 6747840.7142857155 18.500000000000004 251.50000000000003 7323000.0000000009 7840821.42857143 8989845.0000000019 8066500.0000000009 8857950.0000000019 10437500.000000002 6196000.0000000009 6051000.0000000009 7050497.8571428573 2888000.0000000005 7265974.5000000009 5109300.0000000009 7558281.42857143
decision_type=2 2 2 2 2 2 2 2 2 2 2 2 2 2 2 2 2 2 2 2 2 2 2 2 2 2 2 2 2 2
left_child=-1 2 4 -4 5 6 -2 9 -9 11 15 12 13 14 -8 -11 20 -18 -19 -20 22 -22 24 -24 26 -26 -17 -28 -14 -27
right_child=1 -3 3 -5 -6 -7 7 8 -10 10 -12 -13 28 -15 -16 16 17 18 19 -21 21 -23 23 -25 25 29 27 -29 -30 -31
leaf_value=-24869.389772727274 7966.3528564453127 18814.859204101562 -27421.613973721585 3685.721413352273 15864.856868489585 -9809.4139998372393 1956.4672234950922 -2579.1342684659085 15324.681757812499 -12676.4870703125 12132.9287890625 13629.537050781251 -1144.3164980933777 10842.730170171402 -9907.6002929687511 -7520.4089257812511 -14682.340296936036 3338.148282137784 -16904.216149902339 -301.39517415364588 13421.69557698568 -2677.4651599702383 -1712.5395874023434 -15911.565962357956 -9589.3945100203819 6012.9910910866456 -579.38658786349822 10647.23265991211 -11364.020661621094 -3385.218505859375
leaf_weight=10.999999999999998 11.999999999999998 15.999999999999998 11.000000000000002 10.999999999999998 11.999999999999998 14.999999999999998 39 11.000000000000002 9.9999999999999982 9.9999999999999982 9.9999999999999982 9.9999999999999982 21.000000000000004 17 9.9999999999999982 9.9999999999999982 15.999999999999998 22 12.000000000000002 11.999999999999998 11.999999999999998 21 12.000000000000002 10.999999999999998 23 11.000000000000002 18 15.999999999999998 9.9999999999999982 17
leaf_count=11 12 16 11 11 12 15 39 11 10 10 10 10 21 17 10 10 16 22 12 12 12 21 12 11 23 11 18 16 10 17
internal_value=-893.314 -291.175 -1015.57 -11867.9 -418.694 -922.309 -564.919 -848.507 5946.49 -1268.2 -2538.04 1496.98 246.204 2447.77 -464.771 -3195.94 -2750.84 -5934.61 -2891.91 -8602.81 -1443.6 3176.78 -2735.74 -8503.38 -1339.36 -4156.12 1925.52 4703.73 -4441 306.935
internal_weight=449 438 422 22 400 388 373 361 21 340 233 107 97 66 49 223 213 62 46 24 151 33 118 23 95 51 44 34 31 28
internal_count=449 438 422 22 400 388 373 361 21 340 233 107 97 66 49 223 213 62 46 24 151 33 118 23 95 51 44 34 31 28
is_linear=0
shrinkage=0.05


Tree=239
num_leaves=31
num_cat=0
split_feature=5 8 5 5 6 7 9 9 10 10 10 6 2 6 5 0 7 2 10 8 10 10 0 10 0 0 7 5 10 5
split_gain=2.4548e+12 5.98469e+12 2.13798e+12 2.13207e+12 8.586e+11 7.83976e+11 6.97861e+11 1.42725e+12 9.91348e+11 2.9379e+12 6.30306e+11 1.04213e+12 6.09936e+11 5.53158e+11 4.01257e+11 7.36198e+11 5.0456e+11 8.3151e+11 5.10826e+11 6.51655e+11 4.30681e+11 1.18008e+12 8.36326e+11 5.53724e+11 3.72503e+11 3.60794e+11 3.41777e+11 3.39295e+11 2.88686e+11 2.7798e+11
threshold=13497000.000000002 10820000.000000002 16181750.000000002 3207800.0000000005 3817075.0000000005 6609500.0000000009 9902050.0000000019 9436694.2857142892 11955455.714285716 10425942.85714286 6132371.4285714291 5929500.0000000009 299.50000000000006 11343035.000000002 5838300.0000000009 1.5000000000000002 7545000.0000000009 253.50000000000003 6595270.3571428582 4560000.0000000009 6992134.6428571437 6653559.6428571437 1.0000000180025095e-35 9207372.1428571437 1.5000000000000002 4.5000000000000009 6405800.0000000009 7596300.0000000009 9518564.2857142873 5142500.0000000009
decision_type=2 2 2 2 2 2 2 2 2 2 2 2 2 2 2 2 2 2 2 2 2 2 2 2 2 2 2 2 2 2
left_child=3 2 -2 -1 5 -5 7 10 9 12 11 -6 28 14 15 -12 17 18 -16 -20 21 -18 -22 25 -21 -24 -13 -27 -8 -17
right_child=1 -3 -4 4 6 -7 8 -9 -10 -11 13 26 -14 -15 16 29 20 -19 19 24 22 -23 23 -25 -26 27 -28 -29 -30 -31
leaf_value=-23625.920454545456 10930.645643028844 42400.946875000001 -19820.716914062501 -535.67325008616717 16491.326586914063 15442.007477678571 -5046.9397017045449 14048.444713541669 5593.4126652644236 -30391.404349459139 8004.1215240478523 3862.7549316406239 -12779.266885653409 4985.0233442826711 5457.027422485352 -1094.81076171875 -8053.8390380859346 -17970.120052083334 -16212.59971749442 -9639.0258572048606 -16411.48894708807 15678.435582386366 1518.4658582899306 9338.8110937500005 -540.76559895833338 -2118.4947977701818 -8653.1378222656258 -14275.748091264206 5475.3042602539062 -9657.1418269230762
leaf_weight=10.999999999999998 13.000000000000002 10.999999999999998 9.9999999999999982 17.000000000000004 11.999999999999998 13.999999999999998 11.000000000000002 14.999999999999998 12.999999999999998 12.999999999999998 20 12.000000000000002 10.999999999999998 22 9.9999999999999982 35 10.000000000000002 14.999999999999998 13.999999999999998 18 10.999999999999998 10.999999999999998 18 9.9999999999999982 30 12.000000000000002 9.9999999999999982 10.999999999999998 15.999999999999998 12.999999999999998
leaf_count=11 13 11 10 17 12 14 11 15 13 13 20 12 11 22 10 35 10 15 14 18 11 11 18 10 30 12 10 11 16 13
internal_value=-848.648 12067.7 -2439.51 -1906.85 -1315.49 6680.05 -1980 -995.741 -6732.15 -9873.95 -1763.3 4638.75 -2854.83 -2600.49 -3301.68 -55.5704 -4600.12 -7260.73 -5029.6 -6721 -1811.28 4377.35 -3907.44 -1210.48 -3952.61 -3783.48 -1826.29 -7932.83 1188.46 -3413.78
internal_weight=449 34 23 415 404 31 373 309 64 51 294 34 38 260 238 68 170 87 72 62 83 21 62 51 48 41 22 23 27 48
internal_count=449 34 23 415 404 31 373 309 64 51 294 34 38 260 238 68 170 87 72 62 83 21 62 51 48 41 22 23 27 48
is_linear=0
shrinkage=0.05


Tree=240
num_leaves=31
num_cat=0
split_feature=4 10 5 10 9 5 5 9 2 2 9 9 2 6 8 9 5 11 5 11 8 9 2 10 8 2 8 1 5 5
split_gain=3.77912e+12 8.78115e+12 6.40555e+12 7.57722e+11 6.60415e+11 9.70174e+11 8.56467e+11 7.91576e+11 6.01131e+11 6.06518e+11 5.2782e+11 6.62109e+11 8.39232e+11 6.70365e+11 5.06895e+11 4.9073e+11 4.78796e+11 4.39367e+11 4.73914e+11 4.58586e+11 3.61438e+11 2.54026e+11 2.28445e+11 7.9261e+11 7.21178e+11 4.23124e+11 2.72555e+11 8.37483e+11 3.63741e+11 5.58469e+11
threshold=1.0000000180025095e-35 8877895.3571428601 3280000.0000000005 5896986.0714285728 12997603.571428573 15311000.000000002 10330575.000000002 8090142.8571428573 263.50000000000006 325.50000000000006 11278526.428571431 7833676.42857143 126.50000000000001 3817075.0000000005 7234500.0000000009 7618515.7142857155 11670500.000000002 8833590.0000000019 7503200.0000000009 7656438.6666666679 6975000.0000000009 10128957.142857146 87.500000000000014 6592257.1428571437 5990000.0000000009 117.50000000000001 5321500.0000000009 9.5000000000000018 6021300.0000000009 5285500.0000000009
decision_type=2 2 2 2 2 2 2 2 2 2 2 2 2 2 2 2 2 2 2 2 2 2 2 2 2 2 2 2 2 2
left_child=2 -2 -1 -4 5 6 10 -8 16 -10 11 13 14 -5 -13 22 -9 18 19 -14 -20 -19 23 -15 -25 -24 27 -27 29 -28
right_child=1 -3 3 4 -6 -7 7 8 9 -11 -12 12 17 15 -16 -17 -18 21 20 -21 -22 -23 25 24 -26 26 28 -29 -30 -31
leaf_value=35266.728792317706 -56383.27269531248 8354.6688565340919 -12459.637841796875 11331.838165283203 -13441.042773437501 14354.263427734375 -16902.019622395834 10175.934785156247 -18609.056718749995 -1194.71953125 10357.149946732956 -4256.4478215144218 -8006.2726562499975 6803.296342329546 9232.8887695312496 7436.4997164916995 -4376.5678936298082 -6311.3469168526772 -11387.527734374997 -22800.540767045459 1746.5689648437501 4122.6512499999999 7479.0378906250007 -18883.105146928261 -1775.0447126116073 -1831.7255719866073 -2624.7773469344429 15024.904453125 -4998.8824566876456 11528.678750000001
leaf_weight=11.999999999999998 10.000000000000002 10.999999999999998 15.999999999999998 13.999999999999998 10.999999999999998 9.9999999999999982 14.999999999999998 10.000000000000002 10.000000000000002 9.9999999999999982 10.999999999999998 13.000000000000002 10.000000000000002 10.999999999999998 14.999999999999998 20 12.999999999999998 14.000000000000002 11.000000000000002 10.999999999999998 9.9999999999999982 9.9999999999999982 17 11.000000000000002 13.999999999999998 28 23 9.9999999999999982 54 9.9999999999999982
leaf_count=12 10 11 16 14 11 10 15 10 10 10 11 13 10 11 15 20 13 14 11 11 10 10 17 11 14 28 23 10 54 10
internal_value=-1768.72 -22472.9 -743.272 -1792.11 -1361.1 -1015.95 -1425.83 -7012.14 -3562.18 -9901.89 -403.726 -790.555 -4283.39 758.155 2969.98 10.5207 1950.61 -7360.58 -10444.4 -15755.7 -5133.2 -1963.85 -823.859 -4381.35 -9302.59 78.0396 -928.496 2604.23 -2471.53 1664.15
internal_weight=445 21 424 412 396 385 375 58 43 20 317 306 94 212 28 198 23 66 42 21 21 24 178 36 25 142 125 38 87 33
internal_count=445 21 424 412 396 385 375 58 43 20 317 306 94 212 28 198 23 66 42 21 21 24 178 36 25 142 125 38 87 33
is_linear=0
shrinkage=0.05


Tree=241
num_leaves=31
num_cat=0
split_feature=4 10 5 10 9 5 5 9 2 2 9 9 2 7 7 6 6 9 6 9 2 10 9 9 7 10 9 7 11 10
split_gain=3.41066e+12 7.92498e+12 5.78101e+12 6.83844e+11 5.96025e+11 8.75582e+11 7.72961e+11 7.14398e+11 5.42521e+11 5.47383e+11 4.76357e+11 5.97553e+11 7.57407e+11 1.12309e+12 6.53461e+11 6.05004e+11 5.61469e+11 4.42884e+11 4.3321e+11 3.02593e+11 2.83247e+11 2.09385e+11 5.5541e+11 2.74724e+11 3.79088e+11 5.69535e+11 3.27332e+11 2.7117e+11 3.1703e+11 1.92732e+11
threshold=1.0000000180025095e-35 8877895.3571428601 3280000.0000000005 5896986.0714285728 12997603.571428573 15311000.000000002 10330575.000000002 8090142.8571428573 263.50000000000006 325.50000000000006 11278526.428571431 7833676.42857143 126.50000000000001 8769300.0000000019 5344000.0000000009 3817075.0000000005 12440250.000000002 7618515.7142857155 10820000.000000002 9825575.0000000019 265.50000000000006 7792694.444444445 6701426.42857143 6097747.8571428582 8886050.0000000019 7274728.5714285718 7050497.8571428573 4371750.0000000009 7197213.0000000009 7727321.42857143
decision_type=2 2 2 2 2 2 2 2 2 2 2 2 2 2 2 2 2 2 2 2 2 2 2 2 2 2 2 2 2 2
left_child=2 -2 -1 -4 5 6 10 -8 18 -10 11 15 13 -13 -14 -5 19 21 -9 20 -16 23 -23 -17 26 -26 27 -25 -29 -19
right_child=1 -3 3 4 -6 -7 7 8 9 -11 -12 12 14 -15 16 17 -18 29 -20 -21 -22 22 -24 24 25 -27 -28 28 -30 -31
leaf_value=33503.39117838542 -53564.111806640612 7936.9350497159094 -11836.655943298341 10765.245968191964 -12768.990820173785 13636.550390625001 -16056.918878580729 7871.5140324519207 -17678.604062499995 -1134.9837500000001 9839.2926491477283 12143.821822916665 -15116.966493055557 -7935.0604717548085 187.34692382812497 -4489.2354108537947 -13863.724076704544 2156.3695312499995 -5970.8921752929691 5954.3138849431816 -10539.687705078126 4868.1628320312484 -9689.7519672594572 4383.6549438476568 11798.184007352938 -3239.7321875000002 4036.7153738839284 -749.2715648651124 -8546.3320712002842 11972.979912109375
leaf_weight=11.999999999999998 10.000000000000002 10.999999999999998 15.999999999999998 13.999999999999998 10.999999999999998 9.9999999999999982 14.999999999999998 13.000000000000002 10.000000000000002 9.9999999999999982 10.999999999999998 15.000000000000002 18 12.999999999999998 16.000000000000004 28 10.999999999999998 10.000000000000002 9.9999999999999982 10.999999999999998 9.9999999999999982 10.000000000000002 19 11.999999999999998 17.000000000000004 9.9999999999999982 28 32 22 9.9999999999999982
leaf_count=12 10 11 16 14 11 10 15 13 10 10 11 15 18 13 16 28 11 10 10 11 10 10 19 12 17 10 28 32 22 10
internal_value=-1680.28 -21349.3 -706.109 -1702.5 -1293.04 -965.157 -1354.54 -6661.53 -3384.07 -9406.79 -383.54 -751.027 -4069.22 2821.48 -6992.55 720.247 -3945.89 9.99467 1853.08 -997.348 -3938.44 -782.666 -4669.78 -26.1134 1006.68 6228.59 -493.235 -2415.03 -3925.85 7064.67
internal_weight=445 21 424 412 396 385 375 58 43 20 317 306 94 28 66 212 48 198 23 37 26 178 29 149 121 27 94 66 54 20
internal_count=445 21 424 412 396 385 375 58 43 20 317 306 94 28 66 212 48 198 23 37 26 178 29 149 121 27 94 66 54 20
is_linear=0
shrinkage=0.05


Tree=242
num_leaves=31
num_cat=0
split_feature=4 10 5 10 9 5 5 9 11 2 9 9 0 11 2 8 7 0 9 2 10 8 11 2 8 11 1 5 11 11
split_gain=3.07812e+12 7.1523e+12 5.21736e+12 6.17169e+11 5.37912e+11 7.90213e+11 6.97597e+11 6.44744e+11 4.92807e+11 7.62821e+11 4.29913e+11 5.39292e+11 7.56038e+11 4.95241e+11 5.86045e+11 3.38931e+11 3.7504e+11 3.44762e+11 3.2089e+11 3.0216e+11 6.44761e+11 5.73438e+11 7.72892e+11 5.44057e+11 4.95709e+11 3.83105e+11 3.39464e+11 3.98229e+11 3.28663e+11 1.7574e+11
threshold=1.0000000180025095e-35 8877895.3571428601 3280000.0000000005 5896986.0714285728 12997603.571428573 15311000.000000002 10330575.000000002 8090142.8571428573 11382190.66666667 263.50000000000006 11278526.428571431 7833676.42857143 1.0000000180025095e-35 7794323.3333333349 126.50000000000001 5130500.0000000009 7397150.0000000009 3.5000000000000004 7618515.7142857155 96.500000000000014 6592257.1428571437 5321500.0000000009 6994858.5000000009 117.50000000000001 5767650.0000000009 6943682.3333333349 8.5000000000000018 6243000.0000000009 7417112.3571428582 8300059.5000000009
decision_type=2 2 2 2 2 2 2 2 2 2 2 2 2 2 2 2 2 2 2 2 2 2 2 2 2 2 2 2 2 2
left_child=2 -2 -1 -4 5 6 10 -8 9 -9 11 18 -13 14 -14 -15 -17 -18 19 20 -5 22 -21 -23 -22 26 -25 -28 -24 -27
right_child=1 -3 3 4 -6 -7 7 8 -10 -11 -12 12 13 15 -16 16 17 -19 -20 21 24 23 28 25 -26 29 27 -29 -30 -31
leaf_value=31828.223274739583 -50885.905078124983 7540.0876420454551 -11244.82332687378 6497.0254172585228 -12130.540984552557 12954.72287475586 -15254.07275390625 364.02627467105265 6508.8179296875005 -15017.431501116072 9347.3279296875007 8451.683904474432 8726.8369318181831 -16810.935493164063 -5519.5431698753719 -12522.123580932617 2485.803850446428 -9342.9627840909088 6711.4407275390622 13785.364252387153 -16730.598059082025 9502.8159978693184 -5304.7562481219938 -14024.771777343751 -2977.3388466282895 2062.8250148866236 3112.3846801757809 -8843.9507177734376 5256.3669806985299 -4425.4792410714281
leaf_weight=11.999999999999998 10.000000000000002 10.999999999999998 15.999999999999998 10.999999999999998 10.999999999999998 9.9999999999999982 14.999999999999998 19 9.9999999999999982 13.999999999999998 10.999999999999998 10.999999999999998 10.999999999999998 9.9999999999999982 21 15.999999999999998 14.000000000000002 10.999999999999998 20 18 10.000000000000002 10.999999999999998 13.000000000000002 9.9999999999999982 19 41 13.000000000000002 14.999999999999998 17 13.999999999999998
leaf_count=12 10 11 16 11 11 10 15 19 10 14 11 11 11 10 21 16 14 11 20 18 10 11 13 10 19 41 13 15 17 14
internal_value=-1596.27 -20281.8 -670.803 -1617.38 -1228.39 -916.899 -1286.81 -6328.46 -3214.87 -6161.44 -364.363 -713.476 -3865.76 -5498.19 -622.35 -8557.54 -6544.52 -2718.85 684.235 56.4007 -3810.2 1073.93 5594.44 -1012.46 -7719.84 -2256.2 -6117 -3292.79 679.88 411.257
internal_weight=445 21 424 412 396 385 375 58 43 33 317 306 94 83 32 51 41 25 212 192 40 152 48 104 29 93 38 28 30 55
internal_count=445 21 424 412 396 385 375 58 43 33 317 306 94 83 32 51 41 25 212 192 40 152 48 104 29 93 38 28 30 55
is_linear=0
shrinkage=0.05


Tree=243
num_leaves=31
num_cat=0
split_feature=4 8 2 7 5 10 6 10 10 7 5 5 8 10 8 10 1 5 6 6 10 10 6 6 7 10 10 2 2 7
split_gain=2.778e+12 6.8089e+12 5.15756e+12 1.30864e+13 2.40761e+12 5.53607e+11 5.75738e+11 8.71498e+11 1.2676e+12 3.2338e+11 7.68238e+11 5.38075e+11 5.98964e+11 5.54109e+11 3.36389e+11 2.78715e+11 2.74872e+11 2.6678e+11 4.53804e+11 3.62671e+11 3.18047e+11 2.64133e+11 3.05795e+11 2.64455e+11 5.6189e+11 2.27326e+11 3.28568e+11 1.87959e+11 3.96468e+11 4.54257e+11
threshold=1.0000000180025095e-35 7900200.0000000009 30.500000000000004 6303000.0000000009 3207800.0000000005 5896986.0714285728 16181750.000000002 11577390.000000002 10302256.071428573 10373750.000000002 10001000.000000002 9954500.0000000019 5408200.0000000009 8339706.0714285718 8288800.0000000009 8450095.0000000019 7.5000000000000009 8280800.0000000009 10437500.000000002 9157335.0000000019 8755842.8571428601 8104560.7142857155 7995510.0000000009 4697500.0000000009 5368200.0000000009 6718863.2142857155 7690664.2857142864 141.50000000000003 189.50000000000003 5898500.0000000009
decision_type=2 2 2 2 2 2 2 2 2 2 2 2 2 2 2 2 2 2 2 2 2 2 2 2 2 2 2 2 2 2
left_child=2 -2 3 -1 -4 -6 7 8 9 10 17 12 -11 -14 16 -5 -12 18 19 20 21 22 23 24 -7 -19 -27 -25 -29 -30
right_child=1 -3 4 15 5 6 -8 -9 -10 11 14 -13 13 -15 -16 -17 -18 25 -20 -21 -22 -23 -24 27 -26 26 -28 28 29 -31
leaf_value=62842.939950284097 -49128.099082031236 7878.0754261363636 -26431.571328124999 1014.2463955965907 -10682.581784057618 -12980.104589843746 -9900.4453125 10311.009535845589 -18827.627167968749 10822.334873046875 -16506.48541165865 13353.541953125001 -12177.322425426133 2224.7741153492648 -2039.4252994791668 -10519.306999511718 -5767.2579279119318 9207.506392045454 -7800.3350033967399 6397.2282335069449 7455.4880664062503 -9211.0253738403317 -7124.1736626519096 5301.1423251065344 2120.8787789481025 -4780.2567057291662 4512.4466734079215 -9172.4912500000009 7986.6250651041673 -2267.7462302879053
leaf_weight=10.999999999999998 10.000000000000002 10.999999999999998 9.9999999999999982 11.000000000000002 15.999999999999998 11.000000000000002 18 17 9.9999999999999982 9.9999999999999982 13.000000000000002 9.9999999999999982 11.000000000000002 17 14.999999999999998 9.9999999999999982 10.999999999999998 10.999999999999998 23 18 9.9999999999999982 10.999999999999998 18 22 13.999999999999998 14.999999999999998 26 9.9999999999999982 18 27
leaf_count=11 10 11 10 11 16 11 18 17 10 10 13 10 11 17 15 10 11 11 23 18 10 11 18 22 14 15 26 10 18 27
internal_value=-1516.45 -19267.7 -637.263 18663.6 -2212.85 -1578.85 -1180.87 -729.858 -1296.91 -750.783 -1416.23 3033.95 318.262 -3433.19 -7913.22 -4477.92 -11584.3 -333.399 -1235.81 -286.226 -1139.43 -1795.53 -1115.78 -55.4757 -4523.55 2825.04 1112.68 1395.2 -167.178 1834
internal_weight=445 21 424 32 392 382 366 348 331 321 273 48 38 28 39 21 24 234 182 159 141 131 120 102 25 52 41 77 55 45
internal_count=445 21 424 32 392 382 366 348 331 321 273 48 38 28 39 21 24 234 182 159 141 131 120 102 25 52 41 77 55 45
is_linear=0
shrinkage=0.05


Tree=244
num_leaves=31
num_cat=0
split_feature=4 10 2 7 9 8 9 0 11 9 9 11 11 6 9 1 9 10 6 11 11 8 6 8 6 10 11 8 7 0
split_gain=2.50714e+12 6.17479e+12 4.6547e+12 1.18105e+13 4.572e+11 8.42317e+11 6.74066e+11 6.9121e+11 2.00427e+12 1.25042e+12 9.85812e+11 1.1012e+12 7.4573e+11 6.45624e+11 5.1877e+11 5.13029e+11 6.94849e+11 4.14508e+11 3.13162e+11 3.28171e+11 5.23422e+11 3.12535e+11 4.04513e+11 3.87202e+11 2.56973e+11 2.5154e+11 2.44845e+11 2.91824e+11 2.38737e+11 2.30321e+11
threshold=1.0000000180025095e-35 8877895.3571428601 30.500000000000004 6303000.0000000009 6348806.42857143 5142500.0000000009 7313132.1428571437 5.5000000000000009 9750406.6666666698 12333087.142857146 11082285.714285716 10018076.66666667 8892930.0000000019 5072500.0000000009 9107221.428571431 6.5000000000000009 5727864.2857142864 8293206.7857142864 12335000.000000002 7033363.8333333349 7263020.0000000009 8403800.0000000019 8238500.0000000009 3904000.0000000005 5929500.0000000009 8450095.0000000019 8621354.1666666679 2687250.0000000005 6754300.0000000009 1.5000000000000002
decision_type=2 2 2 2 2 2 2 2 2 2 2 2 2 2 2 2 2 2 2 2 2 2 2 2 2 2 2 2 2 2
left_child=2 -2 3 -1 5 13 21 9 17 10 11 12 18 -4 -14 16 -7 -9 19 -8 -21 23 24 28 -23 -5 27 -22 -6 -17
right_child=1 -3 4 25 6 15 7 8 -10 -11 -12 -13 14 -15 -16 29 -18 -19 -20 20 26 22 -24 -25 -26 -27 -28 -29 -30 -31
leaf_value=59700.792258522735 -46740.295546874986 7546.5376598011371 12045.658718261715 963.53403764204529 11769.025566406246 -5978.5723925781231 -12356.646306818184 1972.5952246093739 22189.755078125003 -20623.668750000001 7181.9021484375007 -20678.5208203125 -3208.258935546874 -5156.4073201497404 11208.422333233175 -287.41941964285718 -24617.897753906251 -12423.7319140625 -12604.835606971154 6466.1580729166672 -10110.067745267428 7342.355566406246 14286.956640625001 -1594.9924960371377 -3732.2258984375003 -9993.3420849609392 -12099.893046875 -1512.7355572956367 843.4416308593751 -8649.1691650390621
leaf_weight=10.999999999999998 10.000000000000002 10.999999999999998 10.000000000000002 11.000000000000002 10.000000000000002 10.000000000000002 10.999999999999998 10.000000000000005 9.9999999999999982 10.999999999999998 20 9.9999999999999982 12.000000000000002 11.999999999999998 12.999999999999998 13.999999999999998 9.9999999999999982 9.9999999999999982 12.999999999999998 11.999999999999998 12.999999999999998 11.000000000000005 9.9999999999999982 69 9.9999999999999982 9.9999999999999982 9.9999999999999982 41 9.9999999999999982 20
leaf_count=11 10 11 10 11 10 10 11 10 10 11 20 10 12 12 13 14 10 10 13 12 13 11 10 69 10 10 10 41 10 20
internal_value=-1440.63 -18304.3 -605.4 17730.4 -2102.2 -5584.11 -1264.78 -3071.71 3912.87 -4333.98 -3177.94 -4712.73 -3435.47 2662.71 4288.42 -8943.93 -15298.2 -5225.57 -5366.44 -4284.84 -3116.55 1686.53 6010.1 180.564 2068.75 -4254.03 -4913.31 -3582.46 6306.23 -5206.1
internal_weight=445 21 424 32 392 76 316 196 30 166 155 135 125 22 25 54 20 20 100 87 76 120 31 89 21 21 64 54 20 34
internal_count=445 21 424 32 392 76 316 196 30 166 155 135 125 22 25 54 20 20 100 87 76 120 31 89 21 21 64 54 20 34
is_linear=0
shrinkage=0.05


Tree=245
num_leaves=31
num_cat=0
split_feature=5 4 5 7 6 10 5 8 8 8 10 6 0 9 8 6 5 10 10 6 5 10 10 7 7 6 8 9 8 5
split_gain=2.38158e+12 3.70071e+12 5.92445e+12 7.72955e+11 6.77765e+11 6.04356e+11 8.72526e+11 7.63893e+11 4.54769e+11 5.35489e+11 3.83874e+11 3.7333e+11 6.83207e+11 5.00053e+11 4.8605e+11 4.11794e+11 4.90234e+11 3.6963e+11 3.62922e+11 3.54375e+11 3.4603e+11 4.88351e+11 5.22414e+11 4.15995e+11 3.19818e+11 3.13201e+11 3.05894e+11 2.67259e+11 2.11535e+11 1.93818e+11
threshold=18678800.000000004 1.0000000180025095e-35 3207800.0000000005 14005000.000000002 8806175.0000000019 10116871.428571431 7254200.0000000009 9673050.0000000019 4371750.0000000009 2478550.0000000005 5896986.0714285728 7001700.0000000009 5.5000000000000009 7972730.9523809534 9673050.0000000019 13917500.000000002 9467800.0000000019 6358571.42857143 7195261.0714285718 10189250.000000002 5767650.0000000009 8558855.0000000019 8045782.1428571437 6369800.0000000009 9075200.0000000019 9340085.0000000019 6431300.0000000009 7804964.2857142864 3817075.0000000005 7453500.0000000009
decision_type=2 2 2 2 2 2 2 2 2 2 2 2 2 2 2 2 2 2 2 2 2 2 2 2 2 2 2 2 2 2
left_child=1 2 -1 5 -5 8 -7 -8 9 29 -10 12 17 19 15 16 26 -12 28 24 23 22 27 -19 25 -13 -15 -22 -11 -4
right_child=-2 -3 3 4 -6 6 7 -9 10 18 11 13 -14 14 -16 -17 -18 20 -20 -21 21 -23 -24 -25 -26 -27 -28 -29 -30 -31
leaf_value=37710.668146306816 23209.547237141931 -23775.30588541667 2140.498506433823 1298.139133522727 -15287.007924107143 -5607.712031250001 20469.150360576918 3909.6174430338542 8340.2572387695309 -1555.3185156249995 4782.2821289062504 -3396.0628429324129 -14636.170472301135 -7319.418466796873 10969.346895559211 -7516.0143359374997 10821.798502604168 -14123.398685396633 13523.44191750919 -8327.7408691406254 256.16609330610794 -10013.493915264424 10534.009375000001 -1213.5257486979167 8206.3625390625002 6427.8748828124999 5047.74560546875 -8799.2142083740237 8729.0042919921889 -6632.0159326171888
leaf_weight=10.999999999999998 11.999999999999998 14.999999999999998 17.000000000000004 11.000000000000002 13.999999999999998 9.9999999999999982 13.000000000000002 14.999999999999998 11.999999999999998 10.000000000000002 19 43 10.999999999999998 10.000000000000002 19 9.9999999999999982 14.999999999999998 13.000000000000002 17 15.999999999999998 44 12.999999999999998 10.999999999999998 11.999999999999998 9.9999999999999982 9.9999999999999982 9.9999999999999982 9.9999999999999982 9.9999999999999982 9.9999999999999982
leaf_count=11 12 15 17 11 14 10 13 15 12 10 19 43 11 10 19 10 15 13 17 16 44 13 11 12 10 10 10 10 10 10
internal_value=1231.85 633.82 1493.3 533.317 -7989.54 1079.65 7070.16 11598 432.952 4245.37 -414.252 -794.883 -2701.68 978.57 4263.56 1432.22 3988.86 -1625.62 8152.31 -1682.69 -2807.66 -1166.95 602.358 -7926.66 4.94717 -1542.49 -1135.84 -1420.76 3586.84 -1108.58
internal_weight=453 441 426 415 25 390 38 28 352 64 288 276 133 143 64 45 35 122 37 79 103 78 65 25 63 53 20 54 20 27
internal_count=453 441 426 415 25 390 38 28 352 64 288 276 133 143 64 45 35 122 37 79 103 78 65 25 63 53 20 54 20 27
is_linear=0
shrinkage=0.05


Tree=246
num_leaves=31
num_cat=0
split_feature=5 4 5 7 11 6 1 7 7 2 2 2 2 9 8 8 9 6 0 0 11 2 9 0 0 8 9 5 6 6
split_gain=2.14938e+12 3.33989e+12 5.34682e+12 6.97592e+11 1.14137e+12 6.11683e+11 4.0566e+11 4.31442e+11 6.0078e+11 1.32124e+12 4.25161e+11 3.82795e+11 3.80853e+11 3.51594e+11 7.93968e+11 9.61262e+11 6.87688e+11 5.94559e+11 7.10058e+11 4.59797e+11 3.63944e+11 2.84853e+11 3.23353e+11 5.2247e+11 2.36597e+11 2.5692e+11 2.72923e+11 2.13661e+11 2.06283e+11 2.59809e+11
threshold=18678800.000000004 1.0000000180025095e-35 3207800.0000000005 14005000.000000002 11691915.66666667 8806175.0000000019 5.5000000000000009 5520450.0000000009 7432700.0000000009 36.500000000000007 168.50000000000003 36.500000000000007 63.500000000000007 8291528.5714285728 8458500.0000000019 7181000.0000000009 10230740.714285716 4292800.0000000009 2.5000000000000004 3.5000000000000004 9406965.0000000019 197.50000000000003 6248567.8571428582 2.5000000000000004 1.0000000180025095e-35 9414250.0000000019 7517332.1428571437 6683535.0000000009 5803250.0000000009 7039250.0000000009
decision_type=2 2 2 2 2 2 2 2 2 2 2 2 2 2 2 2 2 2 2 2 2 2 2 2 2 2 2 2 2 2
left_child=1 2 -1 4 6 -5 7 12 9 -9 -8 -10 -4 17 15 16 -15 18 -12 20 -16 -19 23 -23 -24 26 28 -11 -26 -30
right_child=-2 -3 3 5 -6 -7 10 8 11 27 13 -13 -14 14 19 -17 -18 21 -20 -21 -22 22 24 -25 25 -27 -28 -29 29 -31
leaf_value=35825.133012251426 22049.068391927085 -22586.541119791669 11089.018232421871 1233.2320800781247 14550.137233072919 -14522.65756138393 11627.217617187502 -24201.763945312501 8568.4420019531244 2079.803100585937 -135.34609662224261 -2598.4026825875949 -1349.6968811035158 10122.801171875 -12029.318058268225 18985.664174107143 -4123.7223022460939 -6638.4762634277349 15750.150683593751 6834.9238769531257 561.80676491477277 3728.6612304687487 -6480.3434374999997 -10674.503607536766 -3503.9426432291666 6972.3259548611113 -4507.9983375186011 -7012.3111746651794 10125.962111409506 1332.5453037806919
leaf_weight=10.999999999999998 11.999999999999998 14.999999999999998 10.000000000000002 11.000000000000002 14.999999999999998 13.999999999999998 9.9999999999999982 9.9999999999999982 9.9999999999999982 12.000000000000002 17.000000000000004 33 15.999999999999998 18 12.000000000000002 13.999999999999998 15.999999999999998 22 11.999999999999998 9.9999999999999982 10.999999999999998 10.000000000000002 9.9999999999999982 17 11.999999999999998 18 21 13.999999999999998 11.999999999999998 28
leaf_count=11 12 15 10 11 15 14 10 10 10 12 17 33 16 18 12 14 16 22 12 10 11 10 10 17 12 18 21 14 12 28
internal_value=1170.26 602.128 1418.63 506.651 1025.67 -7590.07 484.693 -2152.38 -3991.08 -8756.45 1510.22 -1.46206 3434.42 1121.11 3854.41 7958.96 3418.55 -115.752 6437.96 -2115.84 -6007.48 -1382.8 -479.484 -5340 819.861 1622.08 302.843 -2815.95 2245.68 3970.57
internal_weight=453 441 426 415 390 25 375 105 79 36 270 43 26 260 81 48 34 179 29 33 23 150 128 27 101 91 73 26 52 40
internal_count=453 441 426 415 390 25 375 105 79 36 270 43 26 260 81 48 34 179 29 33 23 150 128 27 101 91 73 26 52 40
is_linear=0
shrinkage=0.05


Tree=247
num_leaves=31
num_cat=0
split_feature=5 4 5 7 6 10 9 6 8 8 10 10 6 0 9 8 5 10 5 10 10 7 6 7 6 9 9 9 8 5
split_gain=1.93981e+12 3.01425e+12 4.8255e+12 6.29577e+11 5.52044e+11 4.79863e+11 8.47961e+11 8.47755e+11 4.04065e+11 4.79724e+11 3.47389e+11 3.2252e+11 3.20656e+11 5.90405e+11 4.19441e+11 4.542e+11 3.66086e+11 3.32079e+11 3.14818e+11 4.21793e+11 4.85095e+11 3.67064e+11 3.0717e+11 2.8323e+11 2.77501e+11 2.4525e+11 1.94476e+11 2.90341e+11 1.82073e+11 1.71564e+11
threshold=18678800.000000004 1.0000000180025095e-35 3207800.0000000005 14005000.000000002 8806175.0000000019 10116871.428571431 11589428.571428573 10752235.000000002 4371750.0000000009 2478550.0000000005 5896986.0714285728 7195261.0714285718 7001700.0000000009 5.5000000000000009 7972730.9523809534 9673050.0000000019 11856175.000000002 6358571.42857143 5767650.0000000009 8558855.0000000019 8045782.1428571437 6369800.0000000009 10189250.000000002 9075200.0000000019 9340085.0000000019 7804964.2857142864 6492750.0000000009 6928979.2857142864 3817075.0000000005 7453500.0000000009
decision_type=2 2 2 2 2 2 2 2 2 2 2 2 2 2 2 2 2 2 2 2 2 2 2 2 2 2 2 2 2 2
left_child=1 2 -1 5 -5 8 7 -7 9 29 -10 28 13 17 22 16 -16 -12 21 20 25 -19 23 24 26 -20 -14 -28 -11 -4
right_child=-2 -3 3 4 -6 6 -8 -9 10 11 12 -13 14 -15 15 -17 -18 18 19 -21 -22 -23 -24 -25 -26 -27 27 -29 -30 -31
leaf_value=34033.87743252841 20946.615771484376 -21457.215468750001 1981.0962072035841 1171.5705255681814 -13796.524302455358 3153.4997843424471 -2936.4244921875002 22370.348046875002 7927.6456990559891 -1384.8449999999996 4544.2997789884867 12753.002280560662 2218.5069580078125 -13624.082741477274 -1257.9524944196428 10371.976310649672 9589.6559912109369 -13353.359277343749 216.38218328302557 -9306.4380258413476 10129.840278764204 -1226.4971171061197 -7742.9399291992195 7732.9876562499994 6061.0753320312506 -8458.1307763671884 -11802.840110085224 -1689.5235156250001 8156.4552636718763 -6272.4559179687503
leaf_weight=10.999999999999998 11.999999999999998 14.999999999999998 17.000000000000004 11.000000000000002 13.999999999999998 12.000000000000002 14.999999999999998 10.999999999999998 11.999999999999998 10.000000000000002 19 17 11.999999999999998 10.999999999999998 35 19 9.9999999999999982 13.000000000000002 44 12.999999999999998 10.999999999999998 11.999999999999998 15.999999999999998 9.9999999999999982 9.9999999999999982 9.9999999999999982 11.000000000000002 20 9.9999999999999982 9.9999999999999982
leaf_count=11 12 15 17 11 14 12 15 11 12 10 19 17 12 11 35 19 10 13 44 13 11 12 16 10 10 10 11 20 10 10
internal_value=1111.75 572.022 1347.7 481.319 -7210.56 974.388 6312.35 12344.2 398.13 3991.74 -400.449 7689.65 -762.54 -2529.71 881.047 3889.62 1152.63 -1529.39 -2649.78 -1084.82 559.504 -7532.47 -1556.28 14.9365 -1441.3 -1390.01 -3186.04 -5278.12 3385.81 -1075.77
internal_weight=453 441 426 415 25 390 38 23 352 64 288 37 276 133 143 64 45 122 103 78 65 25 79 63 53 54 43 31 20 27
internal_count=453 441 426 415 25 390 38 23 352 64 288 37 276 133 143 64 45 122 103 78 65 25 79 63 53 54 43 31 20 27
is_linear=0
shrinkage=0.05


Tree=248
num_leaves=31
num_cat=0
split_feature=7 7 2 4 5 7 0 5 7 2 2 9 11 2 2 2 6 5 9 0 9 2 10 2 7 6 9 10 2 5
split_gain=1.84228e+12 1.09111e+13 5.32645e+12 3.26615e+12 1.06854e+12 7.70122e+11 8.471e+11 1.06119e+12 1.16037e+12 1.55748e+12 9.98421e+11 2.16058e+12 7.8369e+11 7.23004e+11 1.6711e+12 7.64599e+11 5.36503e+11 5.31121e+11 6.1979e+11 4.95431e+11 4.44752e+11 4.15384e+11 3.81498e+11 3.59585e+11 3.41825e+11 3.0985e+11 4.19125e+11 2.30579e+11 2.16012e+11 2.14709e+11
threshold=6051000.0000000009 6243000.0000000009 30.500000000000004 1.0000000180025095e-35 3341800.0000000005 6457500.0000000009 1.0000000180025095e-35 10384350.000000002 7039250.0000000009 150.50000000000003 334.50000000000006 9559564.2857142892 6923072.3333333349 339.50000000000006 316.50000000000006 275.50000000000006 13497000.000000002 5559700.0000000009 6395544.2857142864 5.5000000000000009 7339892.8571428582 263.50000000000006 7195261.0714285718 328.50000000000006 10166750.000000002 9896300.0000000019 6674392.1428571437 7306241.7857142864 203.50000000000003 7662375.0000000009
decision_type=2 2 2 2 2 2 2 2 2 2 2 2 2 2 2 2 2 2 2 2 2 2 2 2 2 2 2 2 2 2
left_child=2 -2 -1 4 -3 -6 20 8 9 -8 11 -9 21 14 15 17 19 18 -4 23 -7 -10 -17 27 -21 26 -19 28 -14 -29
right_child=1 3 13 -5 5 6 7 10 12 -11 -12 -13 16 -15 -16 22 -18 25 -20 24 -22 -23 -24 -25 -26 -27 -28 29 -30 -31
leaf_value=-38564.442890625003 46501.195884486609 -16024.593935546876 -15350.281804547993 24790.80697544643 -12958.978585205079 -491.20731670673069 -2636.5660156249996 2484.440023643092 -13578.083111931293 23410.453662109376 -4567.9552539062497 28370.829631696426 1038.3700106534088 11454.248401988638 -20567.805593039775 2543.6658463541662 -9951.5069779829555 5042.5407534950664 -1633.4800453186035 424.85487530048067 -13334.464905439105 -735.49578125000005 15151.502500000001 11773.934667968751 -11871.152578125002 8032.3451526988638 -3941.021945264863 2534.4067294650613 10558.590024038462 -4153.726244439019
leaf_weight=9.9999999999999982 13.999999999999998 9.9999999999999982 13.999999999999998 13.999999999999998 9.9999999999999982 13.000000000000002 11.000000000000002 19 17.000000000000004 11.999999999999998 9.9999999999999982 13.999999999999998 11.000000000000002 10.999999999999998 10.999999999999998 15.000000000000002 10.999999999999998 19 20 13.000000000000002 13.999999999999998 9.9999999999999982 9.9999999999999982 10.999999999999998 9.9999999999999982 10.999999999999998 41 36 12.999999999999998 18
leaf_count=10 14 10 14 14 10 13 11 19 17 12 10 14 11 11 11 15 11 19 20 13 14 10 10 11 10 11 41 36 13 18
internal_value=1056.16 3435.24 -3217.38 1258.62 5.95796 639.577 1199.19 2242.92 495.69 10953.2 9272.47 13466.5 -1107.79 -891.911 -1855.09 -271.703 585.476 -2142.77 -7281.57 1620.36 -7150.67 -8821.57 7586.8 3310.88 -4921.24 318.059 -1096.23 2117.38 6195.16 305.029
internal_weight=453 291 162 277 263 253 243 216 173 23 43 33 150 152 141 130 123 105 34 112 27 27 25 89 23 71 60 78 24 54
internal_count=453 291 162 277 263 253 243 216 173 23 43 33 150 152 141 130 123 105 34 112 27 27 25 89 23 71 60 78 24 54
is_linear=0
shrinkage=0.05


Tree=249
num_leaves=31
num_cat=0
split_feature=5 4 1 7 5 7 5 2 10 7 11 6 2 11 10 10 7 6 10 11 10 11 11 7 7 9 10 10 5 10
split_gain=1.68516e+12 2.88075e+12 4.80919e+12 1.14539e+13 2.22939e+12 4.99533e+11 4.25538e+11 4.02833e+11 3.13869e+11 2.71131e+11 1.84012e+11 4.60448e+11 2.33856e+11 5.2611e+11 9.52166e+11 5.63985e+11 1.03969e+12 3.97612e+11 2.8265e+11 1.43387e+12 2.67387e+11 3.113e+11 2.18108e+11 2.37949e+11 6.45113e+11 1.97431e+11 1.97681e+11 1.74079e+11 3.43458e+11 2.11301e+11
threshold=18678800.000000004 1.0000000180025095e-35 1.5000000000000002 6405800.0000000009 3280000.0000000005 14005000.000000002 10330575.000000002 354.50000000000006 5896986.0714285728 12440250.000000002 6280299.0000000009 6812825.0000000009 197.50000000000003 8611004.333333334 9518564.2857142873 9901201.7857142873 7662375.0000000009 7651000.0000000009 8877895.3571428601 7742565.0000000009 6592257.1428571437 8280714.166666667 7794323.3333333349 5014550.0000000009 6500200.0000000009 8387850.0000000009 6950032.8571428582 7217052.1428571437 5803250.0000000009 7449907.8571428582
decision_type=2 2 2 2 2 2 2 2 2 2 2 2 2 2 2 2 2 2 2 2 2 2 2 2 2 2 2 2 2 2
left_child=1 2 3 -1 -4 7 -7 8 -6 10 11 -10 20 18 17 -16 -17 -15 19 27 -12 22 23 -22 -25 26 -26 28 -14 -29
right_child=-2 -3 4 -5 5 6 -8 -9 9 -11 12 -13 13 14 15 16 -18 -19 -20 -21 21 -23 -24 24 25 -27 -28 29 -30 -31
leaf_value=64228.252499999981 19490.522786458336 -21035.590260416669 -23486.223730468751 -1881.8998252467109 8161.7708759014422 -288.04616921164762 -14539.275546875 9499.2182391826918 -9152.1509191176447 6817.7785937500003 3938.2474353027342 3640.0224975585938 9006.8515522203943 -18230.667734374994 11810.857066761364 7282.3587158203118 -11375.384905133929 -4130.8174609375001 -2205.5398003472224 18805.543854166666 2159.6772693452381 6003.2196093749999 -10256.758671875001 -11972.514757622614 2004.1683733258928 5439.4889843750007 -5742.4652697753909 -6240.344262695311 520.13006591796875 2536.7144515991213
leaf_weight=10.000000000000002 11.999999999999998 14.999999999999998 9.9999999999999982 19 12.999999999999998 11.000000000000002 9.9999999999999982 12.999999999999998 17.000000000000004 14.999999999999998 20 11.999999999999998 19 10.000000000000002 10.999999999999998 16.000000000000004 13.999999999999998 9.9999999999999982 18 14.999999999999998 21 9.9999999999999982 9.9999999999999982 18 13.999999999999998 9.9999999999999982 20 12.000000000000002 32 15.999999999999998
leaf_count=10 12 15 10 19 13 11 10 13 17 15 20 12 19 10 11 16 14 10 18 15 21 10 10 18 14 10 20 12 32 16
internal_value=1003.35 500.299 1258.6 20914.7 -177.231 425.068 -7074.35 855.363 537.034 245.5 -57.8364 -3858.84 314.559 1499.58 -2236.61 2126.38 -1424.59 -11180.7 3534.47 4633.63 -1352.18 -2379.45 -3280.81 -2440.34 -3998.41 -736.274 -2552.67 1942.75 3681.85 -1224.88
internal_weight=453 441 426 29 397 387 21 366 353 340 325 29 296 173 61 41 30 20 112 94 123 103 93 83 62 44 34 79 51 28
internal_count=453 441 426 29 397 387 21 366 353 340 325 29 296 173 61 41 30 20 112 94 123 103 93 83 62 44 34 79 51 28
is_linear=0
shrinkage=0.05


Tree=250
num_leaves=31
num_cat=0
split_feature=5 5 1 7 11 11 11 10 9 9 7 7 2 8 2 0 10 6 6 6 10 11 11 10 11 8 7 6 8 10
split_gain=4.00187e+12 2.81288e+12 2.07867e+12 1.65338e+12 1.19927e+12 1.30058e+12 7.78393e+11 2.15524e+12 4.11815e+11 2.17809e+12 1.07546e+12 2.31367e+12 2.98421e+11 3.1031e+11 3.18409e+11 3.08101e+11 2.87952e+11 2.77237e+11 2.55896e+11 4.57003e+11 4.17177e+11 4.15263e+11 4.11917e+11 2.31645e+11 4.69697e+11 2.29879e+11 2.28388e+11 1.96158e+11 3.01819e+11 6.45617e+11
threshold=3207800.0000000005 18678800.000000004 1.5000000000000002 7995510.0000000009 11904506.500000002 11566941.833333334 9832098.333333334 11723926.428571431 6226628.5714285718 6097747.8571428582 7567500.0000000009 5767650.0000000009 199.50000000000003 3904000.0000000005 138.50000000000003 1.5000000000000002 7638436.538461539 7453500.0000000009 10437500.000000002 5838300.0000000009 9670582.1428571437 6943682.3333333349 8014715.3333333349 6773462.8571428582 7407550.3333333349 7001700.0000000009 6431300.0000000009 9340085.0000000019 8066500.0000000009 8398294.6428571437
decision_type=2 2 2 2 2 2 2 2 2 2 2 2 2 2 2 2 2 2 2 2 2 2 2 2 2 2 2 2 2 2
left_child=-1 2 3 -2 5 6 8 -8 9 10 11 -4 13 16 15 17 -10 -15 19 22 21 -21 26 -17 -25 -20 -14 28 -23 -30
right_child=1 -3 4 -5 -6 -7 7 -9 12 -11 -12 -13 18 14 -16 23 -18 -19 25 20 -22 27 -24 24 -26 -27 -28 -29 29 -31
leaf_value=29765.049183238636 -25854.545078124997 22150.612770432694 -3889.9521484375 -2748.1597534179691 -16769.803426846593 15519.839122596153 -25567.359499289767 4504.19140625 8904.6672167968718 25100.009880371097 -9843.2187243009885 25115.816835937501 -1841.9904357910154 8946.6706054687475 -8659.6903151292063 2043.7803444602273 -3094.3331640625001 -2826.9735546874999 463.73247931985298 -1214.1235529119319 -4937.525360576924 8875.3183213975699 3687.4079733455883 -12674.477702331544 -1303.1804803757441 -8028.549921875001 -10429.795794270834 12241.848625300481 -6833.2336344401019 10368.735170898439
leaf_weight=10.999999999999998 15.000000000000002 12.999999999999998 22 15.999999999999998 10.999999999999998 12.999999999999998 11.000000000000002 12.999999999999998 10.000000000000002 9.9999999999999982 19 9.9999999999999982 16.000000000000004 10.000000000000002 26 10.999999999999998 9.9999999999999982 9.9999999999999982 17 22 12.999999999999998 27 17 15.999999999999998 21 14.999999999999998 14.999999999999998 12.999999999999998 12.000000000000002 9.9999999999999982
leaf_count=11 15 13 22 16 11 13 11 13 10 10 19 10 16 10 26 11 10 10 17 22 13 27 17 16 21 15 15 13 12 10
internal_value=-26.356 -764.431 -1455.6 -13928.7 -488.942 -28.5576 -566.135 -9278.6 27.8968 3763.25 -420.43 5174.35 -755.115 -2750.25 -3953.53 -2154.12 2905.17 3059.85 529.887 1423 3397.6 4687.56 -2567.35 -4326.6 -6220.5 -3517.02 -5997.38 6781.71 5333.1 985.843
internal_weight=455 444 431 31 400 389 376 24 352 61 51 32 291 114 94 68 20 20 177 145 97 84 48 48 37 32 31 62 49 22
internal_count=455 444 431 31 400 389 376 24 352 61 51 32 291 114 94 68 20 20 177 145 97 84 48 48 37 32 31 62 49 22
is_linear=0
shrinkage=0.05


Tree=251
num_leaves=31
num_cat=0
split_feature=5 5 1 7 11 11 11 7 6 9 7 2 2 9 10 2 6 5 0 1 6 9 6 2 11 11 2 5 1 10
split_gain=3.61169e+12 2.53862e+12 1.876e+12 1.49218e+12 1.08234e+12 1.17377e+12 7.3645e+11 5.81594e+11 1.13826e+12 7.82968e+11 6.81068e+11 4.01536e+11 7.73432e+11 6.1303e+11 4.31989e+11 3.65292e+11 2.44166e+11 4.61411e+11 2.38504e+11 6.78765e+11 4.74301e+11 3.83944e+11 3.11922e+11 3.21146e+11 2.97115e+11 3.29818e+11 3.40185e+11 3.51517e+11 4.18958e+11 2.48989e+11
threshold=3207800.0000000005 18678800.000000004 1.5000000000000002 7995510.0000000009 11904506.500000002 11566941.833333334 11250280.666666668 12001950.000000002 8806175.0000000019 7641240.7142857155 10727235.000000002 295.50000000000006 289.50000000000006 6333985.7142857155 5896986.0714285728 345.50000000000006 11343035.000000002 8901550.0000000019 1.5000000000000002 8.5000000000000018 6369800.0000000009 7833676.42857143 3452535.0000000005 239.50000000000003 8611004.333333334 6789458.8333333349 87.500000000000014 6754300.0000000009 7.5000000000000009 7489605.3571428582
decision_type=2 2 2 2 2 2 2 2 2 2 2 2 2 2 2 2 2 2 2 2 2 2 2 2 2 2 2 2 2 2
left_child=-1 2 3 -2 5 6 7 10 9 -9 11 12 14 -13 -4 16 17 -15 19 21 22 29 -20 -24 25 -22 -27 -28 -29 -16
right_child=1 -3 4 -5 -6 -7 -8 8 -10 -11 -12 13 -14 15 18 -17 -18 -19 20 -21 24 -23 23 -25 -26 26 27 28 -30 -31
leaf_value=28276.796821732954 -24561.817382812496 21043.082451923081 9839.724843750002 -2610.752008056641 -15931.312881747159 14743.847175480769 -13284.527965198866 -9829.4149609374927 -20596.766029052735 9956.5397070312501 10856.503841145834 14962.622255859376 -14522.953125 -5011.8020507812489 -1405.4710797991072 -6202.3088456471769 9355.6448617788465 9050.4766992187506 1958.6350341796876 9465.6382568359386 -3751.5298614501953 -8443.659825788227 -4766.1682140149569 -14148.789274088542 -6546.3537388392861 -5426.5651171874997 432.86710385923038 3800.8964843749995 16062.369921875001 7202.8966389973957
leaf_weight=10.999999999999998 15.000000000000002 12.999999999999998 9.9999999999999982 15.999999999999998 10.999999999999998 12.999999999999998 10.999999999999998 10.000000000000005 9.9999999999999982 9.9999999999999982 14.999999999999998 9.9999999999999982 9.9999999999999982 14.000000000000002 28 11.999999999999998 12.999999999999998 9.9999999999999982 11.999999999999998 20 24 13.999999999999998 38 11.999999999999998 13.999999999999998 9.9999999999999982 27 19.000000000000004 10.999999999999998 11.999999999999998
leaf_count=11 15 13 10 16 11 13 11 10 10 10 15 10 10 14 28 12 13 10 12 20 24 14 38 12 14 10 27 19 11 12
internal_value=-25.0381 -726.21 -1382.82 -13232.2 -464.495 -27.1297 -537.828 -153.681 -6823.21 63.5624 443.59 -44.515 -886.614 3680.7 -343.333 1378.27 3836.84 847.481 -765.867 1597.07 -1812.92 -1317.22 -5280.58 -7018 234.659 1277.89 3079.48 4571.76 8296.77 1177.04
internal_weight=455 444 431 31 400 389 376 365 30 20 335 320 261 59 251 49 37 24 241 74 167 54 62 50 105 91 67 57 30 40
internal_count=455 444 431 31 400 389 376 365 30 20 335 320 261 59 251 49 37 24 241 74 167 54 62 50 105 91 67 57 30 40
is_linear=0
shrinkage=0.05


Tree=252
num_leaves=31
num_cat=0
split_feature=5 5 1 8 11 11 6 7 8 9 10 7 0 2 10 0 0 7 6 11 9 9 5 9 2 8 8 6 5 5
split_gain=3.25955e+12 2.2911e+12 1.69309e+12 1.63091e+12 9.76815e+11 1.05933e+12 6.88987e+11 2.08244e+12 5.90462e+11 5.73009e+11 5.47443e+11 8.6825e+11 1.03544e+12 8.92714e+11 6.41057e+11 6.19131e+11 4.40302e+11 4.63574e+11 4.36418e+11 3.91188e+11 3.89315e+11 3.85996e+11 3.55406e+11 3.10891e+11 3.01347e+11 3.31935e+11 3.19648e+11 2.96803e+11 2.83871e+11 2.50536e+11
threshold=3207800.0000000005 18678800.000000004 1.5000000000000002 7545000.0000000009 11904506.500000002 11566941.833333334 10330575.000000002 10459500.000000002 4876250.0000000009 10065485.714285716 7306241.7857142864 10166750.000000002 5.5000000000000009 209.50000000000003 5835603.5714285718 1.5000000000000002 3.5000000000000004 6575025.0000000009 3685250.0000000005 8989845.0000000019 8193714.2857142864 11082285.714285716 6754300.0000000009 8387850.0000000009 199.50000000000003 4371750.0000000009 5640500.0000000009 6609500.0000000009 6812825.0000000009 5803250.0000000009
decision_type=2 2 2 2 2 2 2 2 2 2 2 2 2 2 2 2 2 2 2 2 2 2 2 2 2 2 2 2 2 2
left_child=-1 2 3 -2 5 6 9 8 -8 10 11 12 14 -14 -4 22 23 -18 -16 -11 -19 -10 -12 28 -20 -26 -27 -24 -17 -28
right_child=1 -3 4 -5 -6 -7 7 -9 21 19 15 -13 13 -15 18 16 17 20 24 -21 -22 -23 27 -25 25 26 29 -29 -30 -31
leaf_value=26862.95635653409 66.989104352678552 19990.928635817309 -12506.435404829546 -22978.069353170955 -15134.747255082566 14006.654507211539 10402.856093750001 -22281.278962053573 -6589.1051721643526 934.42442626953095 7853.3231272977937 14161.347521033655 21817.646874999991 1176.227077969638 8402.0472726004464 -17937.294759114578 6108.4962815504805 -816.27833007812501 -4281.658224632627 14324.515820312501 -12208.012353515625 3897.5745492788465 3130.8096093749991 -2601.0740071614582 9536.5587707519535 -7577.5129231770834 6358.6037367876843 -7682.2479178688736 -7272.8522911658656 -1508.8631269531252
leaf_weight=10.999999999999998 14.000000000000002 12.999999999999998 10.999999999999998 17 10.999999999999998 12.999999999999998 9.9999999999999982 13.999999999999998 27 10.000000000000002 17 12.999999999999998 10.000000000000002 10.999999999999998 13.999999999999998 12.000000000000002 12.999999999999998 20 42 11.999999999999998 11.999999999999998 12.999999999999998 15.000000000000002 11.999999999999998 9.9999999999999982 11.999999999999998 17 10.999999999999998 12.999999999999998 25
leaf_count=11 14 13 11 17 11 13 10 14 27 10 17 13 10 11 14 12 13 20 42 12 12 13 15 12 10 12 17 11 13 25
internal_value=-23.7863 -689.899 -1313.68 -12570.6 -441.27 -25.7733 -510.937 -5236.67 -464.176 458.444 -131.738 1759.1 698.377 11005.5 -953.906 -2627.64 -5175.84 -1853.58 105.076 8238.11 -5088.18 -3180.93 2231.72 -9216.42 -990.75 1168.91 -380.657 -1443.95 -12391.8 1675.59
internal_weight=455 444 431 31 400 389 376 64 50 312 290 165 152 21 131 125 82 45 120 22 32 40 43 37 106 64 54 26 25 42
internal_count=455 444 431 31 400 389 376 64 50 312 290 165 152 21 131 125 82 45 120 22 32 40 43 37 106 64 54 26 25 42
is_linear=0
shrinkage=0.05


Tree=253
num_leaves=31
num_cat=0
split_feature=5 5 1 8 11 11 11 9 9 5 6 9 11 11 9 6 8 6 9 10 2 2 9 8 11 5 5 10 5 10
split_gain=2.94174e+12 2.06772e+12 1.52801e+12 1.4719e+12 8.81575e+11 9.56044e+11 6.34261e+11 3.80241e+11 1.92743e+12 8.08838e+11 5.08743e+11 4.99757e+11 8.19041e+11 5.69912e+11 6.71484e+11 3.08437e+11 2.83836e+11 2.84879e+11 2.87284e+11 3.28246e+11 2.38394e+11 4.68002e+11 5.39923e+11 2.64093e+11 2.39973e+11 4.70576e+11 3.86271e+11 2.24734e+11 3.93818e+11 2.1177e+11
threshold=3207800.0000000005 18678800.000000004 1.5000000000000002 7545000.0000000009 11904506.500000002 11566941.833333334 11250280.666666668 6226628.5714285718 6097747.8571428582 6847850.0000000009 5559700.0000000009 10065485.714285716 9549381.6666666698 8697258.333333334 10797824.285714287 13249685.000000002 13279250.000000002 5803250.0000000009 6452928.5714285718 8450095.0000000019 199.50000000000003 185.50000000000003 6774835.7142857155 5803250.0000000009 8621354.1666666679 7651000.0000000009 9954500.0000000019 7177298.92857143 7567500.0000000009 6644417.5000000009
decision_type=2 2 2 2 2 2 2 2 2 2 2 2 2 2 2 2 2 2 2 2 2 2 2 2 2 2 2 2 2 2
left_child=-1 2 3 -2 5 6 7 8 9 10 -4 12 15 -13 -15 16 17 18 -9 -20 21 22 -19 -24 26 -26 27 28 29 -22
right_child=1 -3 4 -5 -6 -7 -8 11 -10 -11 -12 13 -14 14 -16 -17 -18 20 19 -21 24 -23 23 -25 25 -27 -28 -29 -30 -31
leaf_value=25519.808025568185 63.639746093749991 18991.381730769233 782.54755626860117 -21829.165866268384 -14378.009801136366 13306.321935096154 -12314.724414062501 -10304.132925180289 23545.269111328125 9774.7214976719461 -11051.962741088868 -3212.7281656901046 -15666.370488281253 18303.053586647722 1517.8911207932692 -9686.3374218750014 7522.2810156249998 -7646.7558203125 -631.08219386509495 -10078.580646306818 2760.2341357421865 -10299.988860212055 10596.446406249997 724.10947730654766 4149.3143821022713 -10837.11970703125 11280.111022949219 -1629.3366178385418 -3832.8624218750006 12612.195850626629
leaf_weight=10.999999999999998 14.000000000000002 12.999999999999998 21 17 10.999999999999998 12.999999999999998 10.999999999999998 12.999999999999998 9.9999999999999982 13.999999999999998 15.999999999999998 14.999999999999998 9.9999999999999982 11.000000000000002 12.999999999999998 9.9999999999999982 9.9999999999999982 14.999999999999998 56 10.999999999999998 10.000000000000002 13.999999999999998 10.000000000000002 21 11.000000000000002 9.9999999999999982 11.999999999999998 30 9.9999999999999982 11.999999999999998
leaf_count=11 14 13 21 17 11 13 11 13 10 14 16 15 10 11 13 10 10 15 56 11 10 14 10 21 11 10 12 30 10 12
internal_value=-22.5969 -655.404 -1248 -11942.1 -419.206 -24.4845 -485.39 -128.89 3473.79 -461.8 -4335.08 -851.795 -1629.51 4432.7 9211.09 -1079.05 -727.73 -1078.79 -3501.98 -2182.16 171.885 -2295.51 140.64 3908.73 1730.24 -2987.08 3068.94 1479.68 4394.38 8134.03
internal_weight=455 444 431 31 400 389 376 365 61 51 37 304 265 39 24 255 245 235 80 67 155 60 46 31 95 21 74 62 32 22
internal_count=455 444 431 31 400 389 376 365 61 51 37 304 265 39 24 255 245 235 80 67 155 60 46 31 95 21 74 62 32 22
is_linear=0
shrinkage=0.05


Tree=254
num_leaves=31
num_cat=0
split_feature=5 5 5 9 11 0 11 6 7 7 1 10 8 8 8 1 6 6 6 0 5 5 8 1 11 6 7 11 0 11
split_gain=2.65492e+12 1.86612e+12 1.50423e+12 1.36511e+12 1.97733e+12 1.38943e+12 1.17257e+12 7.17873e+11 4.1806e+11 7.2766e+11 4.31577e+11 6.53292e+11 4.53835e+11 4.24835e+11 6.24702e+11 4.13492e+11 5.05779e+11 3.75773e+11 6.40144e+11 5.8794e+11 3.76842e+11 3.544e+11 3.40083e+11 3.6299e+11 3.81227e+11 2.88215e+11 2.84538e+11 2.79117e+11 2.22655e+11 1.89299e+11
threshold=3207800.0000000005 18678800.000000004 13917500.000000002 12333087.142857146 11566941.833333334 3.5000000000000004 9832098.333333334 7662375.0000000009 12001950.000000002 10727235.000000002 5.5000000000000009 5896986.0714285728 4832500.0000000009 4405000.0000000009 2687250.0000000005 6.5000000000000009 3817075.0000000005 7001700.0000000009 10330575.000000002 1.5000000000000002 6243000.0000000009 5580500.0000000009 5457485.0000000009 1.5000000000000002 6871719.6666666679 7453500.0000000009 7596300.0000000009 8191310.166666667 3.5000000000000004 8319948.3333333349
decision_type=2 2 2 2 2 2 2 2 2 2 2 2 2 2 2 2 2 2 2 2 2 2 2 2 2 2 2 2 2 2
left_child=-1 2 3 4 6 -6 8 -4 9 10 12 -12 -2 14 -13 -15 -17 19 26 20 -18 -16 -14 -24 -25 -26 -19 -10 -21 -20
right_child=1 -3 7 -5 5 -7 -8 -9 27 -11 11 13 22 15 21 16 17 18 29 28 -22 -23 23 24 25 -27 -28 -29 -30 -31
leaf_value=24243.816441761366 -11780.286989182692 18041.812049278848 -23051.708772971408 -17893.150994318185 28297.432900390617 3062.1356079101565 -13341.483783637153 -4541.6842578124997 -11965.874511718748 11369.724611990794 12270.365157063803 -1288.3792877197266 6455.8445134943186 -8845.2505013020836 3514.5754216974419 10182.235324928979 7612.2564005533832 1906.5729511982686 -916.15528846153836 -14128.625405649036 -3705.5752261513162 15708.804371995195 -10543.693013822116 -8163.0302408854177 4736.7228678385418 -3506.1730211759868 9721.2678653492658 -1573.9737374441966 -5041.3824532645094 -9448.8857947716351
leaf_weight=10.999999999999998 12.999999999999998 12.999999999999998 11.000000000000002 10.999999999999998 10.000000000000002 11.999999999999998 18 9.9999999999999982 12.000000000000002 13.999999999999998 11.999999999999998 24 10.999999999999998 14.999999999999998 11.000000000000002 10.999999999999998 12.000000000000002 37 13.000000000000002 13.000000000000002 19 12.999999999999998 12.999999999999998 14.999999999999998 24 19 17 13.999999999999998 13.999999999999998 12.999999999999998
leaf_count=11 13 13 11 11 10 12 18 10 12 14 12 24 11 15 11 11 12 37 13 13 19 13 13 15 24 19 17 14 14 13
internal_value=-21.4672 -622.634 -1185.6 -517.091 -38.0521 14532.7 -888.336 -14237.4 -263.944 212.823 -276.822 920.861 -3100.83 278.436 4415.7 -932.471 -135.883 -958.341 1263.24 -4022.59 675.521 10119.8 -1724.82 -2992.25 -1299.68 1094.51 4366.75 -6370.24 -9416.72 -5182.52
internal_weight=455 444 431 410 399 22 377 21 359 333 319 224 95 212 48 164 149 138 80 58 31 24 82 71 58 43 54 26 27 26
internal_count=455 444 431 410 399 22 377 21 359 333 319 224 95 212 48 164 149 138 80 58 31 24 82 71 58 43 54 26 27 26
is_linear=0
shrinkage=0.05


Tree=255
num_leaves=31
num_cat=0
split_feature=5 1 2 5 10 11 5 9 8 2 9 9 6 11 7 6 5 6 2 10 5 7 6 0 9 8 9 7 11 6
split_gain=3.06112e+12 1.86297e+12 1.0618e+13 4.46067e+12 9.47387e+11 1.5145e+12 2.03554e+12 8.968e+11 6.33314e+11 2.1957e+12 5.48057e+11 4.99431e+11 5.14222e+11 1.38281e+12 5.913e+11 4.78099e+11 4.583e+11 4.63388e+11 4.17995e+11 4.0368e+11 3.84162e+11 3.86324e+11 5.6519e+11 4.87071e+11 3.66286e+11 2.78463e+11 2.7168e+11 2.47534e+11 3.77231e+11 1.96385e+11
threshold=17430950.000000004 1.5000000000000002 18.500000000000004 3207800.0000000005 12744850.000000002 11566941.833333334 14341000.000000002 8852812.1428571437 10125000.000000002 328.50000000000006 8387850.0000000009 7814531.4285714291 3817075.0000000005 6923072.3333333349 10727235.000000002 14341000.000000002 10784000.000000002 11568950.000000002 207.50000000000003 5896986.0714285728 5142500.0000000009 4202500.0000000009 6243000.0000000009 1.5000000000000002 9368578.5714285728 6905000.0000000009 6744300.0000000009 8886050.0000000019 7372632.8333333349 8418000.0000000019
decision_type=2 2 2 2 2 2 2 2 2 2 2 2 2 2 2 2 2 2 2 2 2 2 2 2 2 2 2 2 2 2
left_child=1 2 7 -3 5 6 8 -1 10 24 11 12 13 -5 19 16 17 25 -13 -14 -21 -22 23 -23 29 -12 -25 28 -24 -10
right_child=-2 3 -4 4 -6 -7 -8 -9 9 -11 15 18 14 -15 -16 -17 -18 -19 -20 20 21 22 27 26 -26 -27 -28 -29 -30 -31
leaf_value=2455.0654378255199 -21223.73610839844 -31278.619531250002 55377.31105468751 -4675.8491210937491 -12835.44130859375 17574.209299468996 23073.927265625 -17818.88771484375 133.68042236328125 -25927.059765625003 -3821.9365304129456 -12360.71743861607 10185.957226562501 21618.765527343752 -8855.3563735064345 -3464.4409555288462 14995.978118024555 13731.31884765625 -530.52136688232429 4040.0549247105919 6820.8131986177896 -859.99683227539072 -3945.2915242513027 -18391.739265136712 7052.2856820913476 5982.9632031250003 -6736.6897851562508 6336.248018973215 5492.318518880209 -7957.160725911458
leaf_weight=12.000000000000002 15.999999999999998 10.999999999999998 9.9999999999999982 10.000000000000002 11.999999999999998 13.999999999999998 9.9999999999999982 9.9999999999999982 20 9.9999999999999982 14.000000000000002 14.000000000000002 10.999999999999998 9.9999999999999982 17 12.999999999999998 13.999999999999998 9.9999999999999982 15.999999999999998 48 12.999999999999998 15.999999999999998 36 10.000000000000002 12.999999999999998 14.999999999999998 9.9999999999999982 13.999999999999998 14.999999999999998 11.999999999999998
leaf_count=12 16 11 10 10 12 14 10 10 20 10 14 14 11 10 17 13 14 10 16 48 13 16 36 10 13 15 10 14 15 12
internal_value=259.238 1040.44 12657.7 129.283 999.527 1430.75 821.559 -6760.37 205.15 -4734.6 1093.01 -16.6418 845.449 8471.46 42.7115 5128.13 7235.74 4450.01 -6051.28 917.088 287.721 -1292.21 -2336.46 -7362.34 -25.169 1249.56 -12564.2 447.104 -1169.52 -2900.39
internal_weight=456 440 32 408 397 385 371 22 361 55 306 240 210 20 190 66 53 39 30 173 162 114 101 36 45 29 20 65 51 32
internal_count=456 440 32 408 397 385 371 22 361 55 306 240 210 20 190 66 53 39 30 173 162 114 101 36 45 29 20 65 51 32
is_linear=0
shrinkage=0.05


Tree=256
num_leaves=31
num_cat=0
split_feature=5 5 2 8 5 8 2 11 6 6 6 5 9 9 5 8 8 5 7 7 5 8 8 2 11 5 2 8 8 9
split_gain=2.76266e+12 2.02783e+12 1.144e+12 1.06923e+12 2.0631e+12 9.05315e+11 2.74285e+12 1.37788e+12 3.62335e+11 2.8704e+12 8.59274e+11 6.77798e+11 6.4295e+11 4.11677e+11 3.70005e+11 8.30583e+11 6.34113e+11 5.3804e+11 4.94403e+11 4.73345e+11 3.46768e+11 4.29158e+11 3.87455e+11 3.13091e+11 2.88166e+11 3.86808e+11 2.77351e+11 2.54789e+11 2.49541e+11 2.053e+11
threshold=17430950.000000004 3207800.0000000005 10.500000000000002 13906500.000000002 8998160.0000000019 10125000.000000002 331.50000000000006 11432317.833333334 5929500.0000000009 5708800.0000000009 5344000.0000000009 8901550.0000000019 6202457.1428571437 6248567.8571428582 7693150.0000000009 7445700.0000000009 7107500.0000000009 9467800.0000000019 9932500.0000000019 8886050.0000000019 6051000.0000000009 4062500.0000000005 4658000.0000000009 231.50000000000003 7017219.0000000009 6303000.0000000009 279.50000000000006 5580500.0000000009 10727235.000000002 7904312.1428571437
decision_type=2 2 2 2 2 2 2 2 2 2 2 2 2 2 2 2 2 2 2 2 2 2 2 2 2 2 2 2 2 2
left_child=1 -1 -3 5 -5 7 26 8 9 10 11 12 -4 27 16 17 20 29 -19 23 21 -15 -22 -18 -14 -26 28 -10 -7 -16
right_child=-2 2 3 4 -6 6 -8 -9 13 -11 -12 -13 24 14 15 -17 19 18 -20 -21 22 -23 -24 -25 25 -27 -28 -29 -30 -31
leaf_value=21260.139908854166 -20162.548498535158 -12697.408692932129 8209.7268554687507 -2323.4870157877599 28426.950957031251 4301.4232958984358 -26782.962434895831 18675.215784801137 -1282.6570536295569 28562.954140624999 -8522.1876999627984 12047.071801757813 -8422.4224430338545 11108.29589399858 -535.15437499999996 -10114.709361775716 -156.11744449013156 904.86764865451369 14770.940703125001 15420.497526041667 -11876.505823863637 -818.14136632283532 -801.65729370117197 10774.064143066407 6091.1837472098196 -5464.8048320515954 7232.5809481534088 -11386.074954927884 -5456.6309467516448 -9784.034296875001
leaf_weight=11.999999999999998 15.999999999999998 15.999999999999998 19 12.000000000000002 9.9999999999999982 10.000000000000002 11.999999999999998 10.999999999999998 12.000000000000002 9.9999999999999982 21 15.999999999999998 14.999999999999998 10.999999999999998 15.000000000000002 24 19.000000000000004 18.000000000000004 9.9999999999999982 11.999999999999998 10.999999999999998 24 28 9.9999999999999982 14.000000000000002 14.999999999999998 10.999999999999998 12.999999999999998 19 9.9999999999999982
leaf_count=12 16 16 19 12 10 10 12 11 12 10 21 16 15 11 15 24 19 18 10 12 11 24 28 10 14 15 11 13 19 10
internal_value=246.276 988.415 420.049 929.465 11654 324.492 -5817.29 1269.38 683.864 3021.54 467.402 2857.04 523.063 -501.135 284.712 -2397.71 2080.77 1096.78 5857.04 7068.79 -682.866 2930.17 -3925.33 3612.91 -2796.18 113.948 472.416 -6536.43 -2091.78 -4234.71
internal_weight=456 440 428 412 22 390 52 338 327 110 100 79 63 217 192 77 115 53 28 41 74 35 39 29 44 29 40 25 29 25
internal_count=456 440 428 412 22 390 52 338 327 110 100 79 63 217 192 77 115 53 28 41 74 35 39 29 44 29 40 25 29 25
is_linear=0
shrinkage=0.05


Tree=257
num_leaves=31
num_cat=0
split_feature=5 5 2 8 5 4 10 11 6 6 2 5 5 2 10 9 2 6 8 10 11 8 11 2 11 10 2 6 6 6
split_gain=2.4933e+12 1.83012e+12 1.03246e+12 9.6498e+11 1.86195e+12 9.52992e+11 3.13945e+11 7.3015e+11 3.22193e+11 2.61722e+12 4.50032e+11 6.9619e+11 6.5842e+11 5.15485e+11 4.35316e+11 4.38491e+11 4.2884e+11 3.69146e+11 3.49281e+11 3.22271e+11 3.18963e+11 2.83755e+11 4.00355e+11 4.14074e+11 3.23638e+11 6.22451e+11 4.55007e+11 4.47631e+11 3.54667e+11 2.83124e+11
threshold=17430950.000000004 3207800.0000000005 10.500000000000002 13906500.000000002 8998160.0000000019 1.0000000180025095e-35 12744850.000000002 11124899.166666668 5929500.0000000009 5708800.0000000009 187.50000000000003 8901550.0000000019 6108500.0000000009 261.50000000000006 10161300.000000002 6248567.8571428582 81.500000000000014 4739000.0000000009 8606400.0000000019 8029273.92857143 7243910.666666667 8822475.0000000019 7197213.0000000009 233.50000000000003 6943682.3333333349 6950032.8571428582 185.50000000000003 7740500.0000000009 7017600.0000000009 6683535.0000000009
decision_type=2 2 2 2 2 2 2 2 2 2 2 2 2 2 2 2 2 2 2 2 2 2 2 2 2 2 2 2 2 2
left_child=1 -1 -3 5 -5 6 7 8 9 10 18 12 13 -12 15 29 19 -14 20 -17 -4 24 -23 -24 25 -18 -26 28 -28 -10
right_child=-2 2 3 4 -6 -7 -8 -9 14 -11 11 -13 17 -15 -16 16 21 -19 -20 -21 -22 22 23 -25 26 -27 27 -29 -30 -31
leaf_value=20197.133138020836 -19154.421752929688 -12062.537947082521 3978.4346435546877 -2207.3125122070305 27005.603085937502 -14927.842343750001 -8032.6824218750007 12585.075751201925 -12798.193789062496 27134.806015625003 14516.098710937496 12470.065924479168 61.817643229166656 44.898689651489263 -10739.59822265625 312.92099609374992 1224.0118055555554 -12618.97118030895 -11755.343515625 -10415.390858677456 -5857.4312126608456 13327.510469193894 -4659.4991887019232 6694.9752139136908 8717.2686491313743 -14334.406679687501 -494.37121238708488 -2362.8585845411867 10974.651824079243 -2073.4902603149417
leaf_weight=11.999999999999998 15.999999999999998 15.999999999999998 15.999999999999998 12.000000000000002 9.9999999999999982 9.9999999999999982 9.9999999999999982 12.999999999999998 10.000000000000002 9.9999999999999982 10.000000000000002 14.999999999999998 12.000000000000002 15.999999999999998 9.9999999999999982 14.000000000000002 18.000000000000004 10.999999999999998 9.9999999999999982 13.999999999999998 17 10.999999999999998 12.999999999999998 21 19 9.9999999999999982 13.000000000000002 57 13.999999999999998 15.999999999999998
leaf_count=12 16 16 16 12 10 10 10 13 10 10 10 15 12 16 10 14 18 11 10 14 17 11 13 21 19 10 13 57 14 16
internal_value=233.962 938.995 399.047 882.992 11071.3 308.268 709.218 945.485 521.635 2672.96 386.81 3044.74 159.439 5610.74 -527.138 -83.118 696.278 -6002.91 -3569.18 -5051.23 -1088.53 1610.65 5036.08 2353.56 433.982 -4332.57 1729.74 149.23 5452.53 -6198.38
internal_weight=456 440 428 412 22 390 380 370 357 117 107 64 49 26 240 230 204 23 43 28 33 176 45 34 131 28 103 84 27 26
internal_count=456 440 428 412 22 390 380 370 357 117 107 64 49 26 240 230 204 23 43 28 33 176 45 34 131 28 103 84 27 26
is_linear=0
shrinkage=0.05


Tree=258
num_leaves=31
num_cat=0
split_feature=5 1 2 5 10 11 5 9 8 2 9 9 6 6 7 5 6 10 5 2 8 7 6 6 6 8 2 5 0 10
split_gain=2.25021e+12 1.89815e+12 9.25967e+12 4.56121e+12 8.1067e+11 1.22145e+12 1.71577e+12 7.59207e+11 5.77282e+11 1.87428e+12 4.84726e+11 4.24213e+11 4.2151e+11 4.1416e+11 6.46711e+11 4.0048e+11 4.15411e+11 3.35843e+11 3.64331e+11 3.23901e+11 2.99949e+11 3.96862e+11 3.71147e+11 4.71456e+11 3.2597e+11 3.73285e+11 2.8268e+11 6.20872e+11 2.39752e+11 2.20143e+11
threshold=17430950.000000004 1.5000000000000002 18.500000000000004 3207800.0000000005 12744850.000000002 11566941.833333334 14341000.000000002 8852812.1428571437 10125000.000000002 328.50000000000006 8387850.0000000009 7339892.8571428582 14341000.000000002 3817075.0000000005 10969500.000000002 10784000.000000002 11568950.000000002 5896986.0714285728 5100500.0000000009 269.50000000000006 8403800.0000000019 4832500.0000000009 6243000.0000000009 5014550.0000000009 8399300.0000000019 5538185.0000000009 191.50000000000003 6533000.0000000009 3.5000000000000004 7339648.92857143
decision_type=2 2 2 2 2 2 2 2 2 2 2 2 2 2 2 2 2 2 2 2 2 2 2 2 2 2 2 2 2 2
left_child=1 2 7 -3 5 6 8 -1 10 19 11 13 15 -5 17 16 28 -15 -19 -10 21 -20 23 -23 25 -24 27 -13 -12 -28
right_child=-2 3 -4 4 -6 -7 -8 -9 9 -11 12 26 -14 14 -16 -17 -18 18 20 -21 -22 22 24 -25 -26 -27 29 -29 -30 -31
leaf_value=2964.0074869791661 -18196.700781250001 -31787.552308238635 52512.098222656248 8171.0296630859375 -11945.508414713542 15748.984399414063 21134.053750000003 -15689.946572265626 -2494.2974609375001 -24157.951093750002 4944.9368681066171 769.01663411458321 -3287.3397536057696 9714.1979048295452 -10325.667080218976 14013.877091761999 12943.290859375002 4927.671572197808 5059.0150268554689 7709.1773046874996 6119.1662560096156 -1388.8771135602676 7926.1594596354153 -14146.802223307293 -6385.7724869791673 -4545.2258984375003 -7110.8834375000006 -14729.967139979773 -4285.7665608723964 1573.5536639178242
leaf_weight=12.000000000000002 15.999999999999998 10.999999999999998 9.9999999999999982 19 11.999999999999998 13.999999999999998 9.9999999999999982 9.9999999999999982 35 9.9999999999999982 17.000000000000004 12.000000000000002 12.999999999999998 10.999999999999998 12.999999999999998 13.999999999999998 9.9999999999999982 36 15.999999999999998 9.9999999999999982 12.999999999999998 14.000000000000002 15.000000000000002 14.999999999999998 14.999999999999998 9.9999999999999982 9.9999999999999982 13.999999999999998 11.999999999999998 27
leaf_count=12 16 11 10 19 12 14 10 10 35 10 17 12 13 11 13 14 10 36 16 10 13 14 15 15 15 10 10 14 12 27
internal_value=222.264 892.045 12618.4 -27.6712 852.325 1251.22 704.134 -5515.06 138.208 -4577.97 985.886 -57.6889 4780.7 1196.43 357.717 6759.66 4155.58 1315.54 626.096 -226.859 -954.075 -2035.87 -3681.05 -7987.8 -558.661 2937.61 -3581.18 -7576.59 1125.34 -773.591
internal_weight=456 440 32 408 397 385 371 22 361 55 306 240 66 177 158 53 39 145 134 45 98 85 69 29 40 25 63 26 29 37
internal_count=456 440 32 408 397 385 371 22 361 55 306 240 66 177 158 53 39 145 134 45 98 85 69 29 40 25 63 26 29 37
is_linear=0
shrinkage=0.05


Tree=259
num_leaves=31
num_cat=0
split_feature=5 5 5 8 9 8 10 11 2 9 11 7 2 2 10 11 11 10 9 5 8 2 10 6 9 0 0 6 8 1
split_gain=2.03081e+12 1.89141e+12 8.68782e+11 1.43161e+12 1.85009e+12 1.1222e+12 9.94513e+11 7.79474e+11 4.51334e+11 3.8385e+11 5.18946e+11 6.12641e+11 4.75933e+11 8.59894e+11 1.05196e+12 5.01237e+11 6.74679e+11 4.57707e+11 5.57559e+11 3.87062e+11 3.76413e+11 4.46949e+11 3.6298e+11 2.95531e+11 5.20241e+11 3.92745e+11 3.95588e+11 6.55915e+11 4.57665e+11 5.01785e+11
threshold=17430950.000000004 3207800.0000000005 6575025.0000000009 14941150.000000002 6148714.2857142864 10306825.000000002 12412492.85714286 11124899.166666668 33.500000000000007 6492750.0000000009 7163830.0000000009 7471500.0000000009 299.50000000000006 221.50000000000003 8877895.3571428601 7794323.3333333349 7332356.7222222229 10030665.000000002 10509450.000000002 8955000.0000000019 7274800.0000000009 185.50000000000003 5951671.0714285728 12335000.000000002 8852812.1428571437 1.5000000000000002 3.5000000000000004 5803250.0000000009 5898500.0000000009 7.5000000000000009
decision_type=2 2 2 2 2 2 2 2 2 2 2 2 2 2 2 2 2 2 2 2 2 2 2 2 2 2 2 2 2 2
left_child=1 -1 5 4 -4 8 7 9 -3 -6 11 19 13 15 -15 16 -12 18 -16 -11 21 -18 -10 24 25 -24 27 -27 29 -28
right_child=-2 2 3 -5 6 -7 -8 -9 22 10 12 -13 -14 14 17 -17 20 -19 -20 -21 -22 -23 23 -25 -26 26 28 -29 -30 -31
leaf_value=20425.402278645837 -17286.865429687499 -10894.963844992897 21344.022602982957 18369.407481971153 -7737.8960797991067 -14985.17899169922 -13662.151953125001 11401.952320772059 -9159.3379083806831 7762.2312662760396 -10198.767358398438 16159.818039772726 -7194.2653453480125 16300.470547485353 11071.100865885415 -9768.7313733552637 12954.296572641222 -6592.4909855769238 -4170.8294921875004 -5557.0573046874997 -4077.2784254807698 79.361397879464292 4937.2372362409324 -8018.7314648437505 9663.0480468750011 -12560.491701253255 -193.9419563802083 -144.04750976562499 -4454.7202662417758 13865.671990411933
leaf_weight=11.999999999999998 15.999999999999998 10.999999999999998 10.999999999999998 12.999999999999998 13.999999999999998 15.999999999999998 11.999999999999998 17 10.999999999999998 12.000000000000002 12.999999999999998 10.999999999999998 22 15.999999999999998 15.000000000000002 19 13.000000000000002 12.999999999999998 9.9999999999999982 9.9999999999999982 12.999999999999998 13.999999999999998 28 9.9999999999999982 14.999999999999998 18 15.000000000000002 26 19 10.999999999999998
leaf_count=12 16 11 11 13 14 16 12 17 11 12 13 11 22 16 15 19 13 13 10 10 13 14 28 10 15 18 15 26 19 11
internal_value=211.151 847.443 298.528 2217.7 1324.2 -2345.66 341.085 1133.72 -1112.54 238.542 855.504 6525.28 -408.703 776.078 5545.62 -2801.08 -303.239 1017.26 4974.33 1708.01 2912.81 6278.4 -409.23 268.595 896.423 -227.503 -1852.37 -5223.5 1443.86 5754.36
internal_weight=456 440 428 248 235 180 224 212 164 195 181 33 148 126 54 72 53 38 25 22 40 27 153 142 132 117 89 44 45 26
internal_count=456 440 428 248 235 180 224 212 164 195 181 33 148 126 54 72 53 38 25 22 40 27 153 142 132 117 89 44 45 26
is_linear=0
shrinkage=0.05


Tree=260
num_leaves=31
num_cat=0
split_feature=9 2 1 10 2 9 7 2 2 0 6 9 10 6 6 8 6 0 6 8 1 7 8 11 9 11 9 6 9 10
split_gain=2.50617e+12 1.10802e+13 4.06884e+12 6.07158e+12 3.24933e+12 2.87918e+12 2.37125e+12 1.4756e+12 1.20394e+12 7.95824e+11 3.1436e+12 1.09757e+12 8.04324e+11 1.11025e+12 4.55129e+11 9.44563e+11 5.58926e+11 4.75127e+11 6.73052e+11 3.87444e+11 6.53146e+11 3.74142e+11 4.03654e+11 6.77044e+11 3.29278e+11 2.74805e+11 2.56753e+11 2.52094e+11 3.13966e+11 2.02527e+11
threshold=7833676.42857143 39.500000000000007 1.5000000000000002 8719369.6428571437 331.50000000000006 12052012.142857144 10306825.000000002 312.50000000000006 341.50000000000006 4.5000000000000009 6108500.0000000009 6377196.4285714291 6339379.2857142864 5100500.0000000009 10482500.000000002 6500200.0000000009 8752250.0000000019 1.5000000000000002 7383700.0000000009 5803250.0000000009 8.5000000000000018 3904000.0000000005 4876250.0000000009 7387282.5434782617 10869274.285714289 6693446.3333333349 8284692.8571428582 9712300.0000000019 6138921.42857143 6773462.8571428582
decision_type=2 2 2 2 2 2 2 2 2 2 2 2 2 2 2 2 2 2 2 2 2 2 2 2 2 2 2 2 2 2
left_child=1 -1 3 -2 5 14 24 9 -9 11 -11 12 13 -3 15 26 17 -17 -19 -16 -21 -13 23 -23 -6 -24 -4 28 -12 -30
right_child=2 7 4 -5 6 -7 -8 8 -10 10 27 21 -14 -15 19 16 -18 18 -20 20 -22 22 25 -25 -26 -27 -28 -29 29 -31
leaf_value=53542.587597656253 -54505.896777343733 -13084.749194335935 -17536.437773437494 592.08716796875001 1137.4967507102269 26291.778125000001 -29951.934168198532 25043.149257812493 1072.1243785511365 29096.200224609376 -7530.8153710937513 7752.3182983398438 -18009.468993801544 7034.3415201822927 9011.3534374999999 8880.9490017361113 -10412.76072265625 -9567.4963641826889 7237.2489701704544 -11263.937675781246 4386.2992260742194 -16343.981178977268 -5986.2110937500001 1198.7412020596591 -11398.666132812501 1544.1178683810765 -7638.3739463404609 -8681.1990625000017 8514.5125585937476 -130.84952799479169
leaf_weight=9.9999999999999982 10.000000000000002 16.000000000000004 10.000000000000002 9.9999999999999982 11.000000000000002 9.9999999999999982 17 10.000000000000002 10.999999999999998 9.9999999999999982 9.9999999999999982 11.999999999999998 18 11.999999999999998 14.999999999999998 18 9.9999999999999982 13.000000000000002 10.999999999999998 10.000000000000002 20 11.000000000000002 14.999999999999998 10.999999999999998 9.9999999999999982 63 19 9.9999999999999982 10.000000000000002 21
leaf_count=10 10 16 10 10 11 10 17 10 11 10 10 12 18 12 15 18 10 13 11 10 20 11 15 11 10 63 19 10 10 21
internal_value=-1334.37 1974.77 -5598.72 -26956.9 -3143.76 467.963 -16069.9 -173.891 12486.9 -1387.94 3462.94 -3260.75 -9763.36 -4462.28 -1581.55 -3821.38 210.803 2740.22 -1865.32 2450.15 -830.446 -590.032 -1591.11 -7572.62 -4832.1 95.9777 -11051.5 -1563.19 172.906 2657.98
internal_weight=444 250 194 20 174 136 38 240 21 219 61 158 46 28 126 81 52 42 24 45 30 112 100 22 21 78 29 51 41 31
internal_count=444 250 194 20 174 136 38 240 21 219 61 158 46 28 126 81 52 42 24 45 30 112 100 22 21 78 29 51 41 31
is_linear=0
shrinkage=0.05


Tree=261
num_leaves=31
num_cat=0
split_feature=9 9 5 1 2 5 7 7 2 5 9 9 6 6 2 6 11 0 7 9 9 7 6 6 11 8 7 7 2 11
split_gain=2.26182e+12 1.00115e+13 5.01271e+12 3.67213e+12 2.93252e+12 3.95037e+12 2.19819e+12 2.14006e+12 1.40355e+12 9.71e+11 8.49759e+11 7.28384e+11 6.08787e+11 2.01129e+12 5.03917e+11 4.23214e+11 3.97471e+11 3.64948e+11 5.6828e+11 4.70831e+11 2.97173e+11 2.86273e+11 2.79058e+11 4.86516e+11 2.83946e+11 3.094e+11 2.72161e+11 6.60781e+11 2.78679e+11 2.69063e+11
threshold=7833676.42857143 7654005.0000000009 3207800.0000000005 1.5000000000000002 331.50000000000006 16181750.000000002 6683535.0000000009 10306825.000000002 312.50000000000006 11504000.000000002 9263997.8571428601 8387850.0000000009 5803250.0000000009 6021300.0000000009 263.50000000000006 10189250.000000002 7399793.166666667 1.5000000000000002 6457500.0000000009 6660951.42857143 10869274.285714289 6975000.0000000009 6457500.0000000009 6905000.0000000009 7332356.7222222229 5072500.0000000009 7397150.0000000009 6369800.0000000009 265.50000000000006 7585321.5000000009
decision_type=2 2 2 2 2 2 2 2 2 2 2 2 2 2 2 2 2 2 2 2 2 2 2 2 2 2 2 2 2 2
left_child=1 2 -1 6 5 9 -2 20 12 11 -11 16 17 -14 -12 22 -5 21 19 -19 -6 -4 -15 -24 25 -25 27 -13 -28 -26
right_child=3 -3 8 4 7 -7 -8 -9 -10 10 14 26 13 15 -16 -17 -18 18 -20 -21 -22 -23 23 24 29 -27 28 -29 -30 -31
leaf_value=-35539.896171875 -42185.348242187487 37797.712315538192 4736.0545471191399 1306.7263085937495 1080.621732954545 30693.118266601567 -9032.7699804687491 -28454.337758501842 13643.940260074014 1778.8882723721592 -7991.0771484374973 510.72187724866365 20156.012530048079 -5219.0159776475703 -23499.3247265625 -9474.5533376057938 -11400.45301513672 -17039.528955078124 -598.06298363095243 -3601.7272716175426 -10828.73252685547 -6048.1108593750005 11446.988343394887 -8376.2856724330359 8753.2975716145811 455.48173397288605 4845.8392750459561 14826.50189732143 -4080.9471788194446 -1291.5250040690105
leaf_weight=9.9999999999999982 10.000000000000002 18 16.000000000000004 10.000000000000002 11.000000000000002 9.9999999999999982 9.9999999999999982 17 19 10.999999999999998 11.000000000000002 19 12.999999999999998 18 9.9999999999999982 11.999999999999998 15.999999999999998 16.000000000000004 21 10.999999999999998 9.9999999999999982 9.9999999999999982 10.999999999999998 13.999999999999998 15.000000000000002 34 17 13.999999999999998 18 11.999999999999998
leaf_count=10 10 18 16 10 11 10 10 17 19 11 11 19 13 18 10 12 16 16 21 11 10 10 11 14 15 34 17 14 18 12
internal_value=-1267.65 1876.03 -910.998 -5318.79 -2986.57 444.565 -25609.1 -15266.4 648.863 -1956.11 -9478.98 604.861 -567.425 1506.42 -15376 -583.625 -6513.08 -4182.64 -6766.89 -11564.9 -4590.5 588.299 442.251 1627.17 186.927 -2120.45 3326.43 6584.08 254.921 4288.93
internal_weight=444 250 232 194 174 136 20 38 222 126 32 94 203 129 21 116 26 74 48 27 21 26 104 86 75 48 68 33 35 27
internal_count=444 250 232 194 174 136 20 38 222 126 32 94 203 129 21 116 26 74 48 27 21 26 104 86 75 48 68 33 35 27
is_linear=0
shrinkage=0.05


Tree=262
num_leaves=31
num_cat=0
split_feature=9 2 5 1 10 2 2 5 2 2 2 2 5 9 9 10 11 5 5 9 9 6 5 1 6 6 5 8 9 5
split_gain=2.04129e+12 9.94168e+12 4.68693e+12 3.3141e+12 5.34165e+12 2.67172e+12 5.49874e+12 2.95879e+12 1.47012e+12 1.55374e+12 1.19642e+12 1.12918e+12 6.4149e+11 8.12968e+11 6.70119e+11 6.01824e+11 5.14241e+11 4.88152e+11 1.19761e+12 6.64938e+11 7.28331e+11 5.73733e+11 5.13286e+11 3.67197e+11 3.56503e+11 2.45452e+11 2.95502e+11 1.91643e+11 1.77926e+11 1.70522e+11
threshold=7833676.42857143 39.500000000000007 3207800.0000000005 1.5000000000000002 8719369.6428571437 316.50000000000006 303.50000000000006 12628500.000000002 312.50000000000006 342.50000000000006 339.50000000000006 324.50000000000006 11504000.000000002 9263997.8571428601 8852812.1428571437 8450095.0000000019 8772851.833333334 5344000.0000000009 5708800.0000000009 5794608.5714285728 6202457.1428571437 5321500.0000000009 5100500.0000000009 5.5000000000000009 9484500.0000000019 8418000.0000000019 7107500.0000000009 3512100.0000000005 8268489.2857142864 9954500.0000000019
decision_type=2 2 2 2 2 2 2 2 2 2 2 2 2 2 2 2 2 2 2 2 2 2 2 2 2 2 2 2 2 2
left_child=1 -1 -3 4 -2 6 12 10 17 -10 11 -7 14 -14 24 -16 -17 21 -19 -20 -21 -4 23 -23 28 27 -27 -22 -5 -29
right_child=3 2 8 5 -6 7 -8 -9 9 -11 -12 -13 13 -15 15 16 -18 18 19 20 25 22 -24 -25 -26 26 -28 29 -30 -31
leaf_value=50628.962216796877 -50168.621718749986 -33762.900781249999 -13115.056700721154 -12076.828786057689 1511.4100390625001 -1469.9985546874996 35011.037535511365 -30945.206132812502 28093.29128906249 220.94161132812502 4170.1705810546873 -25231.076242065432 2022.977563476562 -14600.430879934211 15476.829375000001 -6704.2774739583319 6658.1992078993062 14436.813537597656 -11268.38169148763 13338.372887073865 6953.5553314208992 9078.9818625710232 -11352.889755859374 -1758.6195986147279 1923.0576939174109 1938.207866210937 -9315.3983119419645 -806.95893440246584 -3436.5609197443187 6213.8321850585944
leaf_weight=9.9999999999999982 10.000000000000002 9.9999999999999982 12.999999999999998 13.000000000000002 9.9999999999999982 10.000000000000002 10.999999999999998 14.999999999999998 10.000000000000002 9.9999999999999982 19 9.9999999999999982 12.000000000000002 19 9.9999999999999982 12.000000000000002 18 15.999999999999998 11.999999999999998 10.999999999999998 11.999999999999998 10.999999999999998 9.9999999999999982 27 13.999999999999998 10.000000000000002 13.999999999999998 64 10.999999999999998 9.9999999999999982
leaf_count=10 10 10 13 13 10 10 11 15 10 10 19 10 12 19 10 12 18 16 12 11 12 11 10 27 14 10 14 64 11 10
internal_value=-1204.27 1782.23 -253.052 -5052.85 -24328.6 -2837.24 1318.96 -12073.3 1203.9 14157.1 -4814.81 -13350.5 -2081.16 -8165.56 337.005 4854.11 1313.21 -29.7424 1512.7 -42.0779 1071.27 -3797.35 -1273.81 1378.58 -4417.85 -155.435 -4626.4 1092.27 -8116.71 141.797
internal_weight=444 250 240 194 20 174 120 54 230 20 39 20 109 31 78 40 30 210 149 133 121 61 48 38 38 110 24 86 24 74
internal_count=444 250 240 194 20 174 120 54 230 20 39 20 109 31 78 40 30 210 149 133 121 61 48 38 38 110 24 86 24 74
is_linear=0
shrinkage=0.05


Tree=263
num_leaves=31
num_cat=0
split_feature=9 2 5 1 10 2 5 7 7 3 5 9 9 10 2 7 11 9 5 9 8 5 8 2 9 11 6 6 5 7
split_gain=1.84227e+12 8.97237e+12 4.22995e+12 2.99097e+12 4.82084e+12 2.43551e+12 3.39674e+12 1.85194e+12 1.37983e+12 1.4306e+12 8.02398e+11 7.00578e+11 6.03509e+11 5.15795e+11 4.6922e+11 4.44993e+11 3.38447e+11 2.93784e+11 2.61639e+11 4.50829e+11 4.44177e+11 4.36389e+11 2.95548e+11 2.39266e+11 2.34749e+11 2.30379e+11 3.74286e+11 2.10456e+11 2.05377e+11 1.99461e+11
threshold=7833676.42857143 39.500000000000007 3207800.0000000005 1.5000000000000002 8719369.6428571437 331.50000000000006 16181750.000000002 10306825.000000002 10373750.000000002 1.0000000180025095e-35 11504000.000000002 9263997.8571428601 8387850.0000000009 5764964.2857142864 263.50000000000006 4460000.0000000009 7399793.166666667 7142030.0000000009 10189250.000000002 10023051.428571431 7791050.0000000009 8998160.0000000019 7662375.0000000009 312.50000000000006 10869274.285714289 6510461.666666667 6431300.0000000009 10189250.000000002 5640500.0000000009 5109300.0000000009
decision_type=2 2 2 2 2 2 2 2 2 2 2 2 2 2 2 2 2 2 2 2 2 2 2 2 2 2 2 2 2 2
left_child=1 -1 -3 4 -2 6 10 24 13 -10 12 -12 16 -4 -13 17 -5 28 19 21 -21 22 -14 25 -7 26 -17 29 -15 -27
right_child=3 2 8 5 -6 7 -8 -9 9 -11 11 14 18 15 -16 23 -18 -19 -20 20 -22 -23 -24 -25 -26 27 -28 -29 -30 -31
leaf_value=48097.513457031251 -47660.191953124988 -32074.756250000002 10199.348366477272 1270.1900976562497 1435.83931640625 1085.3659801136362 28480.46979980469 -26154.461899701288 610.69194498697914 22834.520256696429 1588.794833096591 -6861.5018821022713 7567.2993164062473 3083.3480468749981 -21826.322656250002 -12053.383564453123 -10455.589343261719 -2346.028040161133 10070.804971590909 1113.699581473214 14910.859355468752 -10863.823613281251 -3779.1678222656251 4517.3167039137616 -9499.4844140625009 -6255.2776790364587 -883.68706705729164 -8493.8780224609382 13216.880383300782 -37.261023878014605
leaf_weight=9.9999999999999982 10.000000000000002 9.9999999999999982 10.999999999999998 10.000000000000002 9.9999999999999982 11.000000000000002 9.9999999999999982 17 15 14 10.999999999999998 11.000000000000002 11.000000000000002 10.000000000000005 9.9999999999999982 15.000000000000002 15.999999999999998 9.9999999999999982 10.999999999999998 14.000000000000002 9.9999999999999982 9.9999999999999982 11.999999999999998 12.999999999999998 9.9999999999999982 14.999999999999998 14.999999999999998 9.9999999999999982 9.9999999999999982 92
leaf_count=10 10 10 11 10 10 11 10 17 15 14 11 11 11 10 10 15 16 10 11 14 10 10 12 13 10 15 15 10 10 92
internal_value=-1144.06 1693.12 -240.4 -4800.2 -23112.2 -2695.38 431.511 -13886.4 1143.7 11339.4 -1794.6 -8633.22 533.444 -327.324 -13987.6 -936.763 -5945.67 4651.4 3010.75 1648.29 6862.52 -2143.88 1647.4 -1984.54 -3955.04 -2559.54 -6468.54 -1557.23 8150.11 -908.946
internal_weight=444 250 240 194 20 174 136 38 230 29 126 32 94 201 21 190 26 30 68 57 24 33 23 160 21 147 30 117 20 107
internal_count=444 250 240 194 20 174 136 38 230 29 126 32 94 201 21 190 26 30 68 57 24 33 23 160 21 147 30 117 20 107
is_linear=0
shrinkage=0.05


Tree=264
num_leaves=31
num_cat=0
split_feature=2 2 5 5 5 2 10 5 5 8 5 11 10 10 5 5 6 5 8 7 6 2 2 5 11 0 7 2 6 10
split_gain=1.42766e+12 9.16974e+12 3.39802e+12 2.5659e+12 9.52211e+11 9.31504e+11 5.74119e+12 9.10894e+12 3.02946e+12 2.36527e+12 9.22602e+11 5.43732e+11 7.76809e+11 4.90566e+11 2.16117e+11 7.02957e+11 4.4169e+11 3.93353e+11 2.73798e+11 2.74325e+11 2.13445e+11 2.05895e+11 5.06252e+11 3.59766e+11 3.95761e+11 5.92812e+11 5.72205e+11 2.54294e+11 1.43778e+11 1.41061e+11
threshold=316.50000000000006 310.50000000000006 12628500.000000002 14885500.000000002 6405800.0000000009 72.500000000000014 7727321.42857143 6120285.0000000009 3280000.0000000005 5898500.0000000009 8210075.0000000009 11124899.166666668 8679777.1428571437 5764964.2857142864 5344000.0000000009 5708800.0000000009 5321500.0000000009 5100500.0000000009 12556000.000000002 3904000.0000000005 8418000.0000000019 93.500000000000014 123.50000000000001 11108000.000000002 7742565.0000000009 1.5000000000000002 9994100.0000000019 241.50000000000003 7017600.0000000009 7551463.2142857155
decision_type=2 2 2 2 2 2 2 2 2 2 2 2 2 2 2 2 2 2 2 2 2 2 2 2 2 2 2 2 2 2
left_child=1 3 4 5 -2 6 7 -1 -7 -8 -11 12 -6 -10 16 -16 -15 20 19 29 28 -21 -23 24 -24 -26 -27 -25 -18 -17
right_child=2 -3 -4 -5 11 8 9 -9 13 10 -12 -13 -14 14 15 18 17 -19 -20 21 -22 22 23 27 25 26 -28 -29 -30 -31
leaf_value=60642.893437499988 -11171.215712376645 45140.148011363635 -28690.948522135419 -26176.344453124999 6352.6657348632798 -28663.673984375004 -27177.703057250976 -6843.9042675781257 9689.3806285511364 13349.872382812497 -6010.0638701438911 9557.4414916992191 -12042.519726562501 -13348.305419921875 9108.7275689019098 8018.3093017578103 130.93380208333332 -10620.562031250001 5799.0047269381012 -8421.349466646634 -4671.907440655049 8464.7902965198864 -3347.0207036927695 -3169.6187899502834 13260.345112304687 -10255.230410156248 5939.2375000000002 -13920.822052556818 7870.9322192382815 -379.93742919921874
leaf_weight=10.000000000000002 19 10.999999999999998 14.999999999999998 9.9999999999999982 12.000000000000002 9.9999999999999982 9.9999999999999982 9.9999999999999982 10.999999999999998 10.000000000000002 15.999999999999998 15.999999999999998 10.999999999999998 9.9999999999999982 18 10.000000000000002 15.000000000000002 9.9999999999999982 12.999999999999998 12.999999999999998 12.999999999999998 10.999999999999998 86 11.000000000000002 9.9999999999999982 10.000000000000002 11.999999999999998 10.999999999999998 9.9999999999999982 9.9999999999999982
leaf_count=10 19 11 15 10 12 10 10 10 11 10 16 16 11 10 18 10 15 10 13 13 13 11 86 11 10 10 12 11 10 10
internal_value=-1086.85 170.813 -7478.55 -1203.25 -1992.58 -489.734 5420.55 26899.5 -1615.5 -6512.2 1436.07 2479.06 -2445.03 -663.101 -1080.23 -349.552 -3788.8 -1797.23 -1213.76 -1709.23 524.698 -2383.42 -1863.6 -2675.12 -1580.69 3166.31 -1421.88 -8545.22 3226.93 3819.19
internal_weight=444 371 73 360 58 350 56 20 294 36 26 39 23 284 273 215 58 48 197 184 38 164 151 140 118 32 22 22 25 20
internal_count=444 371 73 360 58 350 56 20 294 36 26 39 23 284 273 215 58 48 197 184 38 164 151 140 118 32 22 22 25 20
is_linear=0
shrinkage=0.05


Tree=265
num_leaves=31
num_cat=0
split_feature=8 8 5 7 11 9 7 0 9 2 8 8 5 2 5 7 0 11 11 8 9 5 5 8 7 7 8 0 2 9
split_gain=1.36352e+12 1.14616e+13 5.79351e+12 1.48326e+12 2.9791e+12 2.92969e+12 1.27502e+12 9.95997e+11 1.8296e+12 1.02223e+12 5.80362e+11 5.79909e+11 6.31383e+11 5.89649e+11 5.46905e+11 5.37831e+11 8.01754e+11 9.86626e+11 5.25644e+11 5.16929e+11 4.90987e+11 4.4296e+11 6.27585e+11 4.09983e+11 3.34586e+11 2.90255e+11 2.41256e+11 2.17213e+11 2.15459e+11 2.80972e+11
threshold=6500200.0000000009 6754300.0000000009 3452535.0000000005 9673050.0000000019 9909900.0000000019 10713747.85714286 14825500.000000002 4.5000000000000009 6148714.2857142864 297.50000000000006 4292800.0000000009 6120285.0000000009 8280800.0000000009 87.500000000000014 10909000.000000002 5130500.0000000009 2.5000000000000004 6943682.3333333349 7291353.0000000009 8066500.0000000009 6279437.1428571437 8022050.0000000009 6168000.0000000009 5051000.0000000009 4150000.0000000005 11657300.000000002 5640500.0000000009 1.0000000180025095e-35 191.50000000000003 7025512.1428571446
decision_type=2 2 2 2 2 2 2 2 2 2 2 2 2 2 2 2 2 2 2 2 2 2 2 2 2 2 2 2 2 2
left_child=2 -2 -1 4 14 6 19 11 -9 10 -10 12 13 -4 15 24 18 -18 -17 -5 -15 22 -19 -14 -3 -21 -12 -26 -22 -30
right_child=1 3 7 5 -6 -7 -8 8 9 -11 26 -13 23 20 -16 16 17 21 -20 25 28 -23 -24 -25 27 -27 -28 -29 29 -31
leaf_value=-39665.122170410155 48664.649053485577 -1790.5387471516926 -12316.506993272569 5798.3996240234374 22711.238382137526 -23178.213466389978 16434.855634765623 23961.424648437503 5192.2732161458334 12632.356734793528 -10514.108539496527 -12882.504282706126 -732.75110868566162 -9695.1182312011715 10025.196744646346 -692.91929687499999 -8739.473261718751 3784.5278255208323 -11306.019976806641 -2876.9005888802658 5384.5552246093757 -1433.8819580078125 19955.300273437504 11338.065568033855 2968.5146484374991 -13730.400115411932 -1361.5389099280039 12770.297487229567 3967.5997107872595 -5385.5856116885234
leaf_weight=9.9999999999999982 12.999999999999998 11.999999999999998 18 9.9999999999999982 17 18 9.9999999999999982 9.9999999999999982 14.999999999999998 13.999999999999998 18.000000000000004 13.999999999999998 17.000000000000004 15.999999999999998 13.999999999999998 20 14.999999999999998 15.000000000000002 28 14.000000000000002 14.999999999999998 11.999999999999998 9.9999999999999982 11.999999999999998 10.000000000000002 10.999999999999998 11.999999999999998 12.999999999999998 12.999999999999998 21
leaf_count=10 13 12 18 10 17 18 10 10 15 14 18 14 17 16 14 20 15 15 28 14 15 12 10 12 10 11 12 13 13 21
internal_value=452.996 2994.65 -2547.4 402.032 2881.03 -6129.94 689.368 -643.925 4184.91 832.961 -2837.96 -3288.29 -2089.01 -4308.06 618.527 -356.979 -2224.05 2077.35 -6883.89 -3809.34 -2090.34 6462.55 10252.8 4262.07 4977.5 -7652.44 -6853.08 8508.65 392.854 -1809.37
internal_weight=447 242 205 229 166 63 45 195 69 59 45 126 112 83 149 135 100 52 48 35 65 37 25 29 35 25 30 23 49 34
internal_count=447 242 205 229 166 63 45 195 69 59 45 126 112 83 149 135 100 52 48 35 65 37 25 29 35 25 30 23 49 34
is_linear=0
shrinkage=0.05


Tree=266
num_leaves=31
num_cat=0
split_feature=9 5 1 8 7 5 8 10 10 10 9 2 9 7 9 6 6 8 2 8 10 0 9 9 8 6 10 5 9 6
split_gain=1.32314e+12 1.29262e+12 1.27574e+12 9.58648e+12 1.01566e+13 1.05504e+12 8.45518e+11 1.14015e+12 7.54973e+11 4.94472e+11 4.23851e+11 3.94849e+11 3.93445e+11 1.27344e+12 3.20829e+11 2.89878e+11 4.60872e+11 4.55267e+11 3.92209e+11 3.54964e+11 3.42392e+11 3.22403e+11 2.92444e+11 2.8694e+11 2.65647e+11 2.30507e+11 4.23822e+11 3.36805e+11 3.82781e+11 3.31123e+11
threshold=12333087.142857146 14341000.000000002 1.5000000000000002 5767650.0000000009 10306825.000000002 3341800.0000000005 10125000.000000002 10781956.785714289 10302256.071428573 9554503.5714285728 6999008.5714285718 350.50000000000006 6138921.42857143 7017600.0000000009 6452928.5714285718 5142500.0000000009 7001700.0000000009 8927750.0000000019 297.50000000000006 8066500.0000000009 8210817.8571428582 5.5000000000000009 6774835.7142857155 6686014.2857142864 7039250.0000000009 7662375.0000000009 7339648.92857143 7503200.0000000009 9463219.2857142873 10820000.000000002
decision_type=2 2 2 2 2 2 2 2 2 2 2 2 2 2 2 2 2 2 2 2 2 2 2 2 2 2 2 2 2 2
left_child=1 2 3 -1 -5 -4 7 11 9 10 14 12 13 24 -8 20 18 19 21 22 -14 23 -18 -17 -7 -24 -27 28 -28 -29
right_child=-2 -3 5 4 -6 6 8 -9 -10 -11 -12 -13 15 -15 -16 16 17 -19 -20 -21 -22 -23 25 -25 -26 26 27 29 -30 -31
leaf_value=-30187.289482421867 -14168.383880208334 13688.763404605264 -16467.733749999999 65762.290468749983 -3861.4709456010301 -4945.8242302389699 -6835.0825604248021 17683.147119140627 -16544.158040364586 7361.5114257812502 -10277.891032714844 -9248.1348925781258 1076.72519650343 17025.526516927082 5291.2001790364593 1996.5096905048078 -5054.0834788602951 10584.154891690341 4638.2452703857425 -7526.1842354910714 10389.2021484375 -13772.103586647727 7537.793322753907 -7045.0162796585646 5026.1422585227274 -5741.3979478624133 12869.414164515902 5201.573524693079 61.250688476562509 -5327.7759216308596
leaf_weight=10.000000000000002 14.999999999999998 19 9.9999999999999982 10.000000000000002 10.999999999999998 17.000000000000004 10.000000000000002 9.9999999999999982 11.999999999999998 9.9999999999999982 20 9.9999999999999982 41 14.999999999999998 11.999999999999998 12.999999999999998 17 10.999999999999998 9.9999999999999982 13.999999999999998 12.999999999999998 10.999999999999998 15.999999999999998 27 10.999999999999998 18 14.000000000000002 14.000000000000002 9.9999999999999982 15.999999999999998
leaf_count=10 15 19 10 10 11 17 10 10 12 10 20 10 41 15 12 13 17 11 10 14 13 11 16 27 11 18 14 14 10 16
internal_value=430.346 937.247 350.615 10105.6 29292.7 -441.02 -10.1947 1076.42 -5239.52 -2630.75 -5009.86 519.145 858.286 5269.57 -220.747 84.0613 -830.421 852.009 -4415.93 -47.6012 3318.62 -6191.25 949.543 -4106.52 -1028.27 2109.33 903.011 3117.81 7532.68 -414.08
internal_weight=447 432 413 31 21 382 372 308 64 52 42 298 288 43 22 245 191 130 61 119 54 51 105 40 28 88 72 54 24 30
internal_count=447 432 413 31 21 382 372 308 64 52 42 298 288 43 22 245 191 130 61 119 54 51 105 40 28 88 72 54 24 30
is_linear=0
shrinkage=0.05


Tree=267
num_leaves=31
num_cat=0
split_feature=11 8 8 5 5 6 7 9 10 3 6 2 10 8 9 7 7 7 6 2 11 5 7 8 11 10 8 9 6 7
split_gain=1.30278e+12 1.50652e+12 1.48506e+13 5.06684e+12 2.94943e+12 1.251e+12 1.33446e+12 1.62324e+12 9.06743e+11 8.5261e+11 1.61698e+12 1.0453e+12 5.81839e+11 6.35808e+11 4.14231e+11 3.84175e+11 3.31049e+11 7.94316e+11 7.85886e+11 5.16532e+11 4.33046e+11 4.50168e+11 4.0689e+11 2.87974e+11 2.80205e+11 3.30239e+11 2.62738e+11 2.58758e+11 3.16271e+11 2.7884e+11
threshold=12118610.833333336 6575025.0000000009 6812825.0000000009 3564800.0000000005 14341000.000000002 11343035.000000002 10576250.000000002 9263997.8571428601 10116871.428571431 1.0000000180025095e-35 6108500.0000000009 297.50000000000006 10030665.000000002 10969500.000000002 7261046.42857143 8787500.0000000019 6051000.0000000009 7355000.0000000009 8783500.0000000019 219.50000000000003 7516777.1515151532 7137200.0000000009 4658000.0000000009 3512100.0000000005 6577307.833333334 6462271.4285714291 5142500.0000000009 8816657.1428571437 6953135.0000000009 6847850.0000000009
decision_type=2 2 2 2 2 2 2 2 2 2 2 2 2 2 2 2 2 2 2 2 2 2 2 2 2 2 2 2 2 2
left_child=1 3 -3 -1 5 6 12 -8 15 16 -11 23 13 24 -15 -7 20 -18 19 -19 21 -5 -22 -12 -4 -26 -25 28 -27 -30
right_child=-2 2 4 9 -6 8 7 -9 -10 10 11 -13 -14 14 -16 -17 17 18 -20 -21 22 -23 -24 26 25 27 -28 -29 29 -31
leaf_value=-36994.279550781255 -16585.30583523837 63204.503203125001 -5306.283159436678 -718.9731404622396 22315.378177083334 9438.1167187499959 -1571.6804003906248 -26243.811409505208 20065.965553977276 19158.689742606028 3550.6803555575289 13844.243607954544 11199.78106201172 -2991.5365985576918 -16527.332070312503 -4102.794921875 -14383.630995008682 -1114.9686063878676 7375.7666902669271 -14663.824572753907 -12024.644140624998 11141.783300781251 0.55657169117647054 -11676.291601562501 9491.6473544034088 -4212.6985681482265 -2317.9134045410156 5787.6810144761039 8599.4898925781217 -1240.2000434027777
leaf_weight=9.9999999999999982 10.999999999999998 9.9999999999999982 19 24 14.999999999999998 10.000000000000002 15.000000000000002 11.999999999999998 10.999999999999998 13.999999999999998 10.999999999999998 10.999999999999998 9.9999999999999982 13.000000000000002 9.9999999999999982 10.999999999999998 18 17.000000000000004 14.999999999999998 11.999999999999998 12.000000000000002 11.999999999999998 17 11.999999999999998 10.999999999999998 37 20 17 12.000000000000002 18
leaf_count=10 11 10 19 24 15 10 15 12 11 14 11 11 10 13 10 11 18 17 15 12 12 12 17 12 11 37 20 17 12 18
internal_value=408.829 837.58 3606.34 -2282.34 909.593 -649.081 -2320.04 -12537.1 8436.75 -502.243 4016.06 90.1925 -443.44 -1293.31 -8876.67 2345.26 -2921.49 -5535.31 -1915.54 -6721.39 -428.311 3234.61 -4975.39 -3428.29 236.664 1345.25 -5827.31 278.464 -1119.4 2695.68
internal_weight=447 436 231 205 221 206 174 27 32 195 68 54 147 137 23 21 127 62 44 29 65 36 29 43 114 95 32 84 67 30
internal_count=447 436 231 205 221 206 174 27 32 195 68 54 147 137 23 21 127 62 44 29 65 36 29 43 114 95 32 84 67 30
is_linear=0
shrinkage=0.05


Tree=268
num_leaves=31
num_cat=0
split_feature=5 9 9 2 5 1 9 10 6 6 11 9 9 7 5 2 11 1 7 8 11 2 9 8 9 8 10 10 1 6
split_gain=1.33297e+12 1.11587e+12 1.22697e+12 6.53382e+11 6.82642e+11 2.44592e+12 9.38248e+11 6.52827e+11 6.20167e+11 8.05643e+11 1.0127e+12 5.83407e+11 1.45187e+12 2.3746e+12 7.08292e+11 6.2345e+11 6.45064e+11 5.42508e+11 7.10729e+11 4.92301e+11 3.96292e+11 7.25951e+11 4.89083e+11 3.76291e+11 3.56745e+11 5.33239e+11 3.36369e+11 3.11929e+11 2.95305e+11 2.74746e+11
threshold=3432750.0000000005 12333087.142857146 11489807.142857144 345.50000000000006 12440250.000000002 10.500000000000002 10713747.85714286 8104560.7142857155 10482500.000000002 9037500.0000000019 7656438.6666666679 5794608.5714285728 6138921.42857143 5767650.0000000009 8280800.0000000009 295.50000000000006 7976291.666666667 2.5000000000000004 10727235.000000002 5767650.0000000009 6510461.666666667 295.50000000000006 6485692.8571428582 7513800.0000000009 6744300.0000000009 5285500.0000000009 5975250.7142857155 7351952.5000000009 8.5000000000000018 7995510.0000000009
decision_type=2 2 2 2 2 2 2 2 2 2 2 2 2 2 2 2 2 2 2 2 2 2 2 2 2 2 2 2 2 2
left_child=-1 2 3 4 6 7 8 -6 9 11 19 26 13 -13 20 16 27 -10 28 -11 21 -14 23 -22 25 -24 -2 -16 -19 -5
right_child=1 -3 -4 29 5 -7 -8 -9 17 10 -12 12 14 -15 15 -17 -18 18 -20 -21 22 -23 24 -25 -26 -27 -28 -29 -30 -31
leaf_value=14559.514123535157 -13523.117791193177 -13535.652395833335 17647.705373535158 -14667.349389648432 7482.6106787109356 26544.294231622873 -12096.283294677734 -9510.0517127403855 15782.481044921877 -8810.9854492187478 -18142.606954520088 -1642.2815185546872 -18230.61782226562 31348.014843750003 1811.503519870924 14983.57182672674 -6497.9876159667974 -6427.9166085379447 13743.097301136366 6517.4868075284094 11571.931565348305 821.30258544921878 -16726.040253906245 -1230.9787331321022 -796.36229053442037 -2007.7350952148438 -1418.3940104166668 11079.371061197919 3378.2230928308827 -3216.2030628551138
leaf_weight=15.999999999999998 11.000000000000002 14.999999999999998 9.9999999999999982 10.000000000000002 10.000000000000002 10.999999999999998 15.999999999999998 12.999999999999998 9.9999999999999982 10.000000000000002 13.999999999999998 12.000000000000002 10.000000000000002 9.9999999999999982 23 10.999999999999998 15.999999999999998 14.000000000000002 10.999999999999998 10.999999999999998 12.000000000000002 9.9999999999999982 10.000000000000002 10.999999999999998 69 15.999999999999998 11.999999999999998 14.999999999999998 17 10.999999999999998
leaf_count=16 11 15 10 10 10 11 16 13 10 10 14 12 10 10 23 11 16 14 11 11 12 10 10 11 69 16 12 15 17 11
internal_value=388.388 -137.687 345.413 -80.7519 387.705 7152.43 -267.568 -2121.94 297.386 -624.783 -7726.11 377.421 1152.78 13353.3 -169.445 4133.95 1923.84 5316.11 2824.12 -781.786 -2196.41 -8704.66 -1093.31 5448.8 -2677.19 -7668.62 -7207.61 5469.87 -1050.36 -8669.13
internal_weight=447 431 416 406 385 34 351 23 335 283 35 248 225 22 203 65 54 52 42 21 138 20 118 23 95 26 23 38 31 21
internal_count=447 431 416 406 385 34 351 23 335 283 35 248 225 22 203 65 54 52 42 21 138 20 118 23 95 26 23 38 31 21
is_linear=0
shrinkage=0.05


Tree=269
num_leaves=31
num_cat=0
split_feature=5 4 10 11 11 10 7 7 5 9 0 10 7 7 11 11 8 10 10 10 10 9 0 9 0 5 0 1 11 6
split_gain=1.21301e+12 1.71947e+12 2.19826e+12 1.04696e+12 8.80525e+11 4.0512e+11 2.44961e+11 7.91277e+11 4.57121e+11 4.07519e+11 3.48875e+11 3.28625e+11 2.98944e+11 2.96377e+11 3.15208e+11 6.45788e+11 1.15937e+12 4.1015e+11 3.22065e+11 3.03002e+11 2.82085e+11 2.76897e+11 2.4439e+11 4.62728e+11 2.46803e+11 2.87805e+11 2.38712e+11 2.03397e+11 2.81362e+11 1.80096e+11
threshold=3207800.0000000005 1.0000000180025095e-35 8945265.7142857146 12118610.833333336 11642606.833333336 5764964.2857142864 5898500.0000000009 6457500.0000000009 8418000.0000000019 6188313.5714285718 1.0000000180025095e-35 7792694.444444445 4345500.0000000009 12695000.000000002 8496010.6666666679 7665548.0000000009 7181000.0000000009 9207372.1428571437 7998637.5000000009 9901201.7857142873 9774853.5714285728 8090142.8571428573 4.5000000000000009 8439714.2857142892 1.5000000000000002 5948085.0000000009 5.5000000000000009 7.5000000000000009 7417112.3571428582 8418000.0000000019
decision_type=2 2 2 2 2 2 2 2 2 2 2 2 2 2 2 2 2 2 2 2 2 2 2 2 2 2 2 2 2 2
left_child=-1 3 -3 4 5 -2 8 11 22 -9 29 -8 -10 14 15 18 -17 -16 26 -19 -15 -14 23 24 25 -7 -12 28 -26 -11
right_child=1 2 -4 -5 -6 6 7 9 12 10 13 -13 21 20 17 16 -18 19 -20 -21 -22 -23 -24 -25 27 -27 -28 -29 -30 -31
leaf_value=17587.1905859375 9195.0273632812514 30872.727578124992 -2280.4089062500002 -15932.588516512784 12021.77885044643 8676.7944711538439 -4442.487669613487 -7987.2888658311631 138.05704520089287 -2120.0811837332585 -1317.1052227313703 -14168.115796661377 3781.176679687499 540.2220912388392 -11209.43926156851 -2059.3496168870188 19492.731119791668 4501.922076822917 -9333.6184716796888 -5247.9213235294119 10768.582399338942 15547.596875000001 6406.9418359375004 -11965.104306640626 -951.93287259615363 -1654.7516183035714 5842.6349609375002 451.30748728238626 -11817.20272549716 -10905.519775390625
leaf_weight=9.9999999999999982 9.9999999999999982 10.000000000000002 9.9999999999999982 10.999999999999998 13.999999999999998 13.000000000000002 19 18 13.999999999999998 14.000000000000002 52 15.999999999999998 10.000000000000002 14.000000000000002 12.999999999999998 13.000000000000002 11.999999999999998 14.999999999999998 9.9999999999999982 17 12.999999999999998 9.9999999999999982 9.9999999999999982 9.9999999999999982 13.000000000000002 13.999999999999998 14.999999999999998 26 10.999999999999998 9.9999999999999982
leaf_count=10 10 10 10 11 14 13 19 18 14 14 52 16 10 14 13 13 12 15 10 17 13 10 10 10 13 14 15 26 11 10
internal_value=368.968 -25.0416 14296.2 -711.91 -299.527 -739.573 -999.642 -1914.36 752.98 -784.288 -129.47 -8888.49 5741.78 650.007 -234.377 1303.48 8285.65 -3720.19 -963.456 -677.682 5464.99 9664.39 -995.672 -1846.55 -532.449 3319.7 285.822 -2612.61 -5931.85 -5780.68
internal_weight=447 437 20 417 406 392 382 251 131 216 198 35 34 174 147 102 25 45 77 32 27 20 97 87 77 27 67 50 24 24
internal_count=447 437 20 417 406 392 382 251 131 216 198 35 34 174 147 102 25 45 77 32 27 20 97 87 77 27 67 50 24 24
is_linear=0
shrinkage=0.05


Tree=270
num_leaves=31
num_cat=0
split_feature=5 10 5 10 5 5 9 7 0 8 2 9 2 5 10 7 2 8 8 10 5 10 9 6 10 6 5 8 5 6
split_gain=6.72842e+12 1.81796e+12 4.84576e+12 2.97958e+12 4.73944e+12 1.30889e+12 2.0368e+12 1.22563e+12 5.16673e+11 6.37367e+11 5.1132e+11 1.14456e+12 5.5063e+11 4.3477e+11 4.58685e+11 4.00429e+11 6.80807e+11 6.01868e+11 6.30636e+11 5.6633e+11 3.36396e+11 4.06958e+11 3.02799e+11 3.97706e+11 2.94775e+11 2.50868e+11 3.46e+11 2.47536e+11 2.1194e+11 2.56935e+11
threshold=3280000.0000000005 9864191.0714285728 15311000.000000002 11955455.714285716 14341000.000000002 10384350.000000002 9956955.0000000019 13850250.000000002 5.5000000000000009 4460000.0000000009 33.500000000000007 8090142.8571428573 351.50000000000006 7323000.0000000009 8244222.8571428573 7137200.0000000009 123.50000000000001 8556500.0000000019 7494200.0000000009 6922347.8571428582 10330575.000000002 8267596.0714285718 7685035.7142857155 7039250.0000000009 8101364.2857142864 9340085.0000000019 4062500.0000000005 4460000.0000000009 4876250.0000000009 5929500.0000000009
decision_type=2 2 2 2 2 2 2 2 2 2 2 2 2 2 2 2 2 2 2 2 2 2 2 2 2 2 2 2 2 2
left_child=-1 2 7 4 5 6 -3 8 10 -10 11 -2 15 -11 -15 20 19 18 22 -17 21 24 23 27 25 26 -12 -18 -28 -30
right_child=1 3 -4 -5 -6 -7 -8 -9 9 13 12 -13 -14 14 -16 16 17 -19 -20 -21 -22 -23 -24 -25 -26 -27 28 -29 29 -31
leaf_value=-39035.108220880684 -19275.722491455072 12929.437630208331 -33512.197407670457 -10056.432850557216 44977.598437500004 16685.356152343749 -16857.185489169035 15888.365360514323 6051.1840625000004 -16514.941706986861 8133.4396484375002 4646.6047851562498 -10558.856054687501 276.04419519761024 -13219.317851562502 19521.965833629256 8000.8724143288337 -5707.2349586123519 14943.576757812501 4107.003108097957 -7320.3959505208331 7581.9942979600692 7009.9458658854173 -9387.5804858398442 -8689.6989843749998 5870.522179457721 -7575.3966796875002 -2190.3634239783655 2117.3194002914429 -3623.9408961245886
leaf_weight=10.999999999999998 10.000000000000002 12.000000000000002 10.999999999999998 17 9.9999999999999982 18 10.999999999999998 11.999999999999998 9.9999999999999982 10.999999999999998 9.9999999999999982 9.9999999999999982 9.9999999999999982 17.000000000000004 9.9999999999999982 11.000000000000002 11.000000000000002 21 10.999999999999998 12.999999999999998 14.999999999999998 18 18 9.9999999999999982 9.9999999999999982 17 12.999999999999998 12.999999999999998 40 38
leaf_count=11 10 12 11 17 10 18 11 12 10 11 10 10 10 17 10 11 11 21 11 13 15 18 18 10 10 17 13 13 40 38
internal_value=-412.268 557.712 -823.241 8071.72 14114.4 6586.84 -1316.34 178.37 -364.915 -5180.27 408.119 -7314.56 961.716 -8135.92 -4722.24 1389.99 3745.35 1623.4 4066.94 11172.2 -190.006 542.569 1766.12 -1010.03 -447.35 251.154 -694.681 2480.62 -1664.8 -679.705
internal_weight=449 438 370 68 51 41 23 359 347 48 299 20 279 38 27 269 108 84 63 24 161 146 52 34 128 118 101 24 91 78
internal_count=449 438 370 68 51 41 23 359 347 48 299 20 279 38 27 269 108 84 63 24 161 146 52 34 128 118 101 24 91 78
is_linear=0
shrinkage=0.05


Tree=271
num_leaves=31
num_cat=0
split_feature=5 11 5 5 9 2 6 2 5 5 5 1 9 2 2 11 9 10 6 6 10 6 9 5 5 0 6 11 2 0
split_gain=6.0724e+12 1.98951e+12 5.11745e+12 3.21803e+12 7.56355e+11 1.71836e+12 3.98006e+11 4.98683e+11 5.86011e+11 3.88939e+11 3.29522e+11 3.26897e+11 3.23686e+11 1.20529e+12 4.61979e+11 6.65311e+11 8.45448e+11 3.08155e+11 2.96025e+11 4.04636e+11 4.75864e+11 4.41184e+11 2.65742e+11 3.3939e+11 3.25814e+11 2.97904e+11 1.55137e+11 1.54596e+11 3.71219e+11 2.11718e+11
threshold=3280000.0000000005 8989845.0000000019 15311000.000000002 14341000.000000002 11339707.142857146 328.50000000000006 3817075.0000000005 219.50000000000003 7835950.0000000009 8806175.0000000019 10678300.000000002 11.500000000000002 7972730.9523809534 39.500000000000007 162.50000000000003 6906949.666666667 6594828.5714285718 8293206.7857142864 13249685.000000002 10384350.000000002 8450095.0000000019 6683535.0000000009 6188313.5714285718 6457500.0000000009 9896300.0000000019 1.0000000180025095e-35 6168000.0000000009 6308594.666666667 219.50000000000003 3.5000000000000004
decision_type=2 2 2 2 2 2 2 2 2 2 2 2 2 2 2 2 2 2 2 2 2 2 2 2 2 2 2 2 2 2
left_child=-1 2 6 4 5 9 7 8 -2 -3 -11 12 13 -8 15 16 -15 -13 19 20 21 -14 23 -16 25 -24 -17 -27 29 -29
right_child=1 3 -4 -5 -6 -7 11 -9 -10 10 -12 17 18 14 22 26 -18 -19 -20 -21 -22 -23 24 -25 -26 27 -28 28 -30 -31
leaf_value=-37083.35350674716 -8438.9666601562476 6445.8283100328954 -36434.409482421877 26748.266406250001 -5986.4467953330595 23247.274462890626 -17352.581409801136 12698.923681640626 8678.4420703124997 -8988.4651204427064 2729.0813476562503 -13077.486308593747 12707.18308293269 19843.936709872156 -2362.9125162760411 3340.8347024356622 1009.5734938401442 -950.08953302556824 -3574.6293489583331 12930.830610795456 -5418.0083147321429 619.23603515625007 -8161.5400878906257 -13851.383734130861 -9527.6871081542977 5567.5852189127609 -2569.6850090026855 7252.5508951822922 -4040.1718631867443 -528.20925436580887
leaf_weight=10.999999999999998 10.000000000000002 19 9.9999999999999982 17 19 10.999999999999998 10.999999999999998 12.999999999999998 9.9999999999999982 12.000000000000002 11.999999999999998 10.000000000000002 13.000000000000002 11.000000000000002 18.000000000000004 17 12.999999999999998 10.999999999999998 14.999999999999998 10.999999999999998 13.999999999999998 18 9.9999999999999982 9.9999999999999982 9.9999999999999982 14.999999999999998 32 18 31 17
leaf_count=11 10 19 10 17 19 11 11 13 10 12 12 10 13 11 18 17 13 11 15 11 14 18 10 10 10 15 32 18 31 17
internal_value=-391.654 529.827 -1183.89 7156.18 2593.64 5612.56 -140.97 5075.17 119.738 1101.35 -3129.69 -705.34 -260.221 -1234.79 -357.088 2821.53 9641.99 -6725.04 2663.48 4334.4 2233.06 5688.38 -2155.84 -6465.94 -960.965 -19.5669 -519.097 985.615 -55.742 3473.32
internal_weight=449 438 348 90 73 54 338 33 20 43 24 305 284 213 202 73 24 21 71 56 45 31 129 28 101 91 49 81 66 35
internal_count=449 438 348 90 73 54 338 33 20 43 24 305 284 213 202 73 24 21 71 56 45 31 129 28 101 91 49 81 66 35
is_linear=0
shrinkage=0.05


Tree=272
num_leaves=31
num_cat=0
split_feature=5 11 5 5 8 2 10 9 7 2 6 7 1 2 9 0 5 11 9 9 11 9 5 10 8 5 6 10 7 6
split_gain=5.48034e+12 1.79553e+12 4.6185e+12 2.90427e+12 7.19478e+11 1.31077e+12 7.65991e+11 4.59492e+11 3.83572e+11 3.82618e+11 3.27356e+11 7.08668e+11 3.19885e+11 2.85937e+11 8.29284e+11 3.62601e+11 3.46169e+11 2.4886e+11 2.45676e+11 1.05146e+12 2.99057e+11 2.41588e+11 6.7827e+11 4.59045e+11 5.34069e+11 3.01735e+11 2.75809e+11 2.4492e+11 5.76602e+11 2.68056e+11
threshold=3280000.0000000005 8989845.0000000019 15311000.000000002 14341000.000000002 10969500.000000002 321.50000000000006 10425942.85714286 10797824.285714287 12891300.000000002 261.50000000000006 3685250.0000000005 6145050.0000000009 11.500000000000002 33.500000000000007 8038328.5714285718 5.5000000000000009 7545000.0000000009 7303151.666666667 6097747.8571428582 6285101.42857143 6819473.1666666679 7972730.9523809534 8955000.0000000019 9670582.1428571437 7401900.0000000009 8418000.0000000019 9157335.0000000019 6973041.7857142864 8403800.0000000019 5898500.0000000009
decision_type=2 2 2 2 2 2 2 2 2 2 2 2 2 2 2 2 2 2 2 2 2 2 2 2 2 2 2 2 2 2
left_child=-1 2 8 4 5 7 -6 9 10 -3 11 -2 13 14 -12 18 -17 -18 20 -20 -15 22 25 24 26 27 -23 28 -21 -29
right_child=1 3 -4 -5 6 -7 -8 -9 -10 -11 12 -13 -14 15 -16 16 17 -19 19 21 -22 23 -24 -25 -26 -27 -28 29 -30 -31
leaf_value=-35229.185174005681 -1285.3272650824651 12468.104179687496 -34612.688408203125 25410.853079044118 3881.4045664469395 19488.312755408653 -14385.246173650568 -7010.4994791666677 7185.2730949850638 -158.22592447916668 -16740.971950149531 15315.6730078125 -7288.949665912829 -8520.373906249999 2411.0160287710337 -11723.397143554688 3688.3881510416659 -6991.5479199218753 16310.626069779832 -286.12476955837673 1840.7882361778848 -4476.0447265624989 -10715.806347656251 -5975.0705468750002 13340.192200520833 8883.2774511718744 6997.2236572265629 2492.0136237649358 12987.307988281251 -5160.8783454241075
leaf_weight=10.999999999999998 18.000000000000004 10.000000000000002 9.9999999999999982 17 12.000000000000002 12.999999999999998 10.999999999999998 11.999999999999998 17 14.999999999999998 10.000000000000002 9.9999999999999982 19 15.000000000000002 12.999999999999998 11.999999999999998 12.000000000000002 9.9999999999999982 10.999999999999998 45 12.999999999999998 11.000000000000002 14.999999999999998 9.9999999999999982 14.999999999999998 9.9999999999999982 9.9999999999999982 17 9.9999999999999982 35
leaf_count=11 18 10 10 17 12 13 11 12 17 15 10 10 19 15 13 12 12 10 11 45 13 11 15 10 15 10 10 17 10 35
internal_value=-372.072 503.335 -1124.69 6798.37 2463.96 5830.59 -4854.82 1031.94 -133.922 4892.31 -521.543 4643.6 -1015.14 -580.095 -5915.94 -91.1534 -4892.22 -1166.13 661.088 1308.63 -3709.83 381.542 -705.859 3501.91 6134.41 577.468 987.416 -198.776 2127.23 -2658.97
internal_weight=449 438 348 90 73 50 23 37 338 25 321 28 293 274 23 251 34 22 217 189 28 178 132 46 36 117 21 107 55 52
internal_count=449 438 348 90 73 50 23 37 338 25 321 28 293 274 23 251 34 22 217 189 28 178 132 46 36 117 21 107 55 52
is_linear=0
shrinkage=0.05


Tree=273
num_leaves=31
num_cat=0
split_feature=5 11 5 5 9 2 7 10 7 6 7 11 2 8 2 11 5 9 7 3 7 7 7 8 11 9 8 7 7 9
split_gain=4.94601e+12 1.62047e+12 4.1682e+12 2.6211e+12 6.50598e+11 1.46191e+12 4.09052e+11 5.82277e+11 3.46174e+11 2.95439e+11 6.39573e+11 2.88743e+11 9.84554e+11 6.11662e+11 4.16627e+11 5.11649e+11 3.6445e+11 3.29659e+11 6.26941e+11 3.00812e+11 2.75681e+11 3.57701e+11 2.18592e+11 3.01326e+11 4.40753e+11 1.93583e+11 1.91185e+11 2.85267e+11 4.24743e+11 2.10829e+11
threshold=3280000.0000000005 8989845.0000000019 15311000.000000002 14341000.000000002 11339707.142857146 328.50000000000006 12695000.000000002 9554503.5714285728 12891300.000000002 3685250.0000000005 6145050.0000000009 7477574.0000000009 72.500000000000014 3512100.0000000005 129.50000000000003 8611004.333333334 9954500.0000000019 6188313.5714285718 5640500.0000000009 1.0000000180025095e-35 5520450.0000000009 7545000.0000000009 9358585.0000000019 8822475.0000000019 6906949.666666667 8291528.5714285728 6021300.0000000009 6953135.0000000009 4460000.0000000009 7517332.1428571437
decision_type=2 2 2 2 2 2 2 2 2 2 2 2 2 2 2 2 2 2 2 2 2 2 2 2 2 2 2 2 2 2
left_child=-1 2 8 4 5 6 7 -3 9 10 -2 12 -11 -13 20 16 19 18 -14 25 -15 -22 23 26 -25 -16 27 28 -19 -28
right_child=1 3 -4 -5 -6 -7 -8 -9 -10 11 -12 13 17 14 15 -17 -18 22 -20 -21 21 -23 -24 24 -26 -27 29 -29 -30 -31
leaf_value=-33467.72642045455 -1221.0607638888887 -4314.9900540865383 -32882.053437499999 24140.311178768385 -5616.8948499177641 21406.347514204546 -7338.016246448864 9417.8772923519737 6826.0093146829058 15604.24327636719 14549.889404296875 -11311.64198811849 2345.1689778645832 1278.8711263020834 1332.2321484374997 -8605.2469637784088 11842.326118164063 8233.9297656249964 -11679.356252872243 7598.0007211538468 -12847.075622558592 -2099.6263313802083 -5562.466939603366 14274.154135742181 -570.9246875 -7187.966796875 -408.57157030607527 8351.821573093961 -4286.0742908296133 -8568.0730273437493
leaf_weight=10.999999999999998 18.000000000000004 12.999999999999998 9.9999999999999982 17 19 10.999999999999998 10.999999999999998 19 17 9.9999999999999982 9.9999999999999982 18 14.999999999999998 11.999999999999998 20.000000000000004 10.999999999999998 9.9999999999999982 10.000000000000002 17 12.999999999999998 16.000000000000004 14.999999999999998 12.999999999999998 10.000000000000002 9.9999999999999982 9.9999999999999982 38 13.999999999999998 21 9.9999999999999982
leaf_count=11 18 13 10 17 19 11 11 19 17 10 10 18 15 12 20 11 10 10 17 13 16 15 13 10 10 10 38 14 21 10
internal_value=-353.468 478.169 -1068.46 6458.45 2340.76 5140.67 979.689 3838.9 -127.226 -495.466 4411.42 -964.383 389.535 -2784.05 -1349.5 1207.88 3244.57 -573.421 -5105.36 1245.09 -5155.84 -7646.7 577.548 1283.92 6851.61 -1507.83 86.5676 2427.94 -247.363 -2108.47
internal_weight=449 438 348 90 73 54 43 32 338 321 28 293 168 125 107 64 53 158 32 43 43 31 126 113 20 30 93 45 31 48
internal_count=449 438 348 90 73 54 43 32 338 321 28 293 168 125 107 64 53 158 32 43 43 31 126 113 20 30 93 45 31 48
is_linear=0
shrinkage=0.05


Tree=274
num_leaves=31
num_cat=0
split_feature=5 11 5 5 8 2 9 9 2 7 6 7 1 7 2 9 0 5 11 8 5 8 5 8 6 5 5 9 11 11
split_gain=4.46377e+12 1.46247e+12 3.7618e+12 2.36555e+12 6.24928e+11 1.11595e+12 3.98914e+11 3.60183e+11 3.27675e+11 3.12422e+11 2.66634e+11 5.77215e+11 2.90979e+11 2.63166e+11 2.5329e+11 8.13108e+11 2.68093e+11 3.05453e+11 2.28475e+11 2.0283e+11 3.90515e+11 3.03336e+11 3.9737e+11 5.99711e+11 2.89869e+11 2.57843e+11 3.85934e+11 2.20719e+11 1.74573e+11 2.60162e+11
threshold=3280000.0000000005 8989845.0000000019 15311000.000000002 14341000.000000002 10969500.000000002 321.50000000000006 10797824.285714287 10065485.714285716 261.50000000000006 12891300.000000002 3685250.0000000005 6145050.0000000009 11.500000000000002 10459500.000000002 33.500000000000007 8090142.8571428573 5.5000000000000009 7545000.0000000009 7303151.666666667 6953135.0000000009 10437500.000000002 8857950.0000000019 7001700.0000000009 7791050.0000000009 9340085.0000000019 7503200.0000000009 6120285.0000000009 6450028.5714285718 7342569.0000000009 7193478.333333334
decision_type=2 2 2 2 2 2 2 2 2 2 2 2 2 2 2 2 2 2 2 2 2 2 2 2 2 2 2 2 2 2
left_child=-1 2 9 4 5 6 8 -6 -3 10 11 -2 13 14 15 -12 19 -18 -19 20 24 22 27 -24 28 26 -23 -21 29 -16
right_child=1 3 -4 -5 7 -7 -8 -9 -10 -11 12 -13 -14 -15 16 -17 17 18 -20 21 -22 25 23 -25 -26 -27 -28 -29 -30 -31
leaf_value=-31794.338960404828 -1160.0078667534722 11541.364165039058 -31237.951132812505 22933.295565257355 2536.8805752563471 17963.257543827938 -6559.8932454427086 -10085.001995027982 -143.29257161458335 6484.7089326746327 -16404.422128906244 13822.395173339843 -6899.802693256579 7075.6556751598009 -1450.8369818504821 3295.1797585227273 -10894.135225423177 3674.2863118489572 -6558.8755273437509 6673.7748934659076 -10582.850468750001 1090.6333679199217 1836.5721607555035 18754.778129882816 5525.8249047173395 3677.2424804687503 -10771.27822265625 -2143.9992114257816 2002.4216545410156 -10332.213671875001
leaf_weight=10.999999999999998 18.000000000000004 10.000000000000002 9.9999999999999982 17 10.000000000000002 12.999999999999998 11.999999999999998 12.999999999999998 14.999999999999998 17 10.000000000000002 9.9999999999999982 19 10.999999999999998 47 10.999999999999998 11.999999999999998 12.000000000000002 9.9999999999999982 11.000000000000002 9.9999999999999982 16.000000000000004 11.000000000000002 9.9999999999999982 18 18 11.999999999999998 20 25 9.9999999999999982
leaf_count=11 18 10 10 17 10 13 12 13 15 17 10 10 19 11 47 11 12 12 10 11 10 16 11 10 18 18 12 20 25 10
internal_value=-335.795 454.26 -1015.03 6135.53 2223.72 5361.36 933.663 -4597.23 4530.57 -120.864 -470.692 4190.85 -916.164 -501.24 -818.144 -6085.58 -361.053 -4477.26 -977.151 311.789 -1161.95 1965.99 4582.34 9892.86 -219.861 -991.627 -3993.04 984.888 -1481.11 -3008.97
internal_weight=449 438 348 90 73 50 37 23 25 338 321 28 293 274 263 21 242 34 22 208 110 98 52 21 100 46 28 31 82 57
internal_count=449 438 348 90 73 50 37 23 25 338 321 28 293 274 263 21 242 34 22 208 110 98 52 21 100 46 28 31 82 57
is_linear=0
shrinkage=0.05


Tree=275
num_leaves=31
num_cat=0
split_feature=5 5 5 11 4 6 8 10 6 10 2 8 11 9 5 8 8 7 5 2 8 0 9 7 6 11 0 9 10 8
split_gain=4.72503e+12 3.05374e+12 2.58151e+12 8.92304e+11 1.56861e+12 5.09067e+11 6.04517e+11 6.05382e+11 2.80261e+11 3.18295e+11 8.76361e+11 2.78136e+11 2.71461e+11 3.26033e+11 2.58234e+11 3.19114e+11 5.95304e+11 2.23235e+11 5.59427e+11 3.05397e+11 2.15567e+11 4.91112e+11 4.99438e+11 1.65052e+11 2.2305e+11 2.72895e+11 3.17472e+11 2.01978e+11 1.85131e+11 1.3943e+11
threshold=3075750.0000000005 18678800.000000004 14614885.000000002 11619903.500000002 1.0000000180025095e-35 17430950.000000004 14941150.000000002 5764964.2857142864 14341000.000000002 8029273.92857143 21.500000000000004 4371750.0000000009 7640314.8717948729 11082285.714285716 10189250.000000002 4062500.0000000005 1.0000000180025095e-35 7900200.0000000009 9037500.0000000019 293.50000000000006 10727235.000000002 2.5000000000000004 8229339.2857142864 9932500.0000000019 9340085.0000000019 6280299.0000000009 2.5000000000000004 6485692.8571428582 6223298.92857143 7445700.0000000009
decision_type=2 2 2 2 2 2 2 2 2 2 2 2 2 2 2 2 2 2 2 2 2 2 2 2 2 2 2 2 2 2
left_child=-1 2 3 4 5 6 7 -2 9 10 -9 -11 -13 17 15 16 -12 18 19 -14 21 -19 -23 24 25 26 -17 28 -27 -30
right_child=1 -3 -4 -5 -6 -7 -8 8 -10 11 14 12 13 -15 -16 23 -18 20 -20 -21 -22 22 -24 -25 -26 27 -28 -29 29 -31
leaf_value=34407.913437500007 11176.583217551492 24543.035481770836 -22147.705552455358 -10915.519803659539 17978.881477864586 9356.802216045673 -12835.961132812501 -16062.996035156251 -8984.5948828125001 -5986.5798362038358 -1497.1365742076528 7966.0140733506942 6913.7498572716331 8924.8194254557293 -7258.8924462890636 -482.72940266927071 11420.509716796876 12529.233072916668 -11115.947588641828 -4708.6143945312497 -3919.699360351563 -7502.6852539062475 7936.4877734375004 -6588.8159493582589 4153.0110814144746 -3271.795693359375 -11760.69064378005 -2066.6228075837439 8394.9568021334107 1071.9222055288462
leaf_weight=9.9999999999999982 10.999999999999998 11.999999999999998 13.999999999999998 19 11.999999999999998 12.999999999999998 9.9999999999999982 9.9999999999999982 9.9999999999999982 10.999999999999998 22 18 13.000000000000002 11.999999999999998 14.999999999999998 12.000000000000002 14.999999999999998 11.999999999999998 12.999999999999998 9.9999999999999982 9.9999999999999982 11.000000000000002 9.9999999999999982 13.999999999999998 19 9.9999999999999982 12.999999999999998 73 13.000000000000002 12.999999999999998
leaf_count=10 11 12 14 19 12 13 10 10 10 11 22 18 13 12 15 12 15 12 13 10 10 11 10 14 19 10 13 73 13 13
internal_value=414.109 -341.309 -1023.07 -325.56 171.253 -372.492 -705.336 -377.481 -731.505 -495.027 -1588.09 1590.9 2355.6 1245.85 -927.136 -461.565 3739.75 79.4231 -2825.41 1860.55 2511.38 4460.19 -150.698 -1392.39 -916.905 -1635.77 -6347.27 -555.156 2509.76 4733.44
internal_weight=460 450 438 424 405 393 380 370 359 349 229 120 109 91 219 204 37 79 36 23 43 33 21 167 153 134 25 109 36 26
internal_count=460 450 438 424 405 393 380 370 359 349 229 120 109 91 219 204 37 79 36 23 43 33 21 167 153 134 25 109 36 26
is_linear=0
shrinkage=0.05


Tree=276
num_leaves=31
num_cat=0
split_feature=5 5 5 11 4 10 5 11 11 10 10 9 10 5 5 8 10 9 5 2 0 10 11 2 8 8 8 8 8 7
split_gain=4.26434e+12 2.756e+12 2.32982e+12 8.05305e+11 1.41567e+12 4.43848e+11 3.66225e+11 4.79642e+11 7.63785e+11 4.65147e+11 2.50233e+11 4.49738e+11 1.85461e+11 2.71898e+11 5.82818e+11 3.7565e+11 2.23105e+11 2.1633e+11 3.44134e+11 3.29378e+11 3.71713e+11 2.2022e+11 1.90314e+11 1.3529e+11 1.2307e+11 4.22953e+11 1.73137e+11 1.5735e+11 2.75796e+11 1.20478e+11
threshold=3075750.0000000005 18678800.000000004 14614885.000000002 11619903.500000002 1.0000000180025095e-35 10378296.428571431 10330575.000000002 7506482.0000000009 8652095.0000000019 5764964.2857142864 9729565.0000000019 10354842.85714286 7004323.2142857155 7453500.0000000009 6953135.0000000009 4876250.0000000009 6462271.4285714291 6854957.1428571437 4832500.0000000009 321.50000000000006 1.0000000180025095e-35 7306241.7857142864 8197331.666666667 102.50000000000001 8896500.0000000019 10166750.000000002 5485500.0000000009 6369800.0000000009 7274800.0000000009 5803250.0000000009
decision_type=2 2 2 2 2 2 2 2 2 2 2 2 2 2 2 2 2 2 2 2 2 2 2 2 2 2 2 2 2 2
left_child=-1 2 3 4 5 6 9 -8 -9 -2 11 12 13 14 15 -11 -15 21 -19 20 -20 -14 -23 -17 26 -26 -22 -28 -29 -25
right_child=1 -3 -4 -5 -6 -7 7 8 -10 10 -12 -13 17 16 -16 23 -18 18 19 -21 24 22 -24 29 25 -27 27 28 -30 -31
leaf_value=32687.517883300781 9998.0465110085224 23315.883723958337 -21040.320284598216 -10369.743701171876 17079.937662760418 8388.8466482979911 3559.3811014811199 -16921.252239118305 -1349.7574001736111 -7966.2224790954588 -6361.7491785386037 9358.7286458333328 8341.1751953125004 8113.6628906250007 -14754.015205078125 -3790.716837565104 -674.32709021935102 -7274.6709167480476 -7214.1405539772722 -8070.1534765625001 4016.0753906250002 -3684.1901285807285 5220.7332845052088 -1469.6371349516369 13367.818124999998 -555.31351521809893 -5388.1605900691111 7549.3451953124968 -4193.6586572265624 3667.5207729492195
leaf_weight=9.9999999999999982 10.999999999999998 11.999999999999998 13.999999999999998 19 11.999999999999998 13.999999999999998 11.999999999999998 13.999999999999998 18 20 17 11.999999999999998 15.999999999999998 9.9999999999999982 9.9999999999999982 18 26 15.999999999999998 10.999999999999998 9.9999999999999982 33 12.000000000000002 11.999999999999998 21 10.000000000000002 11.999999999999998 12.999999999999998 10.000000000000002 9.9999999999999982 25
leaf_count=10 11 12 14 19 12 14 12 14 18 20 17 12 16 10 10 18 26 16 11 10 33 12 12 21 10 12 13 10 10 25
internal_value=393.404 -324.243 -971.918 -309.282 162.69 -353.867 -676.817 -4965.47 -8162.29 -113.531 -456.826 -129.843 -515.819 -1928.21 -3343.32 -1984.9 1766.78 596.977 -427.169 577.969 1451.52 3797.43 768.272 -115.738 2534.72 5773.38 1455.17 -1105.73 1677.84 1322.3
internal_weight=460 450 438 424 405 393 379 44 32 335 324 307 295 130 94 84 36 165 125 109 99 40 24 64 88 22 66 33 20 46
internal_count=460 450 438 424 405 393 379 44 32 335 324 307 295 130 94 84 36 165 125 109 99 40 24 64 88 22 66 33 20 46
is_linear=0
shrinkage=0.05


Tree=277
num_leaves=31
num_cat=0
split_feature=5 5 5 11 4 6 8 10 6 10 2 8 8 9 10 5 8 8 5 8 8 2 0 6 5 8 5 0 2 9
split_gain=3.84857e+12 2.48729e+12 2.10266e+12 7.26788e+11 1.27765e+12 4.42774e+11 5.45658e+11 4.98272e+11 2.50176e+11 2.85905e+11 7.72312e+11 2.48356e+11 2.58919e+11 2.37522e+11 3.72778e+11 2.26898e+11 4.06339e+11 3.7081e+11 2.23441e+11 2.83704e+11 5.49695e+11 2.22666e+11 1.37637e+11 3.83064e+11 2.33736e+11 1.18842e+11 1.28039e+11 1.58567e+11 8.55722e+10 1.12109e+11
threshold=3075750.0000000005 18678800.000000004 14614885.000000002 11619903.500000002 1.0000000180025095e-35 17430950.000000004 14941150.000000002 5764964.2857142864 14341000.000000002 8029273.92857143 21.500000000000004 4371750.0000000009 5408200.0000000009 11082285.714285716 9976959.6428571437 8399300.0000000019 8787500.0000000019 7693150.0000000009 10189250.000000002 4062500.0000000005 1.0000000180025095e-35 233.50000000000003 4.5000000000000009 6683535.0000000009 7513800.0000000009 4460000.0000000009 6847850.0000000009 1.0000000180025095e-35 75.500000000000014 6485692.8571428582
decision_type=2 2 2 2 2 2 2 2 2 2 2 2 2 2 2 2 2 2 2 2 2 2 2 2 2 2 2 2 2 2
left_child=-1 2 3 4 5 6 7 -2 9 10 -9 -11 -13 14 15 17 -17 -14 19 20 -12 -19 25 -24 -25 -21 28 -28 -27 -30
right_child=1 -3 -4 -5 -6 -7 -8 8 -10 11 18 12 13 -15 -16 16 -18 21 -20 22 -22 -23 23 24 -26 26 27 -29 29 -31
leaf_value=31053.144023437504 10147.117995383524 22150.089680989586 -19988.30461774554 -9851.2567901611328 16225.941829427085 8737.5387770432699 -12171.552089843752 -15057.293300781252 -8453.8471093750013 -5616.2552778764211 -1486.1765851107511 7570.4472373560857 -877.49353143601184 8412.1723437500004 -7885.9597900390627 5691.8892285156235 -7319.9523974609374 2900.9815429687492 -6738.1104317220061 -5689.0566723632819 10926.769723307292 13003.214811197919 -11319.336873372396 -4107.3288420024664 5051.0873890269895 -3121.3668164062501 -6595.649665178571 50.579617187500006 3902.6534898237751 -218.77483280066292
leaf_weight=9.9999999999999982 10.999999999999998 11.999999999999998 13.999999999999998 19 11.999999999999998 12.999999999999998 9.9999999999999982 9.9999999999999982 9.9999999999999982 10.999999999999998 22 19 21 9.9999999999999982 11.999999999999998 10.000000000000002 14.999999999999998 10.000000000000002 14.999999999999998 9.9999999999999982 14.999999999999998 11.999999999999998 11.999999999999998 19.000000000000004 10.999999999999998 9.9999999999999982 13.999999999999998 25 33 33
leaf_count=10 11 12 14 19 12 13 10 10 10 11 22 19 21 10 12 10 15 10 15 10 15 12 12 19 11 10 14 25 33 33
internal_value=373.734 -308.031 -923.322 -293.818 154.556 -336.174 -646.59 -335.105 -656.287 -432.861 -1468.82 1544.09 2266.69 1147.01 238.864 1672.66 -2115.22 3874.91 -848.339 -415.267 3546.1 8411.29 -1292.94 -3769.27 -749.243 -460.887 -6.26328 -2335.25 1188.87 1841.94
internal_weight=460 450 438 424 405 393 380 370 359 349 229 120 109 90 80 68 25 43 219 204 37 22 167 42 30 125 115 39 76 66
internal_count=460 450 438 424 405 393 380 370 359 349 229 120 109 90 80 68 25 43 219 204 37 22 167 42 30 125 115 39 76 66
is_linear=0
shrinkage=0.05


Tree=278
num_leaves=31
num_cat=0
split_feature=5 5 5 11 4 6 8 10 6 10 1 8 7 7 5 5 8 6 7 5 8 8 7 6 11 0 9 9 8 5
split_gain=3.47333e+12 2.24478e+12 1.89765e+12 6.55926e+11 1.15307e+12 3.99604e+11 4.92457e+11 4.49691e+11 2.25784e+11 2.5803e+11 4.71869e+11 2.24142e+11 2.42822e+11 3.75452e+11 2.65235e+11 2.42297e+11 2.66919e+11 2.59019e+11 2.16626e+11 1.99513e+11 2.54212e+11 5.30034e+11 1.5253e+11 1.90139e+11 2.29722e+11 2.71916e+11 1.70677e+11 1.60534e+11 1.72649e+11 1.34606e+11
threshold=3075750.0000000005 18678800.000000004 14614885.000000002 11619903.500000002 1.0000000180025095e-35 17430950.000000004 14941150.000000002 5764964.2857142864 14341000.000000002 8029273.92857143 1.5000000000000002 4371750.0000000009 5485500.0000000009 4905425.0000000009 11856175.000000002 9637750.0000000019 6575025.0000000009 7835950.0000000009 9012660.0000000019 10189250.000000002 4062500.0000000005 2687250.0000000005 9932500.0000000019 9340085.0000000019 6280299.0000000009 2.5000000000000004 6485692.8571428582 6061065.7142857155 7513800.0000000009 6533000.0000000009
decision_type=2 2 2 2 2 2 2 2 2 2 2 2 2 2 2 2 2 2 2 2 2 2 2 2 2 2 2 2 2 2
left_child=-1 2 3 4 5 6 7 -2 9 10 -9 -11 13 -13 15 16 29 -18 -19 20 21 -12 23 24 25 -22 27 -26 -29 -14
right_child=1 -3 -4 -5 -6 -7 -8 8 -10 11 19 12 14 -15 -16 -17 17 18 -20 -21 22 -23 -24 -25 26 -27 -28 28 -30 -31
leaf_value=29500.483066406254 9639.7624200994323 21042.585172526044 -18988.889529854914 -9358.6937011718746 15414.643896484376 8300.6614032451926 -11562.974562988282 -10647.004895958535 -8031.1546484374994 -5335.4425770152702 -640.99625268554701 609.88344282670437 816.00317007211515 13996.178164062501 8263.1357199928971 -5306.2608025045956 8920.6599639892574 -4818.1906640624984 5589.1697460937503 -6401.2052652994789 -369.39298502604157 12529.636629971592 -6452.2478816105768 3869.3539923416938 -1400.0452758789063 -10806.851829176683 -1883.553975423177 9964.894067382811 673.78401367187507 -6699.1883345170463
leaf_weight=9.9999999999999982 10.999999999999998 11.999999999999998 13.999999999999998 19 11.999999999999998 12.999999999999998 9.9999999999999982 12.999999999999998 9.9999999999999982 10.999999999999998 25 11.000000000000002 13.000000000000002 9.9999999999999982 10.999999999999998 17 15.999999999999998 10.000000000000002 9.9999999999999982 14.999999999999998 12.000000000000002 10.999999999999998 12.999999999999998 19 15.999999999999998 12.999999999999998 72 10.000000000000002 9.9999999999999982 10.999999999999998
leaf_count=10 11 12 14 19 12 13 10 13 10 11 25 11 13 10 11 17 16 10 10 15 12 11 13 19 16 13 72 10 10 11
internal_value=355.047 -292.63 -877.156 -279.127 146.828 -319.365 -614.261 -318.349 -623.473 -411.218 -1395.38 1466.88 2153.36 6984.31 1000.52 -37.0015 1455.96 4178.9 385.49 -838.565 -423.443 3383.36 -1254.02 -809.434 -1477.83 -5796.87 -478.054 2332.95 5319.34 -2628.46
internal_weight=460 450 438 424 405 393 380 370 359 349 229 120 109 21 88 77 60 36 20 216 201 36 165 152 133 25 108 36 20 24
internal_count=460 450 438 424 405 393 380 370 359 349 229 120 109 21 88 77 60 36 20 216 201 36 165 152 133 25 108 36 20 24
is_linear=0
shrinkage=0.05


Tree=279
num_leaves=31
num_cat=0
split_feature=5 5 5 9 4 8 6 9 7 2 11 6 6 7 11 7 9 2 5 5 5 2 5 8 8 9 2 7 2 2
split_gain=3.13468e+12 2.02591e+12 1.71263e+12 6.37507e+11 2.25056e+12 2.1066e+12 8.07783e+11 3.75306e+11 6.97025e+11 2.82706e+11 8.84146e+11 1.0226e+12 3.14833e+11 3.15157e+11 2.97058e+11 3.60175e+11 2.90707e+11 2.83496e+11 2.72661e+11 3.40853e+11 6.77088e+11 2.1614e+11 2.37228e+11 2.56984e+11 2.00867e+11 1.8932e+11 1.65135e+11 1.53498e+11 1.69022e+11 1.38204e+11
threshold=3075750.0000000005 18678800.000000004 14614885.000000002 10713747.85714286 1.0000000180025095e-35 10034000.000000002 10482500.000000002 10230740.714285716 14825500.000000002 185.50000000000003 6577307.833333334 12695000.000000002 12335000.000000002 7471500.0000000009 7550486.8750000009 5344000.0000000009 6774835.7142857155 21.500000000000004 9422500.0000000019 7323000.0000000009 6021300.0000000009 203.50000000000003 9954500.0000000019 4371750.0000000009 6168000.0000000009 7244710.7142857155 99.500000000000014 4460000.0000000009 275.50000000000006 102.50000000000001
decision_type=2 2 2 2 2 2 2 2 2 2 2 2 2 2 2 2 2 2 2 2 2 2 2 2 2 2 2 2 2 2
left_child=-1 2 3 4 7 6 -5 8 9 10 -2 14 13 18 15 -12 26 -16 19 20 25 -15 23 -23 -25 27 -17 -11 -29 -18
right_child=1 -3 -4 5 -6 -7 -8 -9 -10 12 11 -13 -14 21 17 16 29 -19 -20 -21 -22 22 -24 24 -26 -27 -28 28 -30 -31
leaf_value=28025.460820312503 15831.153828125 19990.456429036461 -18039.444440569197 12297.199472656246 23769.694960937501 -24903.188884943185 -5259.3682976973687 6581.0853824013166 -12476.808345540365 5787.0163762019238 7884.1898239135744 15773.524318847658 -9642.0110085227279 -5153.9639637340206 -8990.78662109375 -1227.251841517857 -1600.2725142045449 -1156.3847113715278 -8160.8066894531257 4005.3802804129468 -11923.908381204044 8328.5418164062503 8485.3819974459147 -6416.8331787109382 1255.6198820415298 -5610.0390775240385 -9639.8587109375003 -4268.2011702473947 4123.8068554687507 5592.3699391084556
leaf_weight=9.9999999999999982 9.9999999999999982 11.999999999999998 13.999999999999998 10.000000000000002 9.9999999999999982 10.999999999999998 19 19 11.999999999999998 12.999999999999998 15.999999999999998 9.9999999999999982 10.999999999999998 10.999999999999998 17 14.000000000000002 11.000000000000002 36 19 21 17 9.9999999999999982 12.999999999999998 10.999999999999998 38 12.999999999999998 9.9999999999999982 15.000000000000002 9.9999999999999982 17
leaf_count=10 10 12 14 10 10 11 19 19 12 13 16 10 11 11 17 14 11 36 19 21 17 10 13 11 38 13 10 15 10 17
internal_value=337.294 -277.998 -833.298 -265.171 360.569 -6272.28 794.621 -265.343 -631.772 -217.368 1500.76 406.842 -1416.66 -942.947 -863.132 1324.03 -694.477 -3669.31 -2723.45 -1562.67 -3282.22 1373.86 2371.16 1023.96 -466.768 -401.652 -4732.5 1380.16 -911.398 2766.69
internal_weight=460 450 438 424 384 40 29 374 355 343 141 131 202 191 121 68 52 53 108 89 68 83 72 59 49 51 24 38 25 28
internal_count=460 450 438 424 384 40 29 374 355 343 141 131 202 191 121 68 52 53 108 89 68 83 72 59 49 51 24 38 25 28
is_linear=0
shrinkage=0.05


Tree=280
num_leaves=31
num_cat=0
split_feature=5 5 4 2 11 6 6 5 8 11 6 0 11 11 9 9 5 0 6 8 10 7 11 9 11 7 6 9 7 7
split_gain=7.56491e+12 1.16143e+12 5.19553e+11 4.80631e+11 6.14904e+11 5.3804e+11 3.93655e+11 4.62426e+11 6.67615e+11 4.45777e+11 4.0866e+11 3.64217e+11 3.43584e+11 1.32275e+12 3.97994e+11 4.55234e+11 3.66585e+11 5.31179e+11 4.88618e+11 2.76799e+11 3.95041e+11 2.22295e+11 5.84444e+11 5.12636e+11 1.95338e+11 1.31886e+11 3.10893e+11 1.86684e+11 1.22165e+11 2.8398e+11
threshold=3280000.0000000005 17430950.000000004 1.0000000180025095e-35 354.50000000000006 11619903.500000002 17430950.000000004 7740500.0000000009 10060700.000000002 11343035.000000002 9080778.3333333358 10437500.000000002 4.5000000000000009 6126399.6666666679 6268048.166666667 6755505.0000000009 7025512.1428571446 10482500.000000002 1.5000000000000002 7453500.0000000009 8556500.0000000019 7339648.92857143 4832500.0000000009 6923072.3333333349 6348806.42857143 7178133.1666666679 6754300.0000000009 10142500.000000002 7339892.8571428582 5898500.0000000009 7596300.0000000009
decision_type=2 2 2 2 2 2 2 2 2 2 2 2 2 2 2 2 2 2 2 2 2 2 2 2 2 2 2 2 2 2
left_child=-1 2 3 4 5 6 12 8 9 19 11 -9 -2 -14 21 -16 18 -18 28 25 -21 -15 23 -23 -24 27 -27 -8 -17 -30
right_child=1 -3 -4 -5 -6 -7 7 10 -10 -11 -12 -13 13 14 15 16 17 -19 -20 20 -22 22 24 -25 -26 26 -28 -29 29 -31
leaf_value=42154.646661931823 -6130.2244899204807 -13054.348412704469 10926.401928710939 8596.7539981617647 -9016.9361016167531 11339.354654208097 4044.5933658854156 4192.3632368607941 -11835.714240056819 9777.4759014423089 -12742.995556640626 -8674.3854248046882 18070.511844889323 3121.5907904730902 11307.370577566966 1485.9152895720108 15864.5871899414 -57.640198863636364 10381.358320312502 10656.583707682288 -2461.4341441761367 -17404.820862926132 5379.8837740384624 -1762.9787768554688 -2080.1253020109957 -9057.6360881805413 2180.7058789062498 -3983.5001395089284 -8073.0199649586402 176.59390010127316
leaf_weight=10.999999999999998 13.999999999999998 15.999999999999998 11.999999999999998 17 18 10.999999999999998 15.000000000000002 11.000000000000002 10.999999999999998 12.999999999999998 15.999999999999998 10.999999999999998 11.999999999999998 18 13.999999999999998 23 10.000000000000002 10.999999999999998 9.9999999999999982 12.000000000000002 10.999999999999998 11.000000000000002 12.999999999999998 9.9999999999999982 27 16.000000000000004 9.9999999999999982 13.999999999999998 17 27
leaf_count=11 14 16 12 17 18 11 15 11 11 13 16 11 12 18 14 23 10 11 10 12 11 11 13 10 27 16 10 14 17 27
internal_value=1209.43 164.426 674.065 368.785 6.41318 447.773 112.178 -1954.91 -200.957 1205.44 -6662.9 -2241.01 1445.78 1968.27 956.609 2873.49 1668.65 7524.37 71.6407 -223.231 4382.75 -1761 -3201.77 -9956.32 344.378 -2149.37 -4735.2 168.962 -1467.12 -3010.76
internal_weight=442 431 415 403 386 368 357 140 102 91 38 22 217 203 191 112 98 21 77 78 23 79 61 21 40 55 26 29 67 44
internal_count=442 431 415 403 386 368 357 140 102 91 38 22 217 203 191 112 98 21 77 78 23 79 61 21 40 55 26 29 67 44
is_linear=0
shrinkage=0.05


Tree=281
num_leaves=31
num_cat=0
split_feature=5 5 4 2 8 6 10 9 6 6 5 0 9 6 8 0 0 5 11 8 10 8 6 5 5 10 10 2 6 6
split_gain=6.82734e+12 1.04819e+12 4.68897e+11 4.3377e+11 5.55321e+11 3.27239e+11 3.48089e+11 3.5985e+11 3.19087e+11 2.79102e+11 2.45988e+11 4.17685e+11 2.91372e+11 3.6315e+11 2.38632e+11 2.37428e+11 2.36713e+11 6.53183e+11 5.73542e+11 4.60316e+11 8.59331e+11 4.47922e+11 3.98584e+11 3.58395e+11 2.60173e+11 2.08322e+11 1.68982e+11 1.3904e+11 1.32775e+11 9.65404e+10
threshold=3280000.0000000005 17430950.000000004 1.0000000180025095e-35 354.50000000000006 15370600.000000002 7740500.0000000009 5835603.5714285718 6701426.42857143 5708800.0000000009 6405800.0000000009 10482500.000000002 1.5000000000000002 6885646.42857143 7453500.0000000009 5285500.0000000009 1.5000000000000002 2.5000000000000004 5559700.0000000009 8772851.833333334 7494200.0000000009 10013842.85714286 5803250.0000000009 11343035.000000002 7287800.0000000009 7900200.0000000009 7817585.7142857155 7004323.2142857155 235.50000000000003 5072500.0000000009 5640500.0000000009
decision_type=2 2 2 2 2 2 2 2 2 2 2 2 2 2 2 2 2 2 2 2 2 2 2 2 2 2 2 2 2 2
left_child=-1 2 3 4 5 6 -2 8 14 -10 12 -12 -9 26 -8 -16 17 -7 23 20 21 24 25 -19 -18 -21 -14 -11 -28 -30
right_child=1 -3 -4 -5 -6 16 7 10 9 27 11 -13 13 -15 15 -17 19 18 -20 22 -22 -23 -24 -25 -26 -27 28 -29 29 -31
leaf_value=40046.917080965912 10761.378359375001 -12401.630014038086 10380.081665039062 8166.9162798713242 -9425.6032812499998 -8832.594970703125 7772.8071126302084 9960.7830654907229 -11597.822812500001 723.28531558388158 14710.46622154929 1221.72490234375 -5236.0941127232145 9862.2900585937514 4273.9861816406255 -4140.984007504112 4441.7987150493418 6415.2281148274724 12627.071119907925 1451.4108300781247 -18927.987675781253 -8979.2502646998364 7482.3047607421877 -5360.3641322544645 -4737.8788010817307 -7387.1770060221361 4315.7618549547697 -5843.544409179688 -4512.7145141601568 847.53388323102683
leaf_weight=10.999999999999998 9.9999999999999982 15.999999999999998 11.999999999999998 17 14.999999999999998 11.999999999999998 11.999999999999998 9.9999999999999982 9.9999999999999982 19 11.000000000000002 11.999999999999998 13.999999999999998 9.9999999999999982 14.999999999999998 19 19 12.000000000000002 13.999999999999998 15.000000000000002 9.9999999999999982 19 15.999999999999998 13.999999999999998 12.999999999999998 11.999999999999998 19 13.999999999999998 11.999999999999998 28
leaf_count=11 10 16 12 17 15 12 12 10 10 19 11 12 14 10 15 19 19 12 14 15 10 19 16 14 13 12 19 14 12 28
internal_value=1148.96 156.205 640.362 350.346 6.09251 387.428 1652.34 1207.99 -1183.6 -4280.13 3042.92 7672.86 1897.88 926.451 1710.97 -428.497 -1355.87 1398.57 4467.92 -2733.1 -5525.97 -2898.12 1228.88 74.5246 712.555 -2476.85 -297.637 -2062.64 874.201 -760.541
internal_weight=442 431 415 403 386 371 215 205 89 43 116 23 93 83 46 34 156 52 40 104 61 51 43 26 32 27 73 33 59 40
internal_count=442 431 415 403 386 371 215 205 89 43 116 23 93 83 46 34 156 52 40 104 61 51 43 26 32 27 73 33 59 40
is_linear=0
shrinkage=0.05


Tree=282
num_leaves=31
num_cat=0
split_feature=5 0 5 5 5 11 11 9 8 10 6 1 11 7 9 9 5 11 8 8 5 5 5 7 11 9 0 10 11 7
split_gain=6.16167e+12 1.0144e+12 4.18928e+12 3.05763e+12 6.2153e+11 4.104e+11 8.41244e+11 9.23815e+11 4.04892e+11 3.73229e+11 4.82833e+11 3.80972e+11 3.76071e+11 3.15408e+11 3.12252e+11 3.14646e+11 4.25176e+11 3.3725e+11 2.89289e+11 5.05771e+11 4.87162e+11 2.98896e+11 4.61644e+11 2.7401e+11 2.59257e+11 2.48263e+11 2.60127e+11 2.20487e+11 2.74422e+11 2.12199e+11
threshold=3280000.0000000005 5.5000000000000009 17430950.000000004 13026200.000000002 7039250.0000000009 11904506.500000002 11124899.166666668 11339707.142857146 7596300.0000000009 5835603.5714285718 3817075.0000000005 11.500000000000002 9832098.333333334 6609500.0000000009 8090142.8571428573 7142030.0000000009 6905000.0000000009 7211026.3333333349 5408200.0000000009 6905000.0000000009 10784000.000000002 8752250.0000000019 6575025.0000000009 7137200.0000000009 7527677.8823529417 6701426.42857143 1.0000000180025095e-35 6072758.92857143 7611607.8333333349 6533000.0000000009
decision_type=2 2 2 2 2 2 2 2 2 2 2 2 2 2 2 2 2 2 2 2 2 2 2 2 2 2 2 2 2 2
left_child=-1 2 5 4 -3 6 9 -8 23 -2 13 12 14 -11 15 25 17 -17 -16 -20 21 22 -21 -6 -18 26 -12 -28 29 -29
right_child=1 3 -4 -5 8 -7 7 -9 -10 10 11 -13 -14 -15 18 16 24 -19 19 20 -22 -23 -24 -25 -26 -27 27 28 -30 -31
leaf_value=38044.571075994318 -9167.6245738636371 12217.9913671875 -28700.904559795676 31435.459140625004 338.72084517045448 -7903.7386280314131 20248.575861150563 188.17707112630208 5053.6234514508933 1888.7683000837051 4937.5585302352911 -7875.7151489257812 -8988.2520774147724 13202.772496448866 8613.3389105902788 -6179.7201171874985 -4273.1320617675774 4641.5919189453125 -5943.4395823759196 -1563.0657226562498 13912.315800781253 -5430.8632013494316 12124.723162286933 -10206.669820295063 -14244.6439453125 4134.2546670449747 3982.374499511719 -8897.8476050967274 3565.5728515625001 -1946.0913255774458
leaf_weight=10.999999999999998 10.999999999999998 9.9999999999999982 12.999999999999998 9.9999999999999982 11.000000000000002 14.999999999999998 11.000000000000002 11.999999999999998 13.999999999999998 14.000000000000002 15.999999999999998 15.999999999999998 10.999999999999998 10.999999999999998 18 12.000000000000002 16.000000000000004 18 17 14.000000000000002 9.9999999999999982 10.999999999999998 10.999999999999998 13.999999999999998 10.999999999999998 37 11.999999999999998 21 10.999999999999998 23
leaf_count=11 11 10 13 10 11 15 11 12 14 14 16 16 11 11 18 12 16 18 17 14 10 11 11 14 11 37 12 21 11 23
internal_value=1091.51 148.394 -817.634 6239.28 1097.21 192.067 545.081 9782.28 -1754.27 -116.774 204.385 -380.048 65.7904 6866.93 451.815 -724.892 -3783.67 313.067 3023.14 1425.94 4149.41 1437.49 4459.56 -5566.7 -8335.6 728.027 -790.412 -2158.29 -3498.07 -5263.98
internal_weight=442 431 372 59 49 359 344 23 39 321 310 285 269 25 258 177 57 30 81 63 46 36 25 25 27 120 83 67 55 44
internal_count=442 431 372 59 49 359 344 23 39 321 310 285 269 25 258 177 57 30 81 63 46 36 25 25 27 120 83 67 55 44
is_linear=0
shrinkage=0.05


Tree=283
num_leaves=31
num_cat=0
split_feature=5 7 7 5 7 2 11 5 11 11 11 10 1 2 7 11 11 2 5 7 5 2 5 8 10 11 7 10 0 0
split_gain=5.56091e+12 9.56118e+11 3.43455e+12 1.88875e+12 6.22419e+11 1.04864e+12 9.02794e+11 9.84756e+11 2.69205e+11 7.90655e+11 3.15101e+11 5.91334e+11 7.6393e+11 8.33365e+11 3.86006e+11 3.36468e+11 2.55103e+11 4.97627e+11 9.62768e+11 1.07315e+12 3.37558e+11 2.88808e+11 2.75768e+11 2.4143e+11 2.29456e+11 1.69972e+11 1.69261e+11 2.10327e+11 1.88926e+11 1.30188e+11
threshold=3280000.0000000005 15109650.000000002 18152500.000000004 17430950.000000004 12001950.000000002 263.50000000000006 11124899.166666668 9467800.0000000019 8611004.333333334 8989845.0000000019 7656438.6666666679 8877895.3571428601 7.5000000000000009 344.50000000000006 9932500.0000000019 7773976.3333333349 7562019.666666667 156.50000000000003 6975000.0000000009 6754300.0000000009 4876250.0000000009 129.50000000000003 5559700.0000000009 9932500.0000000019 9774853.5714285728 7211026.3333333349 7137200.0000000009 7089067.8571428573 4.5000000000000009 1.5000000000000002
decision_type=2 2 2 2 2 2 2 2 2 2 2 2 2 2 2 2 2 2 2 2 2 2 2 2 2 2 2 2 2 2
left_child=-1 3 -3 4 6 -6 8 -8 10 -10 14 12 15 -14 16 -12 17 18 20 -20 -2 -18 -22 24 -11 26 27 -19 -28 -27
right_child=1 2 -4 -5 5 -7 7 -9 9 23 11 -13 13 -15 -16 -17 21 25 19 -21 22 -23 -24 -25 -26 29 28 -29 -30 -31
leaf_value=36142.340216619319 7122.3760546875001 32089.55984374999 -6886.4539475661068 -18465.403180803572 1558.6304327713815 -16126.156614583333 74.371793619791646 20330.608211263025 -13832.964648437501 2974.1399169921865 8493.1440585049695 -3418.0494535900298 24355.854965820305 3943.05716796875 -9806.7299707031252 -2495.1240260074014 -11127.407451171872 497.60412430108767 3131.0067903645827 23692.018971946025 -9725.7528409090883 613.1339177911932 558.37454223632812 6382.9765299479168 -7490.7031205610801 -2588.6944498697922 -2050.9620082310262 -7125.5100402832031 -11049.190920410158 3670.4490306712964
leaf_weight=10.999999999999998 9.9999999999999982 10.000000000000002 12.999999999999998 13.999999999999998 19 14.999999999999998 12.000000000000002 11.999999999999998 12.999999999999998 10.000000000000002 11.000000000000002 21 10.000000000000002 9.9999999999999982 9.9999999999999982 19 10.000000000000002 51 15.000000000000002 10.999999999999998 11.000000000000002 10.999999999999998 15.999999999999998 11.999999999999998 10.999999999999998 11.999999999999998 14.000000000000002 10.999999999999998 9.9999999999999982 27
leaf_count=11 10 10 13 14 19 15 12 12 13 10 11 21 10 10 10 19 10 51 15 11 11 11 16 12 11 12 14 11 10 27
internal_value=1036.94 140.975 10059.6 -418.166 223.107 -6243.48 833.84 10202.5 164.651 -3388.89 728.317 3622.92 6580.13 14149.5 -210.116 1533.91 249.052 832.88 4456.38 11829.9 -725.014 -4977.6 -3631.46 725.436 -2507.44 -993.363 -2234.98 -854.884 -5800.22 1744.56
internal_weight=442 431 23 408 394 34 360 24 336 46 290 71 50 20 219 30 209 188 63 26 37 21 27 33 21 125 86 62 24 39
internal_count=442 431 23 408 394 34 360 24 336 46 290 71 50 20 219 30 209 188 63 26 37 21 27 33 21 125 86 62 24 39
is_linear=0
shrinkage=0.05


Tree=284
num_leaves=31
num_cat=0
split_feature=5 0 5 2 10 2 7 2 11 9 6 10 6 7 7 7 7 10 10 5 7 7 0 11 9 11 5 5 6 0
split_gain=5.01872e+12 9.08636e+11 3.53314e+12 2.84348e+12 9.48949e+11 6.94461e+11 3.82463e+11 8.95255e+11 7.26276e+11 8.01772e+11 5.30173e+11 3.6359e+11 3.52004e+11 2.55534e+11 1.8718e+11 2.77277e+11 4.53402e+11 2.35076e+11 5.64389e+11 2.44191e+11 1.74581e+11 1.70131e+11 1.7907e+11 1.69216e+11 3.81943e+11 1.57309e+11 1.4472e+11 3.57423e+11 5.89908e+11 2.64173e+11
threshold=3280000.0000000005 5.5000000000000009 17430950.000000004 312.50000000000006 8244222.8571428573 156.50000000000003 12001950.000000002 335.50000000000006 11124899.166666668 11589428.571428573 9037500.0000000019 5835603.5714285718 3685250.0000000005 5767650.0000000009 10727235.000000002 9187935.0000000019 8715000.0000000019 8877895.3571428601 8267596.0714285718 9954500.0000000019 7835950.0000000009 4371750.0000000009 1.5000000000000002 8110645.0000000009 7444051.42857143 7243910.666666667 5100500.0000000009 5873000.0000000009 5929500.0000000009 1.0000000180025095e-35
decision_type=2 2 2 2 2 2 2 2 2 2 2 2 2 2 2 2 2 2 2 2 2 2 2 2 2 2 2 2 2 2
left_child=-1 2 6 4 5 -3 8 10 11 -10 -8 -2 13 -13 15 16 17 18 20 -19 21 22 -14 24 -17 -7 -23 28 -28 -29
right_child=1 3 -4 -5 -6 25 7 -9 9 -11 -12 12 14 -15 -16 23 -18 19 -20 -21 -22 26 -24 -25 -26 -27 27 29 -30 -31
leaf_value=34335.224786931816 -8812.7927556818177 13827.54024188702 -26387.123106971158 27621.923828125 -11137.573121995192 -5415.7464013671861 5528.8123098273027 -15859.162646484376 18238.880387369787 -930.85269531250003 -7294.3480730329247 1421.768383789062 7809.6860375976539 12465.300071868898 6333.689098011364 -875.64691495028353 9002.351067243304 -1326.9413680366849 9091.9413373161769 -10685.904648437499 5036.2048152043271 1210.0035313197545 -456.45890213815795 597.51376464843759 -14377.170000000002 3249.089533025568 -17382.272382812494 -6700.1319254557302 -1229.2243088942309 940.9506428594176
leaf_weight=10.999999999999998 10.999999999999998 12.999999999999998 12.999999999999998 11.999999999999998 12.999999999999998 10.000000000000002 19 11.999999999999998 12.000000000000002 9.9999999999999982 13.999999999999998 11.000000000000002 10.000000000000002 9.9999999999999982 10.999999999999998 11.000000000000005 13.999999999999998 23 17 9.9999999999999982 12.999999999999998 28 19 9.9999999999999982 9.9999999999999982 10.999999999999998 10.000000000000002 14.999999999999998 12.999999999999998 46
leaf_count=11 11 13 13 12 13 10 19 12 12 10 14 11 10 10 11 11 14 23 17 10 13 28 19 10 10 11 10 15 13 46
internal_value=985.09 133.926 -780.358 5898.56 352.172 4745.31 146.907 -4164.08 764.723 9525.37 88.6837 104.674 453.757 6680.59 -49.1803 -331.154 298.033 -299.322 446.298 -4162.99 -508.091 -1019.27 2393.94 -4755.76 -7304.94 -877.023 -1903.04 -2940.72 -8252.29 -938.004
internal_weight=442 431 372 59 47 34 359 45 314 22 33 292 281 21 260 249 218 204 171 33 154 141 29 31 21 21 112 84 23 61
internal_count=442 431 372 59 47 34 359 45 314 22 33 292 281 21 260 249 218 204 171 33 154 141 29 31 21 21 112 84 23 61
is_linear=0
shrinkage=0.05


Tree=285
num_leaves=31
num_cat=0
split_feature=9 8 8 5 7 1 10 5 5 5 9 9 10 7 5 9 2 5 10 7 5 2 0 0 11 10 6 9 2 5
split_gain=1.75102e+12 1.64015e+12 8.99921e+12 6.70199e+12 1.42284e+12 9.22196e+11 1.25429e+12 1.34158e+12 4.11274e+11 8.66259e+11 8.36288e+11 4.55519e+11 5.47624e+11 4.08008e+11 3.35601e+11 3.38942e+11 3.27182e+11 3.24727e+11 3.336e+11 4.2875e+11 2.83611e+11 2.94544e+11 2.66608e+11 4.0623e+11 5.53049e+11 4.29414e+11 3.94563e+11 3.99029e+11 4.61018e+11 4.0178e+11
threshold=13420085.000000002 6500200.0000000009 6754300.0000000009 3280000.0000000005 14475500.000000002 1.5000000000000002 10617775.000000002 13798750.000000002 5838300.0000000009 5368200.0000000009 6248567.8571428582 11063742.142857144 9750914.2857142873 11343035.000000002 3960000.0000000005 6042880.0000000009 345.50000000000006 7323000.0000000009 7177298.92857143 5485500.0000000009 4150000.0000000005 199.50000000000003 5.5000000000000009 2.5000000000000004 7569239.0000000009 9670582.1428571437 4697500.0000000009 8852812.1428571437 117.50000000000001 6847850.0000000009
decision_type=2 2 2 2 2 2 2 2 2 2 2 2 2 2 2 2 2 2 2 2 2 2 2 2 2 2 2 2 2 2
left_child=1 3 -3 -1 5 -4 7 14 9 20 -10 12 13 17 -7 -16 22 -12 -19 -20 -5 -22 23 25 -25 26 -17 28 -28 -30
right_child=-2 2 4 8 -6 6 -8 -9 10 -11 11 -13 -14 -15 15 16 -18 18 19 -21 21 -23 -24 24 -26 -27 27 -29 29 -31
leaf_value=-43643.799062500002 -21599.9609375 44583.229345703126 -11642.212372504342 3479.8241621229386 16881.461853027344 -8699.8141796875007 -15463.327962239586 19029.708242187502 -15888.221716308595 12100.2136328125 -5413.6925870768237 -12214.063828124999 8160.041008649554 -11990.862908935547 -6417.2468733723963 -6234.2875177556816 -7253.4451562500008 7716.1922502790185 5967.7793719951924 -5306.6725713094083 -11002.906019176138 -982.28279030539784 -3376.3089072779608 1504.7733119419645 13277.996571751646 -8260.2765891335221 11599.478159179687 13173.4946484375 5264.1427536010742 -5489.6400596217109
leaf_weight=9.9999999999999982 9.9999999999999982 11.999999999999998 18 18 11.999999999999998 9.9999999999999982 11.999999999999998 9.9999999999999982 11.999999999999998 14.999999999999998 30 9.9999999999999982 13.999999999999998 9.9999999999999982 14.999999999999998 10.999999999999998 9.9999999999999982 13.999999999999998 12.999999999999998 24 10.999999999999998 22 19 21 19 10.999999999999998 9.9999999999999982 9.9999999999999982 15.999999999999998 19
leaf_count=10 10 12 18 18 12 10 12 10 12 15 30 10 14 10 15 11 10 14 13 24 11 22 19 21 19 11 10 10 16 19
internal_value=-912.194 -439.871 2403.86 -3731.87 134.119 -818.337 191.144 1229.01 -1663.9 1537.85 -3327.8 -2017.15 -1046.01 -2462.33 188.033 740.073 1475.41 -1285.96 1142.11 -1345.38 -1568.73 -4322.49 2117.24 3009.36 7097.05 885.879 2410.24 4139.14 2131.51 -573.625
internal_weight=448 438 235 203 223 211 193 181 193 66 127 115 105 91 171 161 146 81 51 37 51 33 136 117 40 77 66 55 45 35
internal_count=448 438 235 203 223 211 193 181 193 66 127 115 105 91 171 161 146 81 51 37 51 33 136 117 40 77 66 55 45 35
is_linear=0
shrinkage=0.05


Tree=286
num_leaves=31
num_cat=0
split_feature=9 8 5 5 7 4 5 5 9 9 10 7 7 7 9 7 9 5 10 7 9 5 7 5 6 7 7 6 7 11
split_gain=1.5803e+12 1.48023e+12 8.78494e+12 6.04855e+12 1.26446e+12 8.86442e+11 3.71175e+11 7.81798e+11 7.5475e+11 4.11106e+11 4.94231e+11 3.68227e+11 3.27016e+11 4.98182e+11 5.06462e+11 4.39766e+11 3.34495e+11 2.93066e+11 3.01074e+11 3.86947e+11 2.87105e+11 3.05962e+11 2.587e+11 2.55959e+11 2.39128e+11 2.13522e+11 5.05212e+11 3.03543e+11 2.40959e+11 2.03363e+11
threshold=13420085.000000002 6500200.0000000009 3744200.0000000005 3280000.0000000005 14475500.000000002 1.0000000180025095e-35 5838300.0000000009 5368200.0000000009 6248567.8571428582 11063742.142857144 9750914.2857142873 11343035.000000002 6457500.0000000009 12891300.000000002 6498422.8571428573 5898500.0000000009 9723144.2857142892 7323000.0000000009 7177298.92857143 5485500.0000000009 7904312.1428571437 5708800.0000000009 6847850.0000000009 4150000.0000000005 5559700.0000000009 8606400.0000000019 9523725.0000000019 8210075.0000000009 10727235.000000002 7665548.0000000009
decision_type=2 2 2 2 2 2 2 2 2 2 2 2 2 2 2 2 2 2 2 2 2 2 2 2 2 2 2 2 2 2
left_child=1 3 -3 -1 5 12 7 23 -8 10 11 17 15 14 -14 16 20 22 -19 -20 21 -4 -10 -5 -23 27 -27 -16 -28 -21
right_child=-2 2 4 6 -6 -7 8 -9 9 -11 -12 -13 13 -15 25 -17 -18 18 19 29 -22 24 -24 -25 -26 26 28 -29 -30 -31
leaf_value=-41461.608027343755 -20519.962841796878 48139.726953125006 4346.4490356445312 3305.8329616970486 16037.388411458334 -13295.753752253608 -15093.810750325523 11495.202864583334 -9203.2749942555129 -11603.360625000001 7752.0386579241067 -11391.319926757813 -4553.0035156250005 -7478.2938025841349 5136.4078672211754 -11171.331315104168 -9165.2661328125014 7330.3827427455362 5669.3904447115383 -8931.2218270438043 7614.3333984375004 1756.0298583984368 166.57186654897839 -4106.3659919507581 -7988.0964973000928 13359.426367187501 -2006.4155351911268 -3278.2287892061122 7446.9740985576927 404.49719482421875
leaf_weight=9.9999999999999982 9.9999999999999982 9.9999999999999982 15.999999999999998 18 11.999999999999998 12.999999999999998 11.999999999999998 14.999999999999998 17.000000000000004 9.9999999999999982 13.999999999999998 9.9999999999999982 19 12.999999999999998 29 11.999999999999998 9.9999999999999982 13.999999999999998 12.999999999999998 14.000000000000002 11.999999999999998 10.000000000000002 12.999999999999998 33 17 18 14.000000000000002 17 12.999999999999998 9.9999999999999982
leaf_count=10 10 10 16 18 12 13 12 15 17 10 14 10 19 13 29 12 10 14 13 14 12 10 13 33 17 18 14 17 13 10
internal_value=-866.584 -417.877 2283.67 -3545.28 245.621 -644.056 -1580.7 1460.95 -3161.41 -1916.29 -993.71 -2339.21 178.304 1777.98 2871.9 -2377.02 -753.459 -1221.67 1085.01 -1278.11 775.961 -1132.42 -5143.01 -1490.3 -4379.16 4422.16 6870.9 2026.65 2545.22 -5041.34
internal_weight=448 438 235 203 225 213 193 66 127 115 105 91 200 123 110 77 65 81 51 37 55 43 30 51 27 91 45 46 27 24
internal_count=448 438 235 203 225 213 193 66 127 115 105 91 200 123 110 77 65 81 51 37 55 43 30 51 27 91 45 46 27 24
is_linear=0
shrinkage=0.05


Tree=287
num_leaves=31
num_cat=0
split_feature=9 9 4 11 2 11 5 7 10 2 2 6 6 7 2 2 2 2 10 9 2 9 8 2 6 11 7 2 5 10
split_gain=1.42622e+12 1.49789e+12 2.53653e+12 6.72858e+12 4.1468e+12 8.00614e+12 2.55957e+12 3.17006e+11 2.9226e+11 1.69224e+11 3.73953e+11 1.45516e+11 3.1886e+11 2.98856e+11 2.15871e+11 3.83783e+11 4.08179e+11 2.16446e+11 1.95689e+11 2.48195e+11 3.80541e+11 3.48142e+11 3.56702e+11 2.19608e+11 3.08122e+11 3.93968e+11 2.87673e+11 2.82944e+11 2.59321e+11 2.29295e+11
threshold=13420085.000000002 12052012.142857144 1.0000000180025095e-35 8058263.0000000009 30.500000000000004 8058263.0000000009 3280000.0000000005 14475500.000000002 5764964.2857142864 354.50000000000006 342.50000000000006 8841850.0000000019 7740500.0000000009 7107500.0000000009 289.50000000000006 185.50000000000003 217.50000000000003 263.50000000000006 6339379.2857142864 6744300.0000000009 231.50000000000003 6624410.7142857155 6051000.0000000009 174.50000000000003 5130500.0000000009 7732189.5000000009 7137200.0000000009 259.50000000000006 9130800.0000000019 7866310.7142857155
decision_type=2 2 2 2 2 2 2 2 2 2 2 2 2 2 2 2 2 2 2 2 2 2 2 2 2 2 2 2 2 2
left_child=1 2 4 -4 5 -1 -6 8 -8 10 11 12 18 -14 15 -13 -17 -18 -10 20 21 22 -20 28 29 26 -26 -27 -21 -25
right_child=-2 -3 3 -5 6 -7 7 -9 9 -11 -12 14 13 -15 -16 16 17 -19 19 23 -22 -23 -24 24 25 27 -28 -29 -30 -31
leaf_value=-2588.4248804995887 -19493.964436035156 17820.5654296875 12889.984387207027 -42643.162044270837 -25186.29558771307 49578.464941406251 -8065.2497965494804 -7821.6370312500003 3471.5791022805606 5975.1709339488643 -9849.5318359375015 5286.3844972170318 -364.32388671874992 -10188.045520019532 6222.5761669921885 -10711.021457186613 3108.269694010417 -4714.6117379324778 8726.3619384765607 1635.8101431710375 -9908.2194274902358 -8288.0897460937504 -2677.4804809570314 1780.7539794921872 -3870.7564636230463 15697.533339843745 6142.7576322115383 4076.8032543529171 -8171.1658052884613 -8289.9399658203129
leaf_weight=19.000000000000004 9.9999999999999982 10.999999999999998 10.000000000000002 11.999999999999998 10.999999999999998 11.999999999999998 11.999999999999998 14.999999999999998 34 10.999999999999998 9.9999999999999982 26 15.000000000000002 15.999999999999998 20 10.999999999999998 24 13.999999999999998 12.000000000000002 14.000000000000002 15.999999999999998 10.999999999999998 15.999999999999998 13.000000000000002 16.000000000000004 10.000000000000002 12.999999999999998 10.999999999999998 12.999999999999998 9.9999999999999982
leaf_count=19 10 11 10 12 11 12 12 15 34 11 10 26 15 16 20 11 24 14 12 14 16 11 16 13 16 10 13 11 13 10
internal_value=-823.255 -396.983 -866.288 -17400.8 31.8845 17605.2 -1424.73 -704.681 -397.915 -124.082 -330.518 -28.3271 -734.515 -5434.63 1607.05 376.249 -2229.13 226.155 36.404 -717.118 -3414.98 -751.085 2209.88 766.705 2191.7 4394.88 618.06 9610.48 -3086.07 -2597.81
internal_weight=448 438 427 22 405 31 374 363 348 336 325 315 220 31 95 75 49 38 189 155 55 39 28 100 73 50 29 21 27 23
internal_count=448 438 427 22 405 31 374 363 348 336 325 315 220 31 95 75 49 38 189 155 55 39 28 100 73 50 29 21 27 23
is_linear=0
shrinkage=0.05


Tree=288
num_leaves=31
num_cat=0
split_feature=9 9 4 11 2 11 5 7 10 2 2 6 6 7 5 5 5 5 8 10 9 2 9 8 2 5 9 10 7 2
split_gain=1.28716e+12 1.35184e+12 2.28922e+12 6.07254e+12 3.74249e+12 7.22554e+12 2.31002e+12 2.86098e+11 2.63765e+11 1.52725e+11 3.37492e+11 1.31328e+11 2.87771e+11 2.69717e+11 2.07158e+11 1.97182e+11 3.0354e+11 2.93298e+11 4.44493e+11 1.76609e+11 2.23996e+11 3.43438e+11 3.14198e+11 3.21924e+11 1.98196e+11 2.94024e+11 2.45233e+11 1.53611e+11 1.52977e+11 1.87817e+11
threshold=13420085.000000002 12052012.142857144 1.0000000180025095e-35 8058263.0000000009 30.500000000000004 8058263.0000000009 3280000.0000000005 14475500.000000002 5764964.2857142864 354.50000000000006 342.50000000000006 8841850.0000000019 7740500.0000000009 7107500.0000000009 5072500.0000000009 7415750.0000000009 6575025.0000000009 8530000.0000000019 7401900.0000000009 6339379.2857142864 6744300.0000000009 231.50000000000003 6624410.7142857155 6051000.0000000009 174.50000000000003 10909000.000000002 7934364.2857142864 8244222.8571428573 6369800.0000000009 219.50000000000003
decision_type=2 2 2 2 2 2 2 2 2 2 2 2 2 2 2 2 2 2 2 2 2 2 2 2 2 2 2 2 2 2
left_child=1 2 4 -4 5 -1 -6 8 -8 10 11 12 19 -14 -13 16 27 -17 -19 -10 21 22 23 -21 26 28 -22 -16 29 -26
right_child=-2 -3 3 -5 6 -7 7 -9 9 -11 -12 14 13 -15 15 17 -18 18 -20 20 24 -23 -24 -25 25 -27 -28 -29 -30 -31
leaf_value=-2459.0036197060031 -18519.266171874999 16929.536727627841 12245.485017089841 -40511.004492187501 -23926.980255681818 47099.539595540366 -7661.9873616536461 -7430.5552083333332 3298.00011919807 5676.4124822443191 -9357.0554687500007 -4613.8531738281254 -346.10772786458324 -9678.6432098388668 5288.3078369140612 -5619.7722265625007 10525.171523437501 10221.397151692705 -2892.5813895089286 8290.0436197916642 1660.062324741908 -9412.8085357666023 -7873.6853604403414 -2543.6064453125 1671.4784973144529 9236.5354654947932 -7876.8076077974765 -2259.6161114032452 3058.3421058654785 -6419.5711125300486
leaf_weight=19.000000000000004 9.9999999999999982 10.999999999999998 10.000000000000002 11.999999999999998 10.999999999999998 11.999999999999998 11.999999999999998 14.999999999999998 34 10.999999999999998 9.9999999999999982 11.999999999999998 15.000000000000002 15.999999999999998 14.000000000000002 14.999999999999998 14.999999999999998 12.000000000000002 13.999999999999998 12.000000000000002 14.000000000000002 15.999999999999998 10.999999999999998 15.999999999999998 16.000000000000004 11.999999999999998 12.999999999999998 12.999999999999998 32 12.999999999999998
leaf_count=19 10 11 10 12 11 12 12 15 34 11 10 12 15 16 14 15 15 12 14 12 14 16 11 16 16 12 13 13 32 13
internal_value=-782.092 -377.134 -822.973 -16530.8 30.2902 16724.9 -1353.49 -669.447 -378.019 -117.878 -313.992 -26.9108 -697.789 -5162.9 1526.7 2414.49 4822.35 -52.0965 3160.02 34.5837 -681.262 -3244.23 -713.531 2099.39 728.37 2082.12 -2931.76 1654.12 674.691 -1955.54
internal_weight=448 438 427 22 405 31 374 363 348 336 325 315 220 31 95 83 42 41 26 189 155 55 39 28 100 73 27 27 61 29
internal_count=448 438 427 22 405 31 374 363 348 336 325 315 220 31 95 83 42 41 26 189 155 55 39 28 100 73 27 27 61 29
is_linear=0
shrinkage=0.05


Tree=289
num_leaves=31
num_cat=0
split_feature=7 2 5 5 2 10 2 10 7 2 10 2 8 7 10 0 7 2 11 7 2 10 5 11 5 5 11 8 5 2
split_gain=1.13225e+12 5.35736e+12 4.08872e+12 1.0059e+12 2.8554e+12 5.17737e+11 1.46258e+12 6.13459e+11 5.76896e+11 4.97475e+11 3.75827e+11 4.25196e+11 4.36002e+11 3.14174e+11 2.87146e+11 3.74895e+11 2.78399e+11 2.69661e+11 5.82438e+11 7.28495e+11 3.61628e+11 2.61197e+11 2.2847e+11 4.34646e+11 3.0942e+11 3.90019e+11 3.03511e+11 2.34895e+11 3.14678e+11 2.0554e+11
threshold=5838300.0000000009 42.500000000000007 3280000.0000000005 14341000.000000002 317.50000000000006 10617775.000000002 332.50000000000006 10116871.428571431 6457500.0000000009 342.50000000000006 9670582.1428571437 129.50000000000003 6145050.0000000009 6683535.0000000009 7927414.2857142864 3.5000000000000004 6021300.0000000009 123.50000000000001 7773976.3333333349 7995510.0000000009 177.50000000000003 7089067.8571428573 9306250.0000000019 9208617.5000000019 6975000.0000000009 7651000.0000000009 7671406.1666666679 4371750.0000000009 6431300.0000000009 219.50000000000003
decision_type=2 2 2 2 2 2 2 2 2 2 2 2 2 2 2 2 2 2 2 2 2 2 2 2 2 2 2 2 2 2
left_child=1 -1 -2 5 -5 7 -7 8 16 13 11 12 -3 -10 15 29 -4 18 19 -15 -19 -18 24 26 27 -26 -24 -22 -29 -13
right_child=2 10 3 4 -6 6 -8 -9 9 -11 -12 14 -14 17 -16 -17 21 20 -20 -21 22 -23 23 -25 25 -27 -28 28 -30 -31
leaf_value=-39756.477812500001 30872.073135653412 1426.1844628906247 -706.18045543323865 27963.59030539772 -8952.5769531250007 -20416.140657552081 3790.6904897836539 9521.1434309895831 8538.5104492187511 -9401.3047851562496 -10180.405094401043 4473.4026123046879 -12052.217178141276 -544.38165749942561 5993.1979687500007 -8463.7118314302897 -4676.8511657714835 -7602.5941155327691 -4637.2754661560057 13888.617078993057 7409.237635387075 -15842.072247869319 1151.0275601196286 -4588.3332031250002 -12437.205688476559 -663.94198644301468 12945.492138671876 -3678.8385227748327 6301.8446311257103 -1570.0779706169578
leaf_weight=9.9999999999999982 10.999999999999998 10.000000000000002 10.999999999999998 11.000000000000002 9.9999999999999982 12.000000000000002 12.999999999999998 14.999999999999998 11.999999999999998 12.999999999999998 11.999999999999998 24 14.999999999999998 17 20 12.999999999999998 10.000000000000002 18 15.999999999999998 18 10.999999999999998 10.999999999999998 10.000000000000002 10.999999999999998 12.000000000000002 17 11.999999999999998 28 10.999999999999998 34
leaf_count=10 11 10 11 11 10 12 13 15 12 13 12 24 15 17 20 13 10 18 16 18 11 11 10 11 12 17 12 28 11 34
internal_value=-742.988 -4510.41 934.122 -167.274 10384.5 -964.348 -7828.59 -286.063 -904.164 66.0589 -1756.81 -885.403 -6660.86 703.757 701.261 -789.426 -7149.98 184.326 3265.57 6878.3 -1024.47 -10525.3 32.7273 3526.8 -1426.82 -5535.64 7584.37 956.289 -863.774 930.673
internal_weight=448 138 310 299 21 278 25 253 238 206 128 116 25 193 91 71 32 181 51 35 130 21 112 33 79 29 22 50 39 58
internal_count=448 138 310 299 21 278 25 253 238 206 128 116 25 193 91 71 32 181 51 35 130 21 112 33 79 29 22 50 39 58
is_linear=0
shrinkage=0.05


Tree=290
num_leaves=31
num_cat=0
split_feature=8 5 0 2 1 2 2 5 6 6 8 2 2 11 2 7 2 11 5 5 2 8 1 11 8 5 8 5 7 5
split_gain=1.46903e+12 5.36458e+12 2.7175e+12 2.75569e+12 2.68099e+12 1.00998e+12 5.34772e+12 2.15437e+12 8.70536e+11 9.85687e+11 8.27697e+11 5.83953e+11 5.78569e+11 4.87281e+11 4.50697e+11 4.70277e+11 4.40495e+11 3.53251e+11 3.15491e+11 3.14878e+11 3.14629e+11 2.85392e+11 2.67583e+11 2.41277e+11 1.93937e+11 2.331e+11 3.4453e+11 4.21403e+11 1.89002e+11 1.70597e+11
threshold=5640500.0000000009 3432750.0000000005 5.5000000000000009 297.50000000000006 1.5000000000000002 316.50000000000006 306.50000000000006 12628500.000000002 7995510.0000000009 12001950.000000002 6609500.0000000009 75.500000000000014 12.500000000000002 8918186.0000000019 227.50000000000003 7297000.0000000009 293.50000000000006 7153149.0000000009 11504000.000000002 5285500.0000000009 159.50000000000003 6953135.0000000009 6.5000000000000009 7142707.3333333349 11810000.000000002 9306250.0000000019 8822475.0000000019 7137200.0000000009 6021300.0000000009 5321500.0000000009
decision_type=2 2 2 2 2 2 2 2 2 2 2 2 2 2 2 2 2 2 2 2 2 2 2 2 2 2 2 2 2 2
left_child=4 -2 5 10 -1 6 12 8 -7 -10 -4 -6 -3 14 17 29 -17 20 19 22 -13 23 -14 -21 25 26 -23 -28 -19 -16
right_child=1 2 3 -5 11 7 -8 -9 9 -11 -12 13 18 -15 15 16 -18 28 -20 21 -22 24 -24 -25 -26 -27 27 -29 -30 -31
leaf_value=-28306.683222656251 37037.187801846587 8910.5467982700902 17857.554887695307 36203.368125000001 10134.139355468751 8175.6822265625005 36621.040327148439 -27787.67755859375 -19180.734140624994 3019.3487890625001 380.14817795526415 -1212.9891276041662 -9128.6536389802623 5766.577368164063 2318.3551464843745 -20484.77196289062 -5985.2537282770336 -252.87612092391305 -7921.7968532986115 -10362.156777343747 10795.5441015625 1126.9590500775507 -621.4387125651042 -767.04050164473688 -2783.6135156250002 -2202.6014512803822 1981.6116299715904 15530.258430353801 -6662.8127696161682 -6112.6573958333338
leaf_weight=9.9999999999999982 10.999999999999998 13.999999999999998 10.000000000000002 9.9999999999999982 9.9999999999999982 13.999999999999998 9.9999999999999982 9.9999999999999982 10.000000000000002 9.9999999999999982 21 12.000000000000002 19 15.999999999999998 10.000000000000002 10.000000000000002 10.999999999999998 23 18 10.000000000000002 9.9999999999999982 34 18 19 20 18 11.000000000000002 11.999999999999998 23 14.999999999999998
leaf_count=10 11 14 10 10 10 14 10 10 10 10 21 12 19 16 10 10 11 23 18 10 10 34 18 19 20 18 11 12 23 15
internal_value=742.44 2768.12 1459.23 13380.3 -3295.42 -519.565 968.958 -7387.07 -1386.89 -8080.69 6018.02 -1508.9 -878.301 -2404.52 -3551.34 -7373.74 -12889.8 -965.607 -1643.91 -942.033 4245.44 265.831 -4990.01 -4075.7 1591.14 2757.74 4324.17 9050.47 -3457.84 -2740.25
internal_weight=449 299 288 41 150 247 203 44 34 20 31 140 193 130 114 46 21 68 179 161 22 124 37 29 95 75 57 23 46 25
internal_count=449 299 288 41 150 247 203 44 34 20 31 140 193 130 114 46 21 68 179 161 22 124 37 29 95 75 57 23 46 25
is_linear=0
shrinkage=0.05


Tree=291
num_leaves=31
num_cat=0
split_feature=9 1 9 8 5 5 8 5 10 10 11 1 9 9 9 8 7 7 9 6 7 8 6 11 0 11 5 10 7 1
split_gain=2.42941e+12 1.52913e+12 8.45812e+12 2.06482e+12 1.78764e+12 7.69868e+11 5.50916e+11 1.34196e+12 5.28025e+11 3.89905e+11 1.14487e+12 2.49506e+11 2.51085e+11 8.40256e+11 3.10319e+11 2.42095e+11 3.52638e+11 3.87717e+11 2.66575e+11 2.53108e+11 1.92357e+11 1.88304e+11 1.42201e+11 1.28336e+11 1.32566e+11 1.17627e+11 4.0114e+11 3.11124e+11 1.63087e+11 1.45998e+11
threshold=12052012.142857144 1.5000000000000002 8268489.2857142864 7234500.0000000009 3280000.0000000005 15311000.000000002 13391250.000000002 8901550.0000000019 5764964.2857142864 10893166.428571431 9832098.333333334 11.500000000000002 6202457.1428571437 6042880.0000000009 6377196.4285714291 7791050.0000000009 5898500.0000000009 5211500.0000000009 6656307.1428571437 5559700.0000000009 7017600.0000000009 9673050.0000000019 5873000.0000000009 7516777.1515151532 2.5000000000000004 7665548.0000000009 12335000.000000002 9643228.2142857164 9932500.0000000019 7.5000000000000009
decision_type=2 2 2 2 2 2 2 2 2 2 2 2 2 2 2 2 2 2 2 2 2 2 2 2 2 2 2 2 2 2
left_child=1 2 -1 -4 -3 6 8 -8 -6 10 11 12 13 22 -14 16 17 23 -17 -20 21 -21 -10 24 -16 28 27 29 -18 -27
right_child=-2 4 3 -5 5 -7 7 -9 9 -11 -12 -13 14 -15 15 18 25 -19 19 20 -22 -23 -24 -25 -26 26 -28 -29 -30 -31
leaf_value=48663.650869140627 18201.962787828947 -21799.730537109375 -23498.34495605468 6722.2721003605766 10834.251210937502 -12854.692057291668 -3535.9166128305283 20192.989364346591 2349.4262977013218 8904.7700390625014 -17776.706796875002 -7382.4376521183895 -7592.959492492676 15136.889415394178 -2249.049746093749 8455.4205866887023 -3162.6794034585359 8796.6275276692722 6544.2200683593755 -2860.0909912109364 -3924.2589301215285 6266.1465181790873 -5046.0118596003613 -3926.4323443244489 5705.1965820312507 1968.9627126840439 -9431.1861594460224 7695.7009615384613 -9753.256170099432 -5524.5701622596162
leaf_weight=9.9999999999999982 19 9.9999999999999982 10.000000000000002 12.999999999999998 9.9999999999999982 11.999999999999998 13.000000000000002 10.999999999999998 13.000000000000002 9.9999999999999982 9.9999999999999982 12.999999999999998 15.999999999999998 10.999999999999998 10.000000000000002 12.999999999999998 64 14.999999999999998 13.999999999999998 10.000000000000002 27 12.999999999999998 12.999999999999998 17 10.999999999999998 13.000000000000002 10.999999999999998 12.999999999999998 10.999999999999998 12.999999999999998
leaf_count=10 19 10 10 13 10 12 13 11 13 10 10 13 16 11 10 13 64 15 14 10 27 13 13 17 11 13 11 13 11 13
internal_value=705.318 -67.7898 10274 -6417.13 -927.436 -388.101 10.8304 7339.83 -490.298 -822.396 -1116.27 -597.251 -310.864 3552.71 -838.362 -414.545 -1427.82 1989.94 1927.84 601.923 -1061.92 2298.22 -1348.29 -696.913 1917.46 -2876.95 -998.437 1380.03 -4129.3 -1777.8
internal_weight=449 430 33 23 397 387 375 24 351 341 331 321 308 37 271 255 178 53 77 64 50 23 26 38 21 125 50 39 75 26
internal_count=449 430 33 23 397 387 375 24 351 341 331 321 308 37 271 255 178 53 77 64 50 23 26 38 21 125 50 39 75 26
is_linear=0
shrinkage=0.05


Tree=292
num_leaves=31
num_cat=0
split_feature=9 2 10 10 5 5 5 8 5 9 8 10 11 8 9 8 5 9 2 9 10 8 10 5 10 8 8 6 6 10
split_gain=2.19254e+12 1.40363e+12 4.59812e+12 7.93667e+12 3.01738e+12 1.55584e+12 7.806e+11 7.2218e+11 5.34919e+11 5.32121e+11 8.62412e+11 4.03486e+11 9.48563e+11 2.96184e+11 6.24017e+11 3.23776e+11 3.58108e+11 3.39742e+11 2.58795e+11 3.2302e+11 5.85769e+11 2.58381e+11 1.82682e+11 1.75352e+11 1.53805e+11 1.46241e+11 2.28734e+11 2.99645e+11 5.57491e+11 2.50272e+11
threshold=12052012.142857144 69.500000000000014 7727321.42857143 6653559.6428571437 5520450.0000000009 3280000.0000000005 15311000.000000002 13391250.000000002 8210075.0000000009 5884290.7142857155 5640500.0000000009 10893166.428571431 9832098.333333334 6953135.0000000009 6188313.5714285718 11810000.000000002 5559700.0000000009 6510105.0000000009 293.50000000000006 8229339.2857142864 9125650.0000000019 6168000.0000000009 7638436.538461539 8901550.0000000019 7089067.8571428573 2478550.0000000005 3904000.0000000005 11343035.000000002 8955000.0000000019 8253410.7142857155
decision_type=2 2 2 2 2 2 2 2 2 2 2 2 2 2 2 2 2 2 2 2 2 2 2 2 2 2 2 2 2 2
left_child=1 2 3 -1 -4 -3 7 9 -6 10 -7 12 13 14 -11 16 24 -18 19 23 -21 25 -23 -19 -15 -16 -27 28 29 -28
right_child=-2 5 4 -5 8 6 -8 -9 -10 11 -12 -13 -14 15 21 -17 17 18 -20 20 -22 22 -24 -25 -26 26 27 -29 -30 -31
leaf_value=-3460.3394531249996 17291.864350328946 -20709.743906250002 -27153.001796875 55338.135824307537 12697.65610656738 -3159.1204498291008 -13824.710777698865 9181.2513928865137 -786.61046977796059 -13643.81724650065 15797.098392232261 8459.5316992187491 -16887.8715625 -303.90802001953119 -4124.7209486219617 -6919.8150090144236 9569.8573211669918 2909.6497037020599 -4586.3849836077015 16687.216982421869 -33.17542613636364 -11780.630468749996 -2443.1061612215908 -4248.5018554687504 -7792.2219401041675 5495.9864074707039 -270.26138549804688 -7996.5048978365394 9157.0632917131697 -8786.2395596590923
leaf_weight=12.000000000000002 19 9.9999999999999982 9.9999999999999982 10.999999999999998 12.000000000000002 12.000000000000002 10.999999999999998 19 19 11.999999999999998 11.999999999999998 9.9999999999999982 9.9999999999999982 16.000000000000004 27 12.999999999999998 15.999999999999998 22 13.999999999999998 10.000000000000002 10.999999999999998 10.000000000000002 10.999999999999998 13.999999999999998 11.999999999999998 15.999999999999998 40 12.999999999999998 13.999999999999998 10.999999999999998
leaf_count=12 19 10 10 11 12 12 11 19 19 12 12 10 10 16 27 13 16 22 14 10 11 10 11 14 12 16 40 13 14 11
internal_value=670.052 -64.4003 6767.06 24660.7 -3270.82 -1258.97 -712.602 -294.535 4433.11 -846.805 6318.99 -1416.27 -1754.48 -1217.84 -2695.15 559.547 1405.04 2987.92 1504.66 3000.71 7928.92 -1769.91 -6889.55 125.924 -3513.19 -881.376 50.2236 -1066.86 319.074 -2107.04
internal_weight=449 430 64 23 41 366 356 345 31 326 24 302 292 282 154 128 115 87 71 57 21 142 21 36 28 121 94 78 65 51
internal_count=449 430 64 23 41 366 356 345 31 326 24 302 292 282 154 128 115 87 71 57 21 142 21 36 28 121 94 78 65 51
is_linear=0
shrinkage=0.05


Tree=293
num_leaves=31
num_cat=0
split_feature=9 1 9 8 5 5 8 5 10 10 11 2 9 9 9 8 7 7 9 8 7 7 7 6 11 5 10 7 2 11
split_gain=1.97877e+12 1.34247e+12 7.39261e+12 1.80796e+12 1.45146e+12 6.46962e+11 4.41876e+11 1.06428e+12 4.679e+11 3.17549e+11 9.32446e+11 2.11544e+11 2.02803e+11 7.62494e+11 2.71481e+11 2.06673e+11 3.05333e+11 3.3673e+11 2.91027e+11 2.5758e+11 2.29411e+11 1.73449e+11 1.61668e+11 1.26581e+11 1.14941e+11 3.58572e+11 2.77249e+11 1.48908e+11 1.3072e+11 1.1454e+11
threshold=12052012.142857144 1.5000000000000002 8268489.2857142864 7234500.0000000009 3280000.0000000005 15311000.000000002 13906500.000000002 8901550.0000000019 5764964.2857142864 10893166.428571431 9832098.333333334 345.50000000000006 6202457.1428571437 6042880.0000000009 6377196.4285714291 7791050.0000000009 5898500.0000000009 5211500.0000000009 6854957.1428571437 8769300.0000000019 6975000.0000000009 6975000.0000000009 5344000.0000000009 5873000.0000000009 7665548.0000000009 12335000.000000002 9643228.2142857164 9932500.0000000019 269.50000000000006 7516777.1515151532
decision_type=2 2 2 2 2 2 2 2 2 2 2 2 2 2 2 2 2 2 2 2 2 2 2 2 2 2 2 2 2 2
left_child=1 2 -1 -4 -3 6 8 -8 -6 10 11 12 13 23 -14 16 17 29 21 -20 22 -17 -21 -10 27 26 28 -18 -26 -16
right_child=-2 4 3 -5 5 -7 7 -9 9 -11 -12 -13 14 -15 15 18 24 -19 19 20 -22 -23 -24 -25 25 -27 -28 -29 -30 -31
leaf_value=45519.074414062503 16427.271833881579 -19674.256601562502 -21959.03254882812 6319.4479116586544 10228.640273437501 -11808.899918619793 -3700.3583185369312 18837.415185546877 1993.9439941406247 8036.5553710937502 -16043.477241210938 -7356.7810413707384 -7089.5250671386721 14209.052132901279 1822.5054734002979 2449.7962624289767 -2988.4111269950868 8199.9584667968757 7268.8558203124994 -1464.8671718052453 -4775.6682166466344 11548.272841796876 6858.9797326660164 -4983.5322976039015 1359.3746276855466 -8830.1922096946037 7362.2355093149035 -9285.980424360796 -5721.1759943181823 -3698.3505069508278
leaf_weight=9.9999999999999982 19 9.9999999999999982 10.000000000000002 12.999999999999998 9.9999999999999982 11.999999999999998 11.000000000000002 9.9999999999999982 13.000000000000002 9.9999999999999982 9.9999999999999982 10.999999999999998 15.999999999999998 10.999999999999998 21 11.000000000000002 64 14.999999999999998 9.9999999999999982 14.000000000000002 26 9.9999999999999982 9.9999999999999982 12.999999999999998 16.000000000000004 10.999999999999998 12.999999999999998 10.999999999999998 10.999999999999998 17
leaf_count=10 19 10 10 13 10 12 11 10 13 10 10 11 16 11 21 11 64 15 10 14 26 10 10 13 16 11 13 11 11 17
internal_value=636.549 -61.1803 9628.89 -5975.54 -866.652 -380.667 -14.9637 7031.91 -432.999 -742.93 -1005.79 -541.663 -302.154 3173.92 -768.149 -379.141 -1327.43 1856.6 1716.46 -56.6193 -1521.71 6782.4 2003.4 -1494.79 -2666.75 -835.412 1363.15 -3912.05 -1525.29 -647.351
internal_weight=449 430 33 23 397 387 375 21 354 344 334 324 313 37 276 260 179 53 81 60 50 21 24 26 126 51 40 75 27 38
internal_count=449 430 33 23 397 387 375 21 354 344 334 324 313 37 276 260 179 53 81 60 50 21 24 26 126 51 40 75 27 38
is_linear=0
shrinkage=0.05


Tree=294
num_leaves=31
num_cat=0
split_feature=9 1 9 8 5 0 8 6 2 5 11 2 10 9 9 5 11 6 9 10 2 5 9 9 1 6 5 9 8 0
split_gain=1.78584e+12 1.21158e+12 6.67183e+12 1.63168e+12 1.30995e+12 7.47664e+11 1.2681e+12 1.0625e+12 1.02574e+12 8.70994e+11 4.39907e+11 3.3757e+11 3.2662e+11 5.44117e+11 9.89946e+11 2.73413e+11 7.83246e+11 5.75993e+11 2.45777e+11 2.46664e+11 2.94263e+11 2.20429e+11 1.84946e+11 1.50174e+11 2.74078e+11 1.31981e+11 1.15425e+11 7.18136e+10 1.86411e+11 1.10867e+11
threshold=12052012.142857144 1.5000000000000002 8268489.2857142864 7234500.0000000009 3280000.0000000005 5.5000000000000009 5640500.0000000009 7545000.0000000009 333.50000000000006 9983000.0000000019 7671406.1666666679 209.50000000000003 5835603.5714285718 6202457.1428571437 5954128.5714285718 12335000.000000002 9909900.0000000019 7107500.0000000009 8852812.1428571437 9729565.0000000019 153.50000000000003 8955000.0000000019 6377196.4285714291 6510105.0000000009 6.5000000000000009 6145050.0000000009 8418000.0000000019 8291528.5714285728 9414250.0000000019 1.0000000180025095e-35
decision_type=2 2 2 2 2 2 2 2 2 2 2 2 2 2 2 2 2 2 2 2 2 2 2 2 2 2 2 2 2 2
left_child=1 2 -1 -4 -3 8 11 -8 12 -10 -9 -7 -6 14 -14 16 18 -17 21 20 -20 22 -15 24 -24 -23 27 28 29 -25
right_child=-2 4 3 -5 5 6 7 10 9 -11 -12 -13 13 15 -16 17 -18 -19 19 -21 -22 25 23 26 -26 -27 -28 -29 -30 -31
leaf_value=43243.121542968758 15605.908655427633 -18690.543671874999 -20861.081054687493 6003.4755258413461 -8900.8214133522724 1206.0768288352269 22770.119889322916 -2810.6464083584865 -3167.2414550781245 -21444.171731844817 10775.246200796275 -11486.943476562501 -27.254321870349699 -5940.9432174682624 19086.541235351564 -2329.1719308035713 -15077.947578125 13382.423789062501 -318.86592610677076 -2661.3423130580359 10185.827408854168 -2360.608905901227 7522.2818164062483 -6819.1543554687496 -3164.1246765136721 -9356.9573843149028 3858.9171431107957 -5346.3876215154478 5043.4313387784096 -1214.480427693685
leaf_weight=9.9999999999999982 19 9.9999999999999982 10.000000000000002 12.999999999999998 10.999999999999998 11.000000000000002 11.999999999999998 11.000000000000002 16.000000000000004 10.999999999999998 12.999999999999998 9.9999999999999982 21.000000000000004 15.999999999999998 9.9999999999999982 14.000000000000002 9.9999999999999982 9.9999999999999982 12.000000000000002 13.999999999999998 14.999999999999998 14.000000000000002 15.000000000000002 9.9999999999999982 9.9999999999999982 12.999999999999998 10.999999999999998 10.999999999999998 10.999999999999998 75
leaf_count=10 19 10 10 13 11 11 12 11 16 11 13 10 21 16 10 14 10 10 12 14 15 14 15 10 10 13 11 11 11 75
internal_value=604.722 -58.1212 9147.44 -5676.77 -823.319 -361.634 4926.31 10622.3 -1275.01 -10613.4 4548.38 -4838.22 -442.873 -124.251 6138.49 -868.102 -1383.08 4217.33 -779.784 2724.44 5517.07 -1552.22 -842.919 -272.511 3247.72 -5729.22 -1018.32 -1519.72 -1081.25 -1873.85
internal_weight=449 430 33 23 397 387 57 36 330 27 24 21 303 292 31 261 237 24 227 41 27 186 159 143 25 27 118 107 96 85
internal_count=449 430 33 23 397 387 57 36 330 27 24 21 303 292 31 261 237 24 227 41 27 186 159 143 25 27 118 107 96 85
is_linear=0
shrinkage=0.05


Tree=295
num_leaves=31
num_cat=0
split_feature=4 5 7 11 11 11 5 10 6 10 10 2 2 11 6 5 10 6 6 2 10 5 0 7 8 6 0 10 2 10
split_gain=6.40913e+12 5.46462e+12 6.26455e+11 1.02985e+12 1.01391e+12 4.49592e+11 4.5668e+11 1.69334e+12 5.73256e+11 3.58532e+11 4.22292e+11 4.18043e+11 7.98104e+11 5.76941e+11 4.6752e+11 4.23913e+11 4.03423e+11 3.2479e+11 2.83648e+11 1.99623e+11 1.9395e+11 1.93154e+11 1.72752e+11 1.71863e+11 1.71691e+11 1.5734e+11 1.70078e+11 1.30433e+11 3.80097e+11 1.30228e+11
threshold=1.0000000180025095e-35 3280000.0000000005 14825500.000000002 8833590.0000000019 12118610.833333336 11691915.66666667 11504000.000000002 10030665.000000002 15311000.000000002 8267596.0714285718 8450095.0000000019 93.500000000000014 180.50000000000003 6674366.5000000009 8868300.0000000019 6021300.0000000009 6375039.2857142864 6108500.0000000009 8280800.0000000009 225.50000000000003 10116871.428571431 8280800.0000000009 3.5000000000000004 6953135.0000000009 7651000.0000000009 5072500.0000000009 1.5000000000000002 7866310.7142857155 48.500000000000007 6319873.92857143
decision_type=2 2 2 2 2 2 2 2 2 2 2 2 2 2 2 2 2 2 2 2 2 2 2 2 2 2 2 2 2 2
left_child=1 -1 4 -4 5 6 8 17 9 11 -11 27 13 -13 24 19 -17 -8 21 -14 25 -18 29 -23 -15 -12 -27 28 -3 -21
right_child=-2 2 3 -5 -6 -7 7 -9 -10 10 20 12 15 14 -16 16 18 -19 -20 22 -22 23 -24 -25 -26 26 -28 -29 -30 -31
leaf_value=35247.839666193184 -29219.218333675988 -15633.616044921877 -3183.6830566406243 19508.260644531252 -16626.544003906249 9964.4475781250003 -6722.2808268229173 -23646.905913085939 11080.564169034093 10175.550272042412 4959.1097656250004 15879.427539062501 4667.9844667053221 -4776.4294661458325 11398.643208007814 -13871.021082652698 -4547.2591351052988 3589.359272693453 -9155.8583251953132 -424.49378896077462 6777.3493075284096 -2658.8355859374992 2686.5024690515856 6397.9540349786939 3681.5885693359378 -6560.072896634616 112.13689380221898 -1582.4197040264426 -3957.1857952615487 -7129.6995849609375
leaf_weight=10.999999999999998 19 9.9999999999999982 10.000000000000002 9.9999999999999982 9.9999999999999982 9.9999999999999982 11.999999999999998 9.9999999999999982 10.999999999999998 13.999999999999998 10.999999999999998 9.9999999999999982 20 15.000000000000002 9.9999999999999982 10.999999999999998 23 21 15.999999999999998 15.000000000000002 10.999999999999998 10.000000000000002 17 10.999999999999998 9.9999999999999982 12.999999999999998 36 12.999999999999998 23 13.999999999999998
leaf_count=11 19 10 10 10 10 10 12 10 11 14 11 10 20 15 10 11 23 21 16 15 11 10 17 11 10 13 36 13 23 14
internal_value=-817.784 473.19 -466.665 8162.29 -912.606 -495.79 -780.81 -5622.32 -138.264 -532.536 2239 -1565.78 -489.426 5287.78 2261.6 -2387.05 -5068.63 -160.328 -3454.86 497.682 674.043 -1381.77 -1315.49 2085.2 -1393.22 -444.897 -1658.04 -5824.41 -7495.5 -3661.49
internal_weight=437 418 407 20 387 377 367 43 324 313 85 228 182 45 35 137 71 33 60 66 71 44 46 21 25 60 49 46 33 29
internal_count=437 418 407 20 387 377 367 43 324 313 85 228 182 45 35 137 71 33 60 66 71 44 46 21 25 60 49 46 33 29
is_linear=0
shrinkage=0.05


Tree=296
num_leaves=31
num_cat=0
split_feature=4 1 6 9 5 10 10 5 10 8 5 6 9 11 2 6 2 9 9 2 5 6 6 3 6 5 9 6 0 10
split_gain=5.78424e+12 5.27406e+12 9.09572e+12 8.34876e+11 8.82395e+11 6.64908e+11 2.86868e+11 1.84075e+11 1.40269e+11 3.31728e+11 2.02042e+11 1.87914e+11 2.78834e+11 1.6901e+11 1.62463e+11 2.49238e+11 2.11362e+11 3.50035e+11 4.16401e+11 3.05285e+11 2.17273e+11 2.25691e+11 1.99565e+11 3.24031e+11 1.80049e+11 1.4388e+11 1.12245e+11 8.89503e+10 6.88762e+10 8.07328e+10
threshold=1.0000000180025095e-35 1.5000000000000002 8806175.0000000019 13420085.000000002 3280000.0000000005 11034035.35714286 5835603.5714285718 13294200.000000002 6694463.92857143 4202500.0000000009 4613000.0000000009 6108500.0000000009 6452928.5714285718 6832008.5000000009 339.50000000000006 14885500.000000002 325.50000000000006 9436694.2857142892 10420605.000000002 281.50000000000006 7415750.0000000009 9484500.0000000019 7383700.0000000009 1.0000000180025095e-35 8210075.0000000009 4697500.0000000009 7050497.8571428573 5457485.0000000009 1.5000000000000002 7147065.7142857155
decision_type=2 2 2 2 2 2 2 2 2 2 2 2 2 2 2 2 2 2 2 2 2 2 2 2 2 2 2 2 2 2
left_child=1 2 -1 4 -3 6 -6 8 9 -8 -11 12 -12 -10 15 16 17 19 -19 20 21 24 26 -24 25 -15 -22 -28 -27 -30
right_child=-2 3 -4 -5 5 -7 7 -9 13 10 11 -13 -14 14 -16 -17 -18 18 -20 -21 22 -23 23 -25 -26 28 27 -29 29 -31
leaf_value=-1907.3140169270828 -27758.256363075659 -15214.368671875 59654.717636718757 -13952.442138671875 7292.5713423295456 8947.8709498355274 5929.7032763671878 -5693.4536595394748 4752.6483096852025 1446.4590122767859 -14993.970639648433 -2740.8003754714441 -3457.9388154463336 4715.3873331705727 4148.4013276841906 -8504.5435253906253 -7159.2852317116476 10100.753257123162 -811.11095648871526 7412.7631054687508 -5795.3636523437499 4842.6837222450658 -12360.419782366071 -1602.8444684709821 -6882.5831542968754 1336.5485909598215 -2171.1857788085931 3837.1386735395954 312.32693536931811 -5252.100456237793
leaf_weight=15.000000000000002 19 9.9999999999999982 9.9999999999999982 11.999999999999998 10.999999999999998 19 9.9999999999999982 19 17 13.999999999999998 10.000000000000002 29 10.999999999999998 11.999999999999998 18 9.9999999999999982 10.999999999999998 17 18 9.9999999999999982 9.9999999999999982 19 14 14 11.999999999999998 13.999999999999998 14.000000000000002 10.999999999999998 11.000000000000002 15.999999999999998
leaf_count=15 19 10 10 12 11 19 10 19 17 14 10 29 11 12 18 10 11 17 18 10 10 19 14 14 12 14 14 11 11 16
internal_value=-776.895 449.531 22717.5 -967.006 -558.016 -162.966 -654.745 -911.11 -628.922 -2539.36 -3862.65 -5349.2 -8951.29 -58.8709 -412.965 -798.433 -418.822 -32.6493 4488.94 -1040.65 -1615.71 49.0275 -3835.36 -6981.63 -1352.2 -100.032 -1318.33 472.477 -1509.42 -2985.11
internal_weight=437 418 25 393 381 371 352 341 322 74 64 50 21 248 231 213 203 192 35 157 147 84 63 28 65 53 35 25 41 27
internal_count=437 418 25 393 381 371 352 341 322 74 64 50 21 248 231 213 203 192 35 157 147 84 63 28 65 53 35 25 41 27
is_linear=0
shrinkage=0.05


Tree=297
num_leaves=31
num_cat=0
split_feature=4 5 9 11 10 10 5 5 5 8 6 9 8 6 11 9 11 2 8 5 7 8 8 11 2 0 11 6 11 9
split_gain=5.22028e+12 5.06494e+12 8.07419e+11 7.48488e+11 2.55423e+11 2.31459e+11 3.03922e+11 3.0437e+11 2.24537e+11 2.08462e+11 5.66539e+11 1.94707e+11 3.96038e+11 3.16463e+11 2.2149e+11 1.84574e+11 3.17862e+11 1.52658e+11 1.4554e+11 3.10853e+11 1.98489e+11 1.39373e+11 1.35531e+11 3.07983e+11 1.43365e+11 1.25049e+11 1.10292e+11 1.04437e+11 1.04258e+11 1.69849e+11
threshold=1.0000000180025095e-35 3280000.0000000005 13420085.000000002 11691915.66666667 5835603.5714285718 6694463.92857143 5100500.0000000009 7415750.0000000009 6196000.0000000009 13906500.000000002 14885500.000000002 7972730.9523809534 10727235.000000002 13026200.000000002 6832008.5000000009 8568614.2857142892 7665548.0000000009 185.50000000000003 8288800.0000000009 9954500.0000000019 7596300.0000000009 6051000.0000000009 4150000.0000000005 7387282.5434782617 75.500000000000014 1.0000000180025095e-35 8611004.333333334 6196000.0000000009 7211026.3333333349 6674392.1428571437
decision_type=2 2 2 2 2 2 2 2 2 2 2 2 2 2 2 2 2 2 2 2 2 2 2 2 2 2 2 2 2 2
left_child=1 -1 3 4 -3 6 21 8 27 10 11 14 13 15 -7 17 -17 -13 19 20 -18 -6 23 -16 -24 -26 28 -8 -27 -30
right_child=-2 2 -4 -5 5 9 7 -9 -10 -11 -12 12 -14 -15 22 16 18 -19 -20 -21 -22 -23 24 -25 25 26 -28 -29 29 -31
leaf_value=33905.849999999999 -26370.344366776317 6927.9430397727283 -13254.820247395835 9592.7416940789481 5203.9984924316395 4819.4087890625005 -8599.030728454587 -367.09712171052638 -13426.726953125 5792.206147112166 -10261.267986188617 10294.295410156246 -5713.7765991210945 11196.888763427734 -11917.121171874996 -6550.5866023137023 -5201.5073535156234 2205.7371425083707 -1810.2812225341797 9147.5773956298835 4531.5948996803982 -2416.5142374674483 -5661.9246372767857 -973.12649909125435 -4222.044165039063 -1343.7712713068183 -4219.4395507812505 -1372.8036474609376 -2391.709195223722 4871.6228336588547
leaf_weight=10.999999999999998 19 10.999999999999998 11.999999999999998 19 12.000000000000002 13.999999999999998 10.000000000000002 19 12.999999999999998 13.999999999999998 13.999999999999998 10.000000000000002 15.999999999999998 9.9999999999999982 10.000000000000002 12.999999999999998 10.000000000000002 13.999999999999998 15.999999999999998 15.999999999999998 10.999999999999998 11.999999999999998 13.999999999999998 18 15.999999999999998 22 9.9999999999999982 9.9999999999999982 10.999999999999998 30
leaf_count=11 19 11 12 19 12 14 10 19 13 14 14 10 16 10 10 13 10 14 16 16 11 12 14 18 16 22 10 10 11 30
internal_value=-738.05 427.054 -477.778 -89.6147 -578.883 -805.116 -3260.41 -5408.47 -8311.08 -159.434 -462.427 63.1817 1590.03 2758.64 -1158.3 1821.05 455.63 5575.97 2174.14 3897.13 -103.216 1393.74 -1797.13 -4881.7 -958.613 -218.766 658.665 -4985.92 1432.97 2922.92
internal_weight=437 418 407 395 376 365 76 52 33 289 275 261 116 100 145 90 66 24 53 37 21 24 131 28 103 89 73 20 63 41
internal_count=437 418 407 395 376 365 76 52 33 289 275 261 116 100 145 90 66 24 53 37 21 24 131 28 103 89 73 20 63 41
is_linear=0
shrinkage=0.05


Tree=298
num_leaves=31
num_cat=0
split_feature=4 1 6 5 9 7 5 9 10 2 6 7 7 9 5 5 2 10 8 2 10 2 6 7 8 5 7 6 6 6
split_gain=4.7113e+12 4.6894e+12 8.10249e+12 9.50653e+11 7.20642e+11 6.52572e+11 4.46997e+11 4.97404e+11 2.07356e+11 2.1181e+11 2.55777e+11 2.27853e+11 3.83315e+11 3.06985e+11 3.10225e+11 2.28176e+11 1.83676e+11 1.95298e+11 1.70901e+11 1.47313e+11 1.46988e+11 6.0266e+11 1.83911e+11 1.44835e+11 1.43055e+11 7.6775e+10 1.56968e+11 1.16364e+11 1.12585e+11 7.705e+10
threshold=1.0000000180025095e-35 1.5000000000000002 8806175.0000000019 3280000.0000000005 13420085.000000002 14825500.000000002 13294200.000000002 9498485.7142857164 5835603.5714285718 339.50000000000006 14885500.000000002 9358585.0000000019 8886050.0000000019 8731217.8571428601 5321500.0000000009 9954500.0000000019 253.50000000000003 6375039.2857142864 6975000.0000000009 81.500000000000014 8080631.0714285718 263.50000000000006 7039250.0000000009 8229575.0000000009 4905425.0000000009 7137200.0000000009 6754300.0000000009 7415750.0000000009 5211500.0000000009 7254200.0000000009
decision_type=2 2 2 2 2 2 2 2 2 2 2 2 2 2 2 2 2 2 2 2 2 2 2 2 2 2 2 2 2 2
left_child=1 2 -1 -3 5 6 8 -8 -5 10 11 12 13 14 24 18 19 -18 -15 -16 22 -22 -13 -11 -10 26 29 28 -27 -21
right_child=-2 3 -4 4 -6 -7 7 -9 9 23 -12 20 -14 15 16 -17 17 -19 -20 25 21 -23 -24 -25 -26 27 -28 -29 -30 -31
leaf_value=-1838.3063761393223 -25051.825616776317 -16148.94263671875 56265.367915039067 6581.5457741477285 -12592.078678385418 9143.8284532335074 380.10420898437491 -15027.601882102274 6444.5084856305803 424.34122187296538 -8617.9779418945309 -1953.8779750279014 8272.2435510907872 -4153.4158593749989 -5713.6958719889326 8870.9463378906257 -11815.511464843747 -2354.4572443644206 4404.8170549665183 -2792.2299475097648 5069.269289679276 -7889.2760404698993 -10212.74483173077 8367.3374644886371 488.00520994398335 -503.54470358455887 -5947.7361371208644 -3491.2159790039063 5439.5841243489585 3150.3773193359375
leaf_weight=15.000000000000002 19 9.9999999999999982 9.9999999999999982 10.999999999999998 11.999999999999998 18 10.000000000000002 10.999999999999998 13.999999999999998 12.000000000000002 9.9999999999999982 14.000000000000002 13.999999999999998 10.000000000000002 18 13.999999999999998 10.000000000000002 11.999999999999998 13.999999999999998 10.000000000000002 19 17 12.999999999999998 10.999999999999998 36 17 17 11.999999999999998 14.999999999999998 11.999999999999998
leaf_count=15 19 10 10 11 12 18 10 11 14 12 10 14 14 10 18 14 10 12 14 10 19 17 13 11 36 17 17 12 15 12
internal_value=-701.147 405.702 21403.2 -930.015 -532.654 -142.591 -616.12 -7690.6 -168.638 -399.953 -756.77 -483.812 260.372 -271.221 -1165.05 3798.07 -2515 -6654.94 838.887 -1613.24 -3141.61 -1050.04 -5930.37 4223.17 2155.83 -723.98 -2339.21 707.703 2282.3 449.192
internal_weight=437 418 25 393 383 371 353 21 332 321 298 288 225 211 173 38 123 22 24 101 63 36 27 23 50 83 39 44 32 22
internal_count=437 418 25 393 383 371 353 21 332 321 298 288 225 211 173 38 123 22 24 101 63 36 27 23 50 83 39 44 32 22
is_linear=0
shrinkage=0.05


Tree=299
num_leaves=31
num_cat=0
split_feature=4 5 9 5 5 11 9 7 9 11 9 2 2 9 7 7 0 7 6 6 9 8 6 9 9 7 9 7 0 5
split_gain=4.25195e+12 4.71555e+12 6.51225e+11 6.90711e+11 2.46334e+11 4.86669e+11 2.45272e+11 5.72792e+11 3.31101e+11 1.66979e+11 2.5787e+11 3.99498e+11 2.37531e+11 4.63914e+11 3.27186e+11 3.95027e+11 3.70178e+11 2.50371e+11 2.46035e+11 2.03113e+11 1.72314e+11 1.65852e+11 2.06923e+11 1.82116e+11 1.66895e+11 1.98223e+11 1.61865e+11 1.15773e+11 1.03083e+11 9.76111e+10
threshold=1.0000000180025095e-35 3280000.0000000005 13420085.000000002 15311000.000000002 13294200.000000002 11691915.66666667 5884290.7142857155 7039250.0000000009 6188313.5714285718 10018076.66666667 7972730.9523809534 42.500000000000007 185.50000000000003 8731217.8571428601 10125000.000000002 5368200.0000000009 1.5000000000000002 7596300.0000000009 10752235.000000002 10330575.000000002 7804964.2857142864 8403800.0000000019 8841850.0000000019 6744300.0000000009 6674392.1428571437 7693150.0000000009 6911775.0000000009 8907300.0000000019 3.5000000000000004 5211500.0000000009
decision_type=2 2 2 2 2 2 2 2 2 2 2 2 2 2 2 2 2 2 2 2 2 2 2 2 2 2 2 2 2 2
left_child=1 -1 3 4 5 6 7 -3 -8 10 11 -10 13 -12 15 -14 -17 -18 -16 20 21 23 28 24 25 -13 -25 29 -23 -28
right_child=-2 2 -4 -5 -6 -7 8 -9 9 -11 12 19 14 -15 18 16 17 -19 -20 -21 -22 22 -24 26 -26 -27 27 -29 -30 -31
leaf_value=32688.849893465915 -23799.234128289478 10028.156213378905 -11962.475032552084 12214.419442471592 -6566.3065917968752 8914.3897181919656 -7983.1370483398441 -4793.4085915305395 -11195.244306640627 -6154.7524639423082 11251.137643432618 562.92830141129036 -5909.3234497070316 -304.29455694901316 67.62758789062498 11366.050830078126 -4286.6446004231757 5402.9993733723968 -11023.690114746096 -6950.3568772536064 -6828.3355078124996 2648.3558617001486 8930.2375000000011 5841.3280761718752 -8575.9515414151283 -6438.7075651041669 4775.9253589976925 -5235.8402880859376 -3519.5220544433596 -842.79465613731975
leaf_weight=10.999999999999998 19 16.000000000000004 11.999999999999998 10.999999999999998 15.999999999999998 13.999999999999998 15.999999999999998 10.999999999999998 9.9999999999999982 12.999999999999998 15.999999999999998 31 11.999999999999998 19 10.000000000000002 12.999999999999998 12.000000000000002 14.999999999999998 9.9999999999999982 12.999999999999998 9.9999999999999982 21.000000000000004 9.9999999999999982 12.999999999999998 10.999999999999998 14.999999999999998 10.999999999999998 9.9999999999999982 9.9999999999999982 26
leaf_count=11 19 16 12 11 16 14 16 11 10 13 16 31 12 19 10 13 12 15 10 13 10 21 10 13 11 15 11 10 10 26
internal_value=-666.09 385.417 -487.649 -139.047 -492.922 -228.862 -590.46 3989.74 -968.641 -607.767 -365.784 -1466.66 1599.33 4978.19 -43.1749 2047.15 4434.1 1096.49 -5478.03 -929.167 -463.242 -60.3879 2676.16 -1019.35 -3043.25 -1720.21 903.356 -462.466 658.718 827.636
internal_weight=437 418 407 395 384 368 354 27 327 311 298 191 107 35 72 52 40 27 20 181 168 158 41 117 57 46 60 47 31 37
internal_count=437 418 407 395 384 368 354 27 327 311 298 191 107 35 72 52 40 27 20 181 168 158 41 117 57 46 60 47 31 37
is_linear=0
shrinkage=0.05


end of trees

feature_importances:
Column_5=1514
Column_6=1025
Column_7=1007
Column_11=1003
Column_9=939
Column_8=936
Column_10=882
Column_2=875
Column_0=390
Column_1=257
Column_4=152
Column_3=19

parameters:
[boosting: gbdt]
[objective: regression]
[metric: l1]
[tree_learner: serial]
[device_type: cpu]
[data_sample_strategy: bagging]
[data: ]
[valid: ]
[num_iterations: 300]
[learning_rate: 0.05]
[num_leaves: 31]
[num_threads: 0]
[seed: 0]
[deterministic: 0]
[force_col_wise: 0]
[force_row_wise: 0]
[histogram_pool_size: -1]
[max_depth: -1]
[min_data_in_leaf: 10]
[min_sum_hessian_in_leaf: 0.001]
[bagging_fraction: 0.8]
[pos_bagging_fraction: 1]
[neg_bagging_fraction: 1]
[bagging_freq: 5]
[bagging_seed: 3]
[bagging_by_query: 0]
[feature_fraction: 0.9]
[feature_fraction_bynode: 1]
[feature_fraction_seed: 2]
[extra_trees: 0]
[extra_seed: 6]
[early_stopping_round: 0]
[early_stopping_min_delta: 0]
[first_metric_only: 0]
[max_delta_step: 0]
[lambda_l1: 0]
[lambda_l2: 0]
[linear_lambda: 0]
[min_gain_to_split: 0]
[drop_rate: 0.1]
[max_drop: 50]
[skip_drop: 0.5]
[xgboost_dart_mode: 0]
[uniform_drop: 0]
[drop_seed: 4]
[top_rate: 0.2]
[other_rate: 0.1]
[min_data_per_group: 100]
[max_cat_threshold: 32]
[cat_l2: 10]
[cat_smooth: 10]
[max_cat_to_onehot: 4]
[top_k: 20]
[monotone_constraints: ]
[monotone_constraints_method: basic]
[monotone_penalty: 0]
[feature_contri: ]
[forcedsplits_filename: ]
[refit_decay_rate: 0.9]
[cegb_tradeoff: 1]
[cegb_penalty_split: 0]
[cegb_penalty_feature_lazy: ]
[cegb_penalty_feature_coupled: ]
[path_smooth: 0]
[interaction_constraints: ]
[verbosity: -1]
[saved_feature_importance_type: 0]
[use_quantized_grad: 0]
[num_grad_quant_bins: 4]
[quant_train_renew_leaf: 0]
[stochastic_rounding: 1]
[linear_tree: 0]
[max_bin: 255]
[max_bin_by_feature: ]
[min_data_in_bin: 3]
[bin_construct_sample_cnt: 200000]
[data_random_seed: 1]
[is_enable_sparse: 1]
[enable_bundle: 1]
[use_missing: 1]
[zero_as_missing: 0]
[feature_pre_filter: 1]
[pre_partition: 0]
[two_round: 0]
[header: 0]
[label_column: ]
[weight_column: ]
[group_column: ]
[ignore_column: ]
[categorical_feature: ]
[forcedbins_filename: ]
[precise_float_parser: 0]
[parser_config_file: ]
[objective_seed: 5]
[num_class: 1]
[is_unbalance: 0]
[scale_pos_weight: 1]
[sigmoid: 1]
[boost_from_average: 1]
[reg_sqrt: 0]
[alpha: 0.9]
[fair_c: 1]
[poisson_max_delta_step: 0.7]
[tweedie_variance_power: 1.5]
[lambdarank_truncation_level: 30]
[lambdarank_norm: 1]
[label_gain: ]
[lambdarank_position_bias_regularization: 0]
[eval_at: ]
[multi_error_top_k: 1]
[auc_mu_weights: ]
[num_machines: 1]
[local_listen_port: 12400]
[time_out: 120]
[machine_list_filename: ]
[machines: ]
[gpu_platform_id: -1]
[gpu_device_id: -1]
[gpu_use_dp: 0]
[num_gpu: 1]

end of parameters

pandas_categorical:null
